order_id,order_date,customer_id,region,state,segment,category,product,sales_channel,payment_method,quantity,unit_price,discount,gross_sales,discount_amount,sales,cost,profit,profit_margin,shipping_cost,delivery_days,customer_rating
ORD00001,2025-01-31,CUST0382,North,Uttar Pradesh,Small Business,Home Appliances,Blender,Store,UPI,8,1413.04,0.0,11304.32,0.0,11304.32,6407.11,4897.21,0.4332,48.19,6,4.2
ORD00002,2025-12-30,CUST0417,Central,Madhya Pradesh,Corporate,Home Appliances,Coffee Maker,Store,Credit Card,5,978.53,0.1,4892.65,489.26,4403.38,3440.63,962.75,0.2186,107.06,6,4.0
ORD00003,2024-05-10,CUST0300,North,Uttar Pradesh,Small Business,Furniture,Bookshelf,Online,Credit Card,5,1337.01,0.1,6685.05,668.51,6016.54,3330.51,2686.03,0.4464,266.98,2,4.4
ORD00004,2025-07-18,CUST0237,South,Telangana,Consumer,Furniture,Cabinet,Store,Net Banking,1,1181.96,0.0,1181.96,0.0,1181.96,949.84,232.12,0.1964,162.95,2,3.8
ORD00005,2025-02-04,CUST0153,East,Bihar,Small Business,Electronics,Laptop,Online,UPI,10,56.58,0.1,565.8,56.58,509.22,398.71,110.51,0.217,251.03,1,3.0
ORD00006,2024-12-31,CUST0291,Central,Chhattisgarh,Consumer,Office Supplies,Stapler,Online,UPI,8,112.18,0.0,897.44,0.0,897.44,675.96,221.48,0.2468,22.14,9,4.4
ORD00007,2024-11-10,CUST0419,North,Haryana,Corporate,Clothing,Shoes,Online,Credit Card,7,795.73,0.05,5570.11,278.51,5291.6,4314.19,977.42,0.1847,206.52,1,4.0
ORD00008,2022-05-02,CUST0577,North,Haryana,Consumer,Home Appliances,Vacuum Cleaner,Partner,Net Banking,1,207.48,0.15,207.48,31.12,176.36,99.56,76.8,0.4355,103.98,6,3.6
ORD00009,2023-04-12,CUST0427,North,Uttar Pradesh,Corporate,Home Appliances,Vacuum Cleaner,Store,Net Banking,4,699.64,0.0,2798.56,0.0,2798.56,2024.01,774.55,0.2768,261.02,9,4.1
ORD00010,2025-05-23,CUST0452,North,Uttar Pradesh,Corporate,Electronics,Tablet,Online,UPI,4,1432.63,0.1,5730.52,573.05,5157.47,4019.27,1138.19,0.2207,284.33,6,4.1
ORD00011,2022-11-27,CUST0762,South,Tamil Nadu,Consumer,Home Appliances,Vacuum Cleaner,Online,Cash,9,452.71,0.2,4074.39,814.88,3259.51,1904.16,1355.35,0.4158,212.53,6,4.3
ORD00012,2022-03-29,CUST0190,West,Goa,Consumer,Office Supplies,File Folder,Online,Net Banking,10,741.04,0.0,7410.4,0.0,7410.4,5245.74,2164.66,0.2921,60.9,4,4.2
ORD00013,2025-10-28,CUST0159,South,Andhra Pradesh,Corporate,Electronics,Monitor,Online,UPI,2,585.63,0.1,1171.26,117.13,1054.13,691.89,362.24,0.3436,151.07,5,4.8
ORD00014,2025-01-28,CUST0924,North,Delhi,Consumer,Office Supplies,File Folder,Store,UPI,4,950.29,0.1,3801.16,380.12,3421.04,2284.14,1136.9,0.3323,150.06,1,3.8
ORD00015,2024-05-21,CUST0907,West,Rajasthan,Consumer,Electronics,Monitor,Store,Credit Card,10,302.86,0.1,3028.6,302.86,2725.74,2170.73,555.01,0.2036,252.48,3,4.6
ORD00016,2022-05-11,CUST0032,South,Andhra Pradesh,Consumer,Home Appliances,Blender,Partner,Debit Card,3,401.01,0.1,1203.03,120.3,1082.73,752.97,329.76,0.3046,148.97,6,3.8
ORD00017,2025-08-25,CUST0322,South,Andhra Pradesh,Consumer,Electronics,Tablet,Partner,Credit Card,10,1290.27,0.1,12902.7,1290.27,11612.43,6679.25,4933.18,0.4248,113.14,2,3.1
ORD00018,2024-02-09,CUST0060,South,Tamil Nadu,Small Business,Furniture,Desk,Store,Credit Card,5,1219.83,0.0,6099.15,0.0,6099.15,4897.91,1201.24,0.197,191.18,1,4.8
ORD00019,2022-12-10,CUST0179,Central,Madhya Pradesh,Consumer,Clothing,Jeans,Online,Credit Card,7,1186.95,0.0,8308.65,0.0,8308.65,4985.25,3323.4,0.4,201.18,1,3.5
ORD00020,2025-12-08,CUST0748,North,Haryana,Consumer,Home Appliances,Blender,Online,Net Banking,5,1159.82,0.15,5799.1,869.86,4929.23,3899.08,1030.15,0.209,246.79,1,4.5
ORD00021,2024-03-16,CUST0699,Central,Madhya Pradesh,Small Business,Clothing,Jeans,Online,Credit Card,5,697.26,0.05,3486.3,174.32,3311.98,2689.82,622.16,0.1879,272.12,10,4.0
ORD00022,2023-01-21,CUST0205,West,Gujarat,Corporate,Home Appliances,Microwave,Online,Cash,4,1097.4,0.15,4389.6,658.44,3731.16,2936.48,794.68,0.213,269.19,10,4.1
ORD00023,2025-04-30,CUST0401,North,Delhi,Consumer,Clothing,Shoes,Store,UPI,9,590.0,0.15,5310.0,796.5,4513.5,3307.61,1205.89,0.2672,195.48,1,4.7
ORD00024,2024-08-13,CUST0115,Central,Madhya Pradesh,Small Business,Furniture,Office Chair,Partner,Credit Card,6,164.55,0.0,987.3,0.0,987.3,741.22,246.08,0.2492,166.8,6,2.7
ORD00025,2022-10-04,CUST0766,South,Karnataka,Consumer,Clothing,Jacket,Partner,UPI,10,599.16,0.05,5991.6,299.58,5692.02,4206.2,1485.82,0.261,244.34,10,4.5
ORD00026,2025-03-30,CUST0068,North,Delhi,Consumer,Electronics,Monitor,Online,Credit Card,6,250.61,0.05,1503.66,75.18,1428.48,963.28,465.2,0.3257,105.9,4,4.4
ORD00027,2023-04-05,CUST0223,West,Maharashtra,Small Business,Clothing,Shoes,Online,Cash,6,595.41,0.1,3572.46,357.25,3215.21,2006.59,1208.62,0.3759,232.22,4,3.5
ORD00028,2025-08-30,CUST0422,West,Gujarat,Small Business,Home Appliances,Air Cooler,Store,Net Banking,6,456.68,0.15,2740.08,411.01,2329.07,1460.21,868.86,0.373,161.71,4,4.0
ORD00029,2022-01-22,CUST0832,West,Maharashtra,Consumer,Office Supplies,Stapler,Store,Credit Card,1,904.75,0.0,904.75,0.0,904.75,676.22,228.53,0.2526,54.62,8,4.5
ORD00030,2022-09-10,CUST0387,North,Delhi,Consumer,Clothing,Jeans,Online,Cash,6,551.89,0.05,3311.34,165.57,3145.77,2261.9,883.87,0.281,230.8,7,3.4
ORD00031,2024-01-18,CUST0310,East,Odisha,Consumer,Clothing,T-Shirt,Store,UPI,4,1062.8,0.05,4251.2,212.56,4038.64,2859.03,1179.61,0.2921,201.57,5,3.9
ORD00032,2024-05-06,CUST0844,West,Goa,Consumer,Clothing,Jacket,Store,Credit Card,2,775.54,0.0,1551.08,0.0,1551.08,1126.4,424.68,0.2738,43.08,7,4.7
ORD00033,2023-04-20,CUST0684,South,Andhra Pradesh,Consumer,Home Appliances,Microwave,Online,UPI,6,1380.45,0.1,8282.7,828.27,7454.43,5659.35,1795.08,0.2408,146.1,8,3.2
ORD00034,2024-12-18,CUST0210,South,Karnataka,Consumer,Clothing,T-Shirt,Online,UPI,1,150.17,0.1,150.17,15.02,135.15,101.64,33.51,0.2479,156.22,10,4.2
ORD00035,2023-05-26,CUST0639,North,Haryana,Small Business,Home Appliances,Microwave,Partner,Credit Card,1,1036.25,0.05,1036.25,51.81,984.44,569.45,414.98,0.4215,202.98,8,4.2
ORD00036,2023-12-01,CUST0670,North,Delhi,Small Business,Home Appliances,Air Cooler,Store,Net Banking,5,1013.51,0.1,5067.55,506.76,4560.8,2955.48,1605.31,0.352,209.98,7,4.1
ORD00037,2024-09-02,CUST0878,Central,Chhattisgarh,Consumer,Office Supplies,Stapler,Online,Credit Card,6,1426.68,0.05,8560.08,428.0,8132.08,5052.22,3079.85,0.3787,73.35,7,3.3
ORD00038,2022-07-09,CUST0971,South,Telangana,Corporate,Electronics,Monitor,Store,UPI,2,566.75,0.05,1133.5,56.68,1076.82,748.74,328.08,0.3047,29.44,9,4.0
ORD00039,2024-08-15,CUST0600,Central,Chhattisgarh,Consumer,Home Appliances,Vacuum Cleaner,Store,Credit Card,10,468.58,0.05,4685.8,234.29,4451.51,2522.15,1929.36,0.4334,242.34,5,4.0
ORD00040,2023-11-18,CUST0981,South,Tamil Nadu,Consumer,Furniture,Bookshelf,Partner,Cash,8,271.0,0.1,2168.0,216.8,1951.2,1474.84,476.36,0.2441,294.85,8,3.9
ORD00041,2024-08-15,CUST0369,West,Maharashtra,Consumer,Clothing,T-Shirt,Online,Net Banking,4,408.95,0.1,1635.8,163.58,1472.22,852.07,620.15,0.4212,283.39,2,4.5
ORD00042,2023-07-17,CUST0566,South,Telangana,Corporate,Furniture,Sofa,Partner,Credit Card,4,760.31,0.0,3041.24,0.0,3041.24,1895.54,1145.7,0.3767,160.22,8,4.0
ORD00043,2025-06-21,CUST0560,South,Telangana,Consumer,Clothing,Jeans,Online,Debit Card,10,1259.0,,12590.0,0.0,12590.0,9585.27,3004.73,0.2387,168.1,1,4.1
ORD00044,2024-04-11,CUST0803,North,Uttar Pradesh,Small Business,Office Supplies,Notebook,Store,Credit Card,5,437.17,0.0,2185.85,0.0,2185.85,1232.65,953.2,0.4361,280.56,9,3.2
ORD00045,2025-02-28,CUST0836,South,Karnataka,Corporate,Home Appliances,Coffee Maker,Store,Net Banking,10,249.25,0.0,2492.5,0.0,2492.5,1815.17,677.33,0.2717,172.36,1,3.5
ORD00046,2023-10-09,CUST0538,East,Jharkhand,Consumer,Electronics,Laptop,Online,Credit Card,4,419.11,0.1,1676.44,167.64,1508.8,1206.45,302.35,0.2004,97.75,8,3.6
ORD00047,2022-01-21,CUST0328,Central,Chhattisgarh,Consumer,Home Appliances,Air Cooler,Online,Net Banking,5,164.88,0.05,824.4,41.22,783.18,561.35,221.83,0.2832,209.73,3,3.7
ORD00048,2024-04-20,CUST0088,West,Maharashtra,Corporate,Clothing,Backpack,Partner,Cash,10,1391.14,0.1,13911.4,1391.14,12520.26,9295.26,3225.0,0.2576,153.62,4,4.0
ORD00049,2022-06-16,CUST0107,North,Uttar Pradesh,Small Business,Electronics,Laptop,Store,UPI,3,1310.85,0.05,3932.55,196.63,3735.92,2853.92,882.01,0.2361,239.8,10,3.5
ORD00050,2025-07-21,CUST0237,North,Uttar Pradesh,Corporate,Home Appliances,Air Cooler,Online,Credit Card,8,473.11,0.1,3784.88,378.49,3406.39,2077.92,1328.47,0.39,239.33,7,3.3
ORD00051,2023-01-23,CUST0312,North,Haryana,Consumer,Electronics,Headphones,Online,Debit Card,6,381.78,0.15,2290.68,343.6,1947.08,1376.31,570.77,0.2931,282.07,10,4.1
ORD00052,2023-08-24,CUST0204,East,West Bengal,Corporate,Clothing,Jeans,Online,UPI,8,1359.52,0.1,10876.16,1087.62,9788.54,6200.51,3588.04,0.3666,58.59,3,4.0
ORD00053,2022-11-12,CUST0581,West,Gujarat,Consumer,Office Supplies,Notebook,Online,UPI,5,17.63,0.0,88.15,0.0,88.15,54.42,33.73,0.3826,165.97,9,4.2
ORD00054,2022-01-14,CUST0592,Central,Madhya Pradesh,Small Business,Office Supplies,Stapler,Partner,UPI,7,906.86,0.0,6348.02,0.0,6348.02,3821.27,2526.75,0.398,240.04,3,5.0
ORD00055,2022-08-30,CUST0960,North,Uttar Pradesh,Corporate,Home Appliances,Vacuum Cleaner,Store,UPI,10,1375.27,0.05,13752.7,687.64,13065.06,9250.93,3814.13,0.2919,141.76,8,3.2
ORD00056,2024-02-16,CUST0864,East,Jharkhand,Corporate,Furniture,Sofa,Partner,Debit Card,7,770.21,0.1,5391.47,539.15,4852.32,3709.72,1142.61,0.2355,195.53,8,4.0
ORD00057,2025-10-01,CUST0669,East,Odisha,Consumer,Clothing,Jeans,Online,Net Banking,6,19.41,0.0,116.46,0.0,116.46,91.59,24.87,0.2135,248.77,3,4.0
ORD00058,2023-07-19,CUST0638,West,Rajasthan,Corporate,Home Appliances,Air Cooler,Store,Credit Card,10,340.02,0.05,3400.2,170.01,3230.19,2150.4,1079.79,0.3343,152.54,3,4.1
ORD00059,2024-06-16,CUST0993,East,Jharkhand,Consumer,Home Appliances,Microwave,Online,UPI,4,1384.83,0.2,5539.32,1107.86,4431.46,2883.47,1547.98,0.3493,134.32,10,5.0
ORD00060,2025-09-25,CUST0873,West,Maharashtra,Consumer,Office Supplies,Notebook,Store,Net Banking,6,40.28,0.0,241.68,0.0,241.68,177.77,63.91,0.2644,70.56,5,2.4
ORD00061,2022-04-02,CUST0974,West,Goa,Consumer,Electronics,Tablet,Online,Credit Card,9,601.25,0.2,5411.25,1082.25,4329.0,3293.06,1035.94,0.2393,250.87,8,3.8
ORD00062,2025-10-22,CUST0827,North,Punjab,Small Business,Clothing,T-Shirt,Online,UPI,4,1187.77,0.2,4751.08,950.22,3800.86,2350.44,1450.42,0.3816,242.82,6,4.0
ORD00063,2024-08-13,CUST0537,West,Maharashtra,Corporate,Electronics,Tablet,Store,Net Banking,6,1259.57,0.15,7557.42,1133.61,6423.81,4048.72,2375.08,0.3697,228.08,5,4.3
ORD00064,2025-12-22,CUST0968,North,Delhi,Consumer,Clothing,Jacket,Online,UPI,6,724.25,0.2,4345.5,869.1,3476.4,2412.68,1063.72,0.306,130.13,5,4.4
ORD00065,2023-05-24,CUST0027,West,Goa,Small Business,Furniture,Desk,Store,Credit Card,3,360.24,0.0,1080.72,0.0,1080.72,724.07,356.65,0.33,183.29,6,3.0
ORD00066,2024-02-15,CUST0355,South,Telangana,Consumer,Office Supplies,Pens,Store,Credit Card,4,905.56,0.0,3622.24,0.0,3622.24,2682.5,939.74,0.2594,54.72,8,3.9
ORD00067,2022-02-04,CUST0534,East,Jharkhand,Consumer,Furniture,Cabinet,Store,Debit Card,3,406.71,0.0,1220.13,0.0,1220.13,837.27,382.86,0.3138,109.47,6,3.4
ORD00068,2022-07-25,CUST0967,Central,Chhattisgarh,Consumer,Home Appliances,Air Cooler,Partner,Credit Card,3,394.07,0.0,1182.21,0.0,1182.21,685.84,496.37,0.4199,141.95,7,4.2
ORD00069,2025-01-09,CUST0740,Central,Madhya Pradesh,Corporate,Office Supplies,Stapler,Online,Cash,10,1214.29,0.05,12142.9,607.14,11535.76,6861.55,4674.2,0.4052,32.19,9,4.1
ORD00070,2025-11-12,CUST0815,West,Gujarat,Consumer,Home Appliances,Vacuum Cleaner,Online,UPI,4,244.08,0.15,976.32,146.45,829.87,658.52,171.36,0.2065,49.0,7,3.6
ORD00071,2024-10-22,CUST0204,East,Odisha,Consumer,Furniture,Sofa,Store,Debit Card,4,23.2,0.05,92.8,4.64,88.16,53.9,34.26,0.3886,252.32,9,5.0
ORD00072,2024-10-18,CUST0890,West,Gujarat,Corporate,Clothing,Backpack,Store,Cash,6,515.11,0.05,3090.66,154.53,2936.13,1654.58,1281.55,0.4365,291.94,10,3.8
ORD00073,2025-11-14,CUST0311,East,Jharkhand,Consumer,Home Appliances,Blender,Online,UPI,4,744.1,0.15,2976.4,446.46,2529.94,1891.11,638.83,0.2525,110.16,1,3.8
ORD00074,2023-07-20,CUST0265,Central,Chhattisgarh,Corporate,Electronics,Laptop,Store,Debit Card,6,1062.04,0.0,6372.24,0.0,6372.24,4681.58,1690.66,0.2653,49.89,3,3.5
ORD00075,2025-02-03,CUST0054,South,Karnataka,Consumer,Clothing,Backpack,Online,,2,1174.96,0.05,2349.92,117.5,2232.42,1589.53,642.89,0.288,281.91,6,2.2
ORD00076,2023-12-04,CUST0882,Central,Chhattisgarh,Corporate,Clothing,Backpack,Online,Credit Card,4,1000.33,0.05,4001.32,200.07,3801.25,2606.17,1195.08,0.3144,276.01,3,4.0
ORD00077,2023-02-06,CUST0832,Central,Chhattisgarh,Corporate,Furniture,Office Chair,Online,Cash,2,945.37,0.15,1890.74,283.61,1607.13,1304.65,302.48,0.1882,203.3,2,3.5
ORD00078,2023-12-31,CUST0374,West,Rajasthan,Corporate,Furniture,Office Chair,Online,UPI,8,1003.64,0.1,8029.12,802.91,7226.21,4208.22,3017.99,0.4176,114.81,5,4.1
ORD00079,2022-06-11,CUST0877,South,Karnataka,Consumer,Office Supplies,Printer Paper,Online,Net Banking,9,418.22,0.1,3763.98,376.4,3387.58,2329.79,1057.79,0.3123,51.52,1,5.0
ORD00080,2022-07-21,CUST0611,North,Haryana,Corporate,Office Supplies,Printer Paper,Online,Debit Card,7,582.81,0.0,4079.67,0.0,4079.67,2865.12,1214.55,0.2977,283.06,5,4.1
ORD00081,2024-09-22,CUST0423,Central,Chhattisgarh,Consumer,Electronics,Smartphone,Online,Net Banking,6,930.41,0.2,5582.46,1116.49,4465.97,2483.4,1982.56,0.4439,277.71,8,4.1
ORD00082,2022-09-27,CUST0595,North,Uttar Pradesh,Small Business,Clothing,Shoes,Online,Credit Card,8,112.37,0.05,898.96,44.95,854.01,564.71,289.31,0.3388,228.1,9,4.6
ORD00083,2024-03-26,CUST0220,Central,Madhya Pradesh,Consumer,Electronics,Tablet,Online,Cash,4,453.56,0.15,1814.24,272.14,1542.1,1174.09,368.01,0.2386,281.49,10,4.8
ORD00084,2025-07-18,CUST0477,East,Jharkhand,Consumer,Electronics,Laptop,Store,Cash,10,618.53,0.25,6185.3,1546.32,4638.97,3141.5,1497.48,0.3228,59.13,6,4.1
ORD00085,2023-04-01,CUST0520,South,Telangana,Corporate,Furniture,Cabinet,Online,Debit Card,2,807.16,0.1,1614.32,161.43,1452.89,1142.44,310.45,0.2137,50.59,4,4.1
ORD00086,2025-06-29,CUST0363,Central,Chhattisgarh,Corporate,Electronics,Tablet,Online,Net Banking,4,737.43,0.1,2949.72,294.97,2654.75,1922.29,732.46,0.2759,73.77,3,3.7
ORD00087,2024-10-13,CUST0923,West,Rajasthan,Consumer,Electronics,Smartphone,Online,Net Banking,5,1081.43,0.0,5407.15,0.0,5407.15,4092.36,1314.79,0.2432,80.34,8,4.3
ORD00088,2022-10-23,CUST0453,East,Jharkhand,Small Business,Home Appliances,Blender,Online,Cash,9,718.04,0.05,6462.36,323.12,6139.24,4710.09,1429.16,0.2328,251.61,2,4.4
ORD00089,2023-12-21,CUST0624,East,Jharkhand,Small Business,Office Supplies,File Folder,Online,Debit Card,5,1357.63,0.2,6788.15,1357.63,5430.52,3997.76,1432.76,0.2638,278.09,8,4.0
ORD00090,2022-12-04,CUST0989,South,Telangana,Corporate,Office Supplies,Printer Paper,Online,UPI,9,579.77,0.0,5217.93,0.0,5217.93,3925.62,1292.31,0.2477,80.37,7,3.3
ORD00091,2024-05-28,CUST0995,West,Gujarat,Consumer,Clothing,Shoes,Store,Net Banking,9,795.18,0.2,7156.62,1431.32,5725.3,4223.74,1501.55,0.2623,149.55,2,4.1
ORD00092,2024-12-12,CUST0253,South,Karnataka,Corporate,Office Supplies,Notebook,Store,Net Banking,8,19.77,0.15,158.16,23.72,134.44,93.92,40.52,0.3014,147.26,2,4.5
ORD00093,2024-03-02,CUST0929,Central,Madhya Pradesh,Consumer,Clothing,Backpack,Partner,Debit Card,5,476.06,0.1,2380.3,238.03,2142.27,1505.94,636.33,0.297,69.8,2,3.4
ORD00094,2022-08-05,CUST0736,Central,Madhya Pradesh,Consumer,Home Appliances,Microwave,Online,Net Banking,2,1301.86,0.1,2603.72,260.37,2343.35,1408.98,934.37,0.3987,258.94,1,4.2
ORD00095,2024-02-03,CUST0213,South,Karnataka,Small Business,Office Supplies,Stapler,Online,Credit Card,5,510.36,0.0,2551.8,0.0,2551.8,1973.58,578.22,0.2266,166.3,7,4.5
ORD00096,2022-07-07,CUST0650,West,Goa,Small Business,Home Appliances,Blender,Online,Net Banking,1,390.98,0.05,390.98,19.55,371.43,235.59,135.84,0.3657,178.55,8,4.2
ORD00097,2023-01-15,CUST0874,East,Jharkhand,Small Business,Office Supplies,Pens,Store,Credit Card,8,822.15,0.05,6577.2,328.86,6248.34,4340.4,1907.94,0.3054,92.36,7,5.0
ORD00098,2023-05-08,CUST0144,South,Karnataka,Consumer,Office Supplies,Stapler,Online,Debit Card,2,131.91,0.05,263.82,13.19,250.63,154.73,95.9,0.3826,176.56,4,3.6
ORD00099,2024-11-30,CUST0011,Central,Madhya Pradesh,Consumer,Home Appliances,Vacuum Cleaner,Online,UPI,7,804.43,0.2,5631.01,1126.2,4504.81,3324.02,1180.78,0.2621,241.91,9,3.4
ORD00100,2025-03-26,CUST0531,North,Uttar Pradesh,Consumer,Electronics,Laptop,Online,Debit Card,2,465.94,0.05,931.88,46.59,885.29,720.0,165.29,0.1867,105.38,2,3.4
ORD00101,2022-01-15,CUST0448,South,Karnataka,Consumer,Electronics,Tablet,Store,UPI,5,583.91,0.1,2919.55,291.96,2627.6,2014.11,613.48,0.2335,51.72,5,3.7
ORD00102,2022-03-06,CUST0052,East,West Bengal,Consumer,Electronics,Smartphone,Partner,UPI,10,1190.18,0.0,11901.8,0.0,11901.8,8535.44,3366.36,0.2828,183.53,2,3.6
ORD00103,2023-06-05,CUST0205,East,Odisha,Consumer,Electronics,Headphones,Partner,Debit Card,7,998.02,0.15,6986.14,1047.92,5938.22,4175.91,1762.3,0.2968,198.03,3,4.5
ORD00104,2025-09-29,CUST0655,East,Bihar,Corporate,Office Supplies,Printer Paper,Online,Credit Card,6,677.47,0.1,4064.82,406.48,3658.34,2495.86,1162.48,0.3178,76.58,2,2.9
ORD00105,2025-02-26,CUST0554,West,Maharashtra,Corporate,Furniture,Bookshelf,Online,Net Banking,5,872.61,0.1,4363.05,436.31,3926.74,2377.02,1549.72,0.3947,89.53,8,3.6
ORD00106,2023-10-10,CUST0356,West,Rajasthan,Corporate,Home Appliances,Vacuum Cleaner,Store,Debit Card,6,1153.79,0.2,6922.74,1384.55,5538.19,3566.39,1971.8,0.356,62.86,10,4.6
ORD00107,2024-12-22,CUST0608,West,Goa,Small Business,Furniture,Cabinet,Online,UPI,2,1122.49,0.2,2244.98,449.0,1795.98,1184.86,611.13,0.3403,277.99,6,3.9
ORD00108,2025-03-08,CUST0339,North,Haryana,Consumer,Furniture,Bookshelf,Online,UPI,10,290.2,0.15,2902.0,435.3,2466.7,1985.78,480.92,0.195,79.64,5,3.3
ORD00109,2023-08-16,CUST0847,South,Tamil Nadu,Consumer,Clothing,Backpack,Store,Cash,1,461.87,0.2,461.87,92.37,369.5,245.68,123.82,0.3351,22.98,5,3.7
ORD00110,2023-01-27,CUST0678,South,Tamil Nadu,Corporate,Electronics,Headphones,Store,UPI,1,532.13,0.1,532.13,53.21,478.92,339.2,139.71,0.2917,255.24,9,4.8
ORD00111,2023-02-23,CUST0896,South,Telangana,Consumer,Office Supplies,File Folder,Partner,Credit Card,8,293.5,0.15,2348.0,352.2,1995.8,1594.75,401.05,0.2009,244.9,2,3.9
ORD00112,2022-10-16,CUST0598,East,Jharkhand,Corporate,Electronics,Monitor,Store,Net Banking,3,33.06,0.1,99.18,9.92,89.26,61.59,27.67,0.31,147.83,1,4.2
ORD00113,2023-01-14,CUST0817,North,Delhi,Consumer,Electronics,Laptop,Online,Cash,3,273.34,,820.02,0.0,820.02,506.68,313.34,0.3821,243.21,6,3.9
ORD00114,2022-08-19,CUST0333,South,Telangana,Consumer,Furniture,Cabinet,Online,UPI,9,1215.24,0.25,10937.16,2734.29,8202.87,5355.42,2847.45,0.3471,145.89,8,5.0
ORD00115,2024-10-14,CUST0596,South,Tamil Nadu,Corporate,Clothing,Jeans,Store,Cash,6,825.69,0.0,4954.14,0.0,4954.14,3227.1,1727.04,0.3486,82.86,8,3.8
ORD00116,2022-02-10,CUST0817,Central,Madhya Pradesh,Small Business,Electronics,Laptop,Store,UPI,4,522.36,0.05,2089.44,104.47,1984.97,1474.78,510.19,0.257,139.3,6,
ORD00117,2024-11-17,CUST0847,Central,Chhattisgarh,Small Business,Home Appliances,Coffee Maker,Store,UPI,4,918.39,0.0,3673.56,0.0,3673.56,2314.17,1359.39,0.37,156.32,3,4.4
ORD00118,2022-05-15,CUST0199,West,Rajasthan,Consumer,Home Appliances,Blender,Partner,Debit Card,7,1113.65,0.05,7795.55,389.78,7405.77,5533.43,1872.34,0.2528,22.52,3,4.4
ORD00119,2022-07-20,CUST0439,Central,Chhattisgarh,Consumer,Electronics,Laptop,Store,UPI,6,541.33,0.05,3247.98,162.4,3085.58,2437.9,647.68,0.2099,51.73,2,3.9
ORD00120,2024-02-19,CUST0150,West,Gujarat,Small Business,Furniture,Cabinet,Online,Credit Card,2,707.12,0.1,1414.24,141.42,1272.82,815.54,457.27,0.3593,264.93,2,4.1
ORD00121,2024-07-18,CUST0939,East,Jharkhand,Consumer,Furniture,Sofa,Store,Credit Card,9,110.36,0.25,993.24,248.31,744.93,436.93,308.0,0.4135,129.88,2,4.4
ORD00122,2024-11-22,CUST0050,North,Haryana,Consumer,Office Supplies,Printer Paper,Store,Credit Card,2,901.68,0.0,1803.36,0.0,1803.36,1302.76,500.6,0.2776,112.81,7,3.7
ORD00123,2024-12-07,CUST0340,West,Goa,Small Business,Clothing,Shoes,Online,Debit Card,8,544.26,0.15,4354.08,653.11,3700.97,2396.12,1304.85,0.3526,268.74,10,4.5
ORD00124,2023-05-18,CUST0636,West,Maharashtra,Corporate,Furniture,Bookshelf,Online,Debit Card,4,658.78,0.0,2635.12,0.0,2635.12,1829.24,805.88,0.3058,63.28,9,4.1
ORD00125,2023-02-11,CUST0531,West,Rajasthan,Small Business,Office Supplies,File Folder,Store,UPI,10,642.56,0.0,6425.6,0.0,6425.6,4634.3,1791.3,0.2788,80.76,10,4.2
ORD00126,2024-03-15,CUST0859,West,Rajasthan,Consumer,Home Appliances,Coffee Maker,Online,Debit Card,1,954.13,0.1,954.13,95.41,858.72,566.83,291.89,0.3399,251.83,7,3.7
ORD00127,2022-04-09,CUST0584,East,Odisha,Consumer,Home Appliances,Blender,Store,Cash,1,865.11,0.2,865.11,173.02,692.09,553.44,138.65,0.2003,98.3,8,4.0
ORD00128,2023-11-15,CUST0146,West,Gujarat,Small Business,Home Appliances,Coffee Maker,Online,Debit Card,9,641.83,0.0,5776.47,0.0,5776.47,3800.32,1976.15,0.3421,197.31,5,3.5
ORD00129,2023-12-27,CUST0778,Central,Chhattisgarh,Consumer,Electronics,Monitor,Partner,Debit Card,4,40.18,0.05,160.72,8.04,152.68,96.65,56.04,0.367,227.08,2,3.7
ORD00130,2024-08-18,CUST0050,South,Telangana,Corporate,Clothing,Backpack,Online,Credit Card,1,937.13,0.0,937.13,0.0,937.13,739.52,197.61,0.2109,82.36,8,4.7
ORD00131,2023-09-05,CUST0561,West,Rajasthan,Consumer,Office Supplies,Notebook,Online,Debit Card,3,1321.17,0.2,3963.51,792.7,3170.81,1860.63,1310.17,0.4132,90.95,5,3.4
ORD00132,2023-10-05,CUST0937,East,Odisha,Small Business,Clothing,Shoes,Online,Credit Card,3,1157.78,,3473.34,173.67,3299.67,1925.48,1374.19,0.4165,164.56,9,3.6
ORD00133,2024-10-25,CUST0611,West,Rajasthan,Corporate,Electronics,Monitor,Online,UPI,7,1472.7,0.1,10308.9,1030.89,9278.01,7446.89,1831.12,0.1974,241.82,6,3.5
ORD00134,2025-05-26,CUST0399,West,Maharashtra,Consumer,Office Supplies,Pens,Online,Net Banking,6,221.53,0.2,1329.18,265.84,1063.34,644.83,418.51,0.3936,175.23,7,4.2
ORD00135,2023-05-18,CUST0376,North,Haryana,Consumer,Office Supplies,Stapler,Online,Credit Card,8,345.44,0.1,2763.52,276.35,2487.17,1467.62,1019.54,0.4099,38.85,1,4.8
ORD00136,2024-02-06,CUST0023,West,Maharashtra,Corporate,Furniture,Sofa,Store,Debit Card,7,815.81,0.2,5710.67,1142.13,4568.54,3172.83,1395.71,0.3055,118.23,8,3.9
ORD00137,2023-02-02,CUST0076,South,Tamil Nadu,Corporate,Clothing,Jacket,Online,Credit Card,1,365.28,0.2,365.28,73.06,292.22,164.41,127.81,0.4374,112.58,7,2.8
ORD00138,2024-05-20,CUST0625,West,Rajasthan,Consumer,Clothing,Shoes,Store,Net Banking,3,66.31,0.1,198.93,19.89,179.04,128.44,50.6,0.2826,246.13,7,4.4
ORD00139,2024-03-05,CUST0283,East,Jharkhand,Small Business,Furniture,Desk,Store,Net Banking,9,612.4,0.1,5511.6,551.16,4960.44,3334.86,1625.58,0.3277,101.11,7,3.9
ORD00140,2023-01-28,CUST0006,West,Goa,Consumer,Home Appliances,Air Cooler,Store,Credit Card,4,442.15,0.05,1768.6,88.43,1680.17,1214.61,465.56,0.2771,272.34,7,4.3
ORD00141,2022-07-26,CUST0280,North,Uttar Pradesh,Consumer,Electronics,Laptop,Online,Debit Card,3,406.68,0.25,1220.04,305.01,915.03,573.42,341.61,0.3733,113.8,1,4.4
ORD00142,2024-11-04,CUST0598,West,Gujarat,Consumer,Clothing,T-Shirt,Store,Cash,5,1430.46,0.05,7152.3,357.62,6794.68,5398.22,1396.46,0.2055,74.35,9,3.6
ORD00143,2024-06-10,CUST0393,South,Karnataka,Small Business,Furniture,Desk,Online,Debit Card,8,369.1,0.15,2952.8,442.92,2509.88,1563.8,946.08,0.3769,171.18,7,3.3
ORD00144,2024-05-13,CUST0970,Central,Madhya Pradesh,Consumer,Office Supplies,Stapler,Partner,UPI,1,207.21,0.05,207.21,10.36,196.85,142.15,54.7,0.2779,128.19,7,3.3
ORD00145,2024-01-13,CUST0446,Central,Madhya Pradesh,Consumer,Furniture,Office Chair,Partner,Debit Card,2,201.1,0.05,402.2,20.11,382.09,307.65,74.44,0.1948,201.33,1,5.0
ORD00146,2025-06-18,CUST0835,Central,Madhya Pradesh,Small Business,Home Appliances,Coffee Maker,Online,UPI,7,1212.39,0.0,8486.73,0.0,8486.73,5586.12,2900.61,0.3418,276.4,6,3.7
ORD00147,2023-07-18,CUST0070,West,Maharashtra,Consumer,Electronics,Headphones,Online,Cash,1,1076.55,0.1,1076.55,107.66,968.9,575.12,393.77,0.4064,283.42,10,3.7
ORD00148,2024-10-17,CUST0474,West,Maharashtra,Consumer,Home Appliances,Blender,Online,Cash,5,207.29,0.05,1036.45,51.82,984.63,559.72,424.9,0.4315,83.66,8,4.3
ORD00149,2022-04-06,CUST0334,South,Karnataka,Consumer,Office Supplies,Stapler,Online,Net Banking,10,341.33,0.0,3413.3,0.0,3413.3,2764.82,648.48,0.19,65.44,5,4.0
ORD00150,2023-04-30,CUST0484,South,Karnataka,Corporate,Office Supplies,Pens,Store,Debit Card,8,1124.8,0.05,8998.4,449.92,8548.48,6464.36,2084.12,0.2438,283.19,1,2.6
ORD00151,2025-12-01,CUST0810,East,Jharkhand,Corporate,Office Supplies,Pens,Store,UPI,6,422.81,0.05,2536.86,126.84,2410.02,1923.48,486.54,0.2019,247.48,5,3.4
ORD00152,2022-08-19,CUST0828,West,Goa,Small Business,Office Supplies,Notebook,Online,Debit Card,3,1472.59,0.1,4417.77,441.78,3975.99,2937.01,1038.99,0.2613,93.27,2,4.1
ORD00153,2024-01-19,CUST0851,Central,Chhattisgarh,Small Business,Furniture,Bookshelf,Store,Cash,7,817.75,0.05,5724.25,286.21,5438.04,3493.73,1944.31,0.3575,245.39,2,3.4
ORD00154,2025-04-09,CUST0176,North,Delhi,Corporate,Office Supplies,Printer Paper,Partner,UPI,3,300.13,0.0,900.39,0.0,900.39,525.12,375.27,0.4168,227.5,4,4.9
ORD00155,2023-06-25,CUST0952,Central,Chhattisgarh,Corporate,Office Supplies,Notebook,Store,Debit Card,5,1290.33,0.1,6451.65,645.16,5806.48,4650.49,1156.0,0.1991,91.0,4,3.2
ORD00156,2024-11-25,CUST0231,West,Gujarat,Consumer,Furniture,Desk,Online,Credit Card,7,489.42,0.15,3425.94,513.89,2912.05,1986.59,925.46,0.3178,273.62,10,3.3
ORD00157,2023-06-09,CUST0087,West,Gujarat,Consumer,Office Supplies,Printer Paper,Store,UPI,2,443.88,0.1,887.76,88.78,798.98,524.98,274.01,0.3429,110.11,7,3.4
ORD00158,2025-03-29,CUST0389,North,Punjab,Corporate,Home Appliances,Vacuum Cleaner,Online,Cash,10,501.25,0.25,5012.5,1253.12,3759.38,2654.13,1105.24,0.294,154.45,9,4.3
ORD00159,2025-06-20,CUST0620,North,Haryana,Small Business,Home Appliances,Vacuum Cleaner,Partner,UPI,4,1155.77,0.0,4623.08,0.0,4623.08,2675.7,1947.38,0.4212,190.59,2,3.3
ORD00160,2025-01-14,CUST0719,East,West Bengal,Consumer,Clothing,Jeans,Online,Credit Card,2,272.22,0.15,544.44,81.67,462.77,293.16,169.61,0.3665,73.55,8,4.9
ORD00161,2023-08-01,CUST0734,West,Gujarat,Consumer,Home Appliances,Vacuum Cleaner,Online,Credit Card,7,581.95,0.1,4073.65,407.37,3666.29,2647.89,1018.4,0.2778,191.16,8,4.8
ORD00162,2023-11-13,CUST0737,South,Tamil Nadu,Consumer,Electronics,Monitor,Store,Debit Card,3,60.79,0.1,182.37,18.24,164.13,94.71,69.42,0.423,217.76,8,4.5
ORD00163,2023-07-11,CUST0182,East,West Bengal,Consumer,Electronics,Monitor,Online,Cash,9,1242.54,0.1,11182.86,1118.29,10064.57,5903.03,4161.54,0.4135,48.43,9,3.0
ORD00164,2024-10-09,CUST0422,Central,Madhya Pradesh,Consumer,Electronics,Headphones,Store,Cash,6,520.97,0.05,3125.82,156.29,2969.53,2042.62,926.91,0.3121,126.22,9,4.2
ORD00165,2023-10-08,CUST0659,West,Goa,Consumer,Furniture,Desk,Online,Cash,1,383.54,0.05,383.54,19.18,364.36,261.73,102.63,0.2817,191.38,10,2.7
ORD00166,2024-03-06,CUST0453,Central,Chhattisgarh,Consumer,Home Appliances,Coffee Maker,Store,UPI,10,876.14,0.1,8761.4,876.14,7885.26,4735.02,3150.24,0.3995,279.34,7,4.9
ORD00167,2024-11-17,CUST0201,South,Tamil Nadu,Corporate,Electronics,Smartphone,Online,UPI,8,1061.91,0.0,8495.28,0.0,8495.28,4748.29,3746.99,0.4411,269.48,5,4.2
ORD00168,2025-09-25,CUST0583,South,Karnataka,Consumer,Clothing,T-Shirt,Online,UPI,7,1222.15,0.1,8555.05,855.51,7699.55,6227.08,1472.47,0.1912,67.51,7,4.3
ORD00169,2025-09-16,CUST0024,West,Maharashtra,Corporate,Furniture,Bookshelf,Store,UPI,1,531.46,0.15,531.46,79.72,451.74,251.81,199.93,0.4426,190.94,7,3.7
ORD00170,2025-10-03,CUST0873,South,Andhra Pradesh,Small Business,Clothing,Jacket,Online,UPI,3,1221.27,0.05,3663.81,183.19,3480.62,1916.27,1564.35,0.4494,47.44,10,4.1
ORD00171,2025-06-08,CUST0502,North,Delhi,Small Business,Home Appliances,Coffee Maker,Online,Debit Card,3,705.35,0.05,2116.05,105.8,2010.25,1281.13,729.11,0.3627,102.29,10,4.0
ORD00172,2022-07-09,CUST0336,South,Telangana,Corporate,Office Supplies,Notebook,Store,UPI,3,165.2,0.05,495.6,24.78,470.82,287.23,183.59,0.3899,187.24,7,4.1
ORD00173,2025-06-02,CUST0997,South,Karnataka,Consumer,Clothing,Shoes,Store,Credit Card,7,1271.77,0.0,8902.39,0.0,8902.39,6275.01,2627.38,0.2951,42.78,8,4.3
ORD00174,2025-11-09,CUST0650,South,Tamil Nadu,Small Business,Office Supplies,Printer Paper,Online,Debit Card,6,828.24,0.0,4969.44,0.0,4969.44,3933.0,1036.44,0.2086,268.88,2,3.1
ORD00175,2025-11-01,CUST0469,South,Andhra Pradesh,Corporate,Furniture,Sofa,Store,Net Banking,2,909.67,0.0,1819.34,0.0,1819.34,1236.97,582.37,0.3201,252.12,4,4.1
ORD00176,2025-07-30,CUST0149,South,Karnataka,Consumer,Clothing,T-Shirt,Online,Cash,5,1407.17,0.0,7035.85,0.0,7035.85,5338.74,1697.11,0.2412,152.55,9,4.8
ORD00177,2023-09-25,CUST0911,North,Uttar Pradesh,Consumer,Clothing,Backpack,Online,UPI,6,845.34,0.05,5072.04,253.6,4818.44,3833.03,985.41,0.2045,157.69,4,3.7
ORD00178,2023-09-20,CUST0576,West,Goa,Consumer,Furniture,Office Chair,Online,Credit Card,2,23.29,0.05,46.58,2.33,44.25,26.6,17.65,0.3989,266.78,2,4.8
ORD00179,2024-08-30,CUST0141,East,Jharkhand,Consumer,Furniture,Cabinet,Online,Cash,1,1307.86,0.25,1307.86,326.96,980.9,668.82,312.08,0.3182,34.12,7,3.1
ORD00180,2025-07-06,CUST0754,West,Maharashtra,Consumer,Electronics,Headphones,Partner,UPI,4,437.86,0.25,1751.44,437.86,1313.58,950.19,363.39,0.2766,60.29,6,5.0
ORD00181,2025-10-14,CUST0247,North,Punjab,Small Business,Home Appliances,Air Cooler,Online,Debit Card,4,760.12,0.0,3040.48,0.0,3040.48,1944.72,1095.76,0.3604,106.24,4,3.2
ORD00182,2023-12-11,CUST0071,South,Andhra Pradesh,Consumer,Clothing,T-Shirt,Store,,4,319.26,0.05,1277.04,63.85,1213.19,909.57,303.62,0.2503,122.03,8,4.1
ORD00183,2025-12-05,CUST0936,West,Gujarat,Corporate,Clothing,T-Shirt,Store,Debit Card,1,456.02,0.1,456.02,45.6,410.42,303.89,106.53,0.2596,296.49,6,4.2
ORD00184,2023-10-11,CUST0392,East,Bihar,Small Business,Furniture,Bookshelf,Partner,UPI,3,1034.67,0.0,3104.01,0.0,3104.01,2060.12,1043.89,0.3363,61.29,8,4.0
ORD00185,2022-11-14,CUST0248,East,Bihar,Corporate,Furniture,Cabinet,Online,Net Banking,7,652.92,0.1,4570.44,457.04,4113.4,2360.05,1753.35,0.4263,104.87,4,3.5
ORD00186,2025-06-02,CUST0105,South,Tamil Nadu,Small Business,Home Appliances,Vacuum Cleaner,Partner,Credit Card,4,946.29,0.05,3785.16,189.26,3595.9,1988.98,1606.92,0.4469,251.83,2,4.7
ORD00187,2025-06-11,CUST0934,Central,Madhya Pradesh,Small Business,Furniture,Desk,Partner,Credit Card,2,1238.01,0.05,2476.02,123.8,2352.22,1528.29,823.92,0.3503,239.62,6,3.5
ORD00188,2023-11-15,CUST0052,South,Telangana,Consumer,Office Supplies,Printer Paper,Online,Credit Card,8,521.12,0.15,4168.96,625.34,3543.62,2027.51,1516.11,0.4278,203.35,9,5.0
ORD00189,2023-10-26,CUST0258,East,Jharkhand,Small Business,Office Supplies,Notebook,Online,Debit Card,1,858.98,0.15,858.98,128.85,730.13,555.66,174.47,0.239,111.99,9,3.4
ORD00190,2025-10-29,CUST0485,West,Goa,Corporate,Office Supplies,Stapler,Online,Credit Card,9,1169.72,0.25,10527.48,2631.87,7895.61,5055.31,2840.3,0.3597,52.98,9,4.6
ORD00191,2025-06-10,CUST0406,East,Odisha,Consumer,Office Supplies,Printer Paper,Store,Credit Card,5,1076.96,0.05,5384.8,269.24,5115.56,3733.57,1381.99,0.2702,295.39,3,3.1
ORD00192,2025-02-10,CUST0631,South,Telangana,Corporate,Home Appliances,Blender,Store,Credit Card,2,816.67,0.2,1633.34,326.67,1306.67,840.87,465.8,0.3565,90.4,3,3.6
ORD00193,2023-03-18,CUST0886,South,Andhra Pradesh,Corporate,Clothing,Jacket,Online,Credit Card,4,584.32,0.1,2337.28,233.73,2103.55,1609.01,494.54,0.2351,256.5,10,2.1
ORD00194,2023-07-18,CUST0004,West,Rajasthan,Small Business,Office Supplies,Pens,Store,Debit Card,3,620.14,0.1,1860.42,186.04,1674.38,1322.54,351.83,0.2101,270.6,3,4.8
ORD00195,2025-07-15,CUST0564,South,Tamil Nadu,Consumer,Furniture,Desk,Online,Credit Card,7,658.21,0.2,4607.47,921.49,3685.98,2860.79,825.18,0.2239,143.45,5,4.4
ORD00196,2025-11-10,CUST0367,North,Haryana,Corporate,Office Supplies,Notebook,Store,UPI,6,533.04,0.2,3198.24,639.65,2558.59,1741.91,816.68,0.3192,258.23,5,2.7
ORD00197,2025-11-11,CUST0007,South,Tamil Nadu,Consumer,Home Appliances,Vacuum Cleaner,Online,UPI,9,1053.13,0.15,9478.17,1421.73,8056.44,4613.66,3442.79,0.4273,98.13,5,3.3
ORD00198,2025-02-10,CUST0001,West,Rajasthan,Consumer,Furniture,Desk,Store,Credit Card,4,201.24,0.05,804.96,40.25,764.71,497.34,267.37,0.3496,269.18,8,2.8
ORD00199,2024-08-09,CUST0339,North,Punjab,Consumer,Office Supplies,Stapler,Online,UPI,3,1451.67,0.1,4355.01,435.5,3919.51,2604.92,1314.59,0.3354,198.07,10,3.8
ORD00200,2025-01-09,CUST0698,Central,Chhattisgarh,Consumer,Clothing,Jacket,Online,Cash,7,1171.79,0.1,8202.53,820.25,7382.28,5974.24,1408.03,0.1907,74.42,8,3.8
ORD00201,2023-11-30,CUST0702,East,West Bengal,Small Business,Furniture,Desk,Store,Cash,6,457.77,0.15,2746.62,411.99,2334.63,1640.51,694.12,0.2973,240.23,8,4.6
ORD00202,2022-04-23,CUST0350,Central,Madhya Pradesh,Consumer,Furniture,Cabinet,Online,Credit Card,5,78.18,0.15,390.9,58.64,332.27,240.24,92.03,0.277,275.83,9,3.9
ORD00203,2022-01-02,CUST0626,Central,Chhattisgarh,Consumer,Clothing,Jacket,Online,Net Banking,10,1071.29,0.05,10712.9,535.64,10177.25,7746.33,2430.93,0.2389,179.72,10,5.0
ORD00204,2023-10-04,CUST0706,East,West Bengal,Consumer,Furniture,Cabinet,Partner,Debit Card,7,1105.52,0.1,7738.64,773.86,6964.78,4899.13,2065.65,0.2966,232.9,6,3.2
ORD00205,2022-08-08,CUST0055,North,Haryana,Consumer,Office Supplies,Pens,Online,Credit Card,5,1445.98,0.0,7229.9,0.0,7229.9,5144.73,2085.17,0.2884,242.54,2,3.8
ORD00206,2024-05-04,CUST0629,North,Delhi,Consumer,Furniture,Bookshelf,Store,Debit Card,9,391.75,0.2,3525.75,705.15,2820.6,1738.16,1082.44,0.3838,240.47,9,3.6
ORD00207,2025-06-02,CUST0781,South,Telangana,Consumer,Office Supplies,File Folder,Online,Debit Card,4,137.85,0.0,551.4,0.0,551.4,312.03,239.37,0.4341,147.24,6,3.7
ORD00208,2023-01-20,CUST0796,West,Rajasthan,Corporate,Clothing,T-Shirt,Online,UPI,1,1373.98,0.1,1373.98,137.4,1236.58,920.97,315.61,0.2552,227.18,1,4.5
ORD00209,2025-11-27,CUST0270,South,Andhra Pradesh,Consumer,Electronics,Smartphone,Online,UPI,10,399.09,0.2,3990.9,798.18,3192.72,2487.59,705.13,0.2209,173.59,5,4.4
ORD00210,2025-02-27,CUST0899,South,Karnataka,Consumer,Clothing,T-Shirt,Partner,UPI,5,1086.47,0.1,5432.35,543.24,4889.12,3232.88,1656.24,0.3388,136.1,7,3.1
ORD00211,2024-12-12,CUST0272,South,Tamil Nadu,Consumer,Office Supplies,Notebook,Online,Credit Card,1,105.08,0.15,105.08,15.76,89.32,62.36,26.96,0.3018,66.43,1,3.9
ORD00212,2023-12-31,CUST0857,Central,Chhattisgarh,Corporate,Home Appliances,Blender,Partner,Debit Card,1,1144.47,0.15,1144.47,171.67,972.8,615.75,357.05,0.367,274.53,7,4.1
ORD00213,2025-12-10,CUST0430,North,Haryana,Consumer,Clothing,Shoes,Partner,Debit Card,1,203.63,0.0,203.63,0.0,203.63,136.75,66.88,0.3284,136.18,5,4.8
ORD00214,2022-09-04,CUST0879,North,Haryana,Corporate,Home Appliances,Microwave,Online,Debit Card,1,1047.95,0.1,1047.95,104.8,943.16,571.93,371.23,0.3936,87.08,5,5.0
ORD00215,2024-04-15,CUST0377,North,Uttar Pradesh,Small Business,Home Appliances,Microwave,Store,Cash,8,805.53,0.15,6444.24,966.64,5477.6,4136.52,1341.08,0.2448,87.84,2,4.3
ORD00216,2022-07-22,CUST0387,Central,Madhya Pradesh,Corporate,Office Supplies,Notebook,Store,Net Banking,2,1433.9,0.1,2867.8,286.78,2581.02,1762.36,818.66,0.3172,87.78,4,4.1
ORD00217,2025-04-22,CUST0610,West,Gujarat,Consumer,Office Supplies,Stapler,Online,Cash,9,69.82,0.1,628.38,62.84,565.54,394.6,170.95,0.3023,20.69,9,4.3
ORD00218,2022-05-03,CUST0387,South,Andhra Pradesh,Corporate,Electronics,Monitor,Online,UPI,7,448.69,0.1,3140.83,314.08,2826.75,1583.02,1243.73,0.44,142.7,2,3.4
ORD00219,2023-02-05,CUST0169,North,Haryana,Corporate,Furniture,Cabinet,Online,Debit Card,3,118.22,0.0,354.66,0.0,354.66,254.66,100.0,0.282,269.39,9,3.7
ORD00220,2024-02-06,CUST0157,South,Karnataka,Consumer,Clothing,Backpack,Store,Debit Card,9,1320.61,0.1,11885.49,1188.55,10696.94,6468.62,4228.32,0.3953,27.04,8,3.4
ORD00221,2022-10-21,CUST0424,North,Delhi,Small Business,Office Supplies,Stapler,Store,UPI,4,896.94,0.0,3587.76,0.0,3587.76,2344.66,1243.1,0.3465,287.85,4,4.7
ORD00222,2022-10-07,CUST0787,Central,Madhya Pradesh,Small Business,Clothing,T-Shirt,Online,Debit Card,7,809.43,0.0,5666.01,0.0,5666.01,3747.69,1918.32,0.3386,70.15,2,3.8
ORD00223,2024-06-02,CUST0660,West,Rajasthan,Small Business,Home Appliances,Coffee Maker,Online,Net Banking,3,210.21,0.1,630.63,63.06,567.57,380.93,186.64,0.3288,221.28,6,3.9
ORD00224,2022-07-17,CUST0277,East,West Bengal,Small Business,Furniture,Sofa,Partner,UPI,5,741.21,0.1,3706.05,370.6,3335.44,2039.32,1296.13,0.3886,239.89,7,4.1
ORD00225,2024-09-08,CUST0148,Central,Chhattisgarh,Corporate,Electronics,Smartphone,Online,Debit Card,4,607.07,0.0,2428.28,0.0,2428.28,1892.92,535.36,0.2205,225.83,2,4.3
ORD00226,2024-01-22,CUST0860,South,Telangana,Corporate,Clothing,Backpack,Store,Net Banking,6,483.89,0.15,2903.34,435.5,2467.84,1642.4,825.44,0.3345,114.97,8,5.0
ORD00227,2022-05-24,CUST0815,West,Maharashtra,Corporate,Furniture,Desk,Online,Net Banking,9,1161.7,0.05,10455.3,522.77,9932.54,7104.51,2828.03,0.2847,217.07,9,4.1
ORD00228,2023-09-01,CUST0091,Central,Madhya Pradesh,Small Business,Electronics,Laptop,Store,Debit Card,5,105.99,0.2,529.95,105.99,423.96,303.45,120.51,0.2842,152.43,5,3.9
ORD00229,2025-05-09,CUST0556,South,Karnataka,Corporate,Clothing,Backpack,Partner,UPI,1,975.33,0.05,975.33,48.77,926.56,661.46,265.1,0.2861,62.62,6,4.7
ORD00230,2025-02-21,CUST0750,West,Maharashtra,Consumer,Furniture,Sofa,Online,Credit Card,5,1237.14,0.0,6185.7,0.0,6185.7,4336.27,1849.43,0.299,76.26,6,4.0
ORD00231,2022-07-06,CUST0114,South,Karnataka,Consumer,Office Supplies,Pens,Online,UPI,5,1362.35,0.15,6811.75,1021.76,5789.99,4470.5,1319.49,0.2279,27.29,10,3.4
ORD00232,2025-09-11,CUST0601,South,Andhra Pradesh,Small Business,Clothing,Backpack,Online,Credit Card,9,1122.69,0.1,10104.21,1010.42,9093.79,6996.82,2096.97,0.2306,112.95,2,2.7
ORD00233,2023-04-09,CUST0002,North,Punjab,Consumer,Furniture,Cabinet,Online,Credit Card,8,434.45,0.05,3475.6,173.78,3301.82,2187.88,1113.94,0.3374,223.84,1,4.2
ORD00234,2025-10-04,CUST0501,South,Karnataka,Corporate,Electronics,Tablet,Online,UPI,5,906.75,0.05,4533.75,226.69,4307.06,3108.31,1198.75,0.2783,291.33,5,3.9
ORD00235,2023-10-22,CUST0171,West,Goa,Small Business,Furniture,Cabinet,Store,Debit Card,5,224.98,0.0,1124.9,0.0,1124.9,649.93,474.97,0.4222,57.4,6,5.0
ORD00236,2024-02-03,CUST0441,Central,Madhya Pradesh,Corporate,Office Supplies,Stapler,Online,UPI,2,188.84,0.05,377.68,18.88,358.8,206.13,152.66,0.4255,118.92,1,3.9
ORD00237,2024-08-12,CUST0600,West,Maharashtra,Small Business,Clothing,Shoes,Online,Net Banking,9,963.36,0.0,8670.24,0.0,8670.24,5892.1,2778.14,0.3204,70.82,8,3.4
ORD00238,2023-02-07,CUST0225,Central,Chhattisgarh,Corporate,Clothing,Jacket,Store,Credit Card,4,1278.89,0.1,5115.56,511.56,4604.0,3651.23,952.78,0.2069,233.05,5,4.5
ORD00239,2025-10-01,CUST0147,West,Gujarat,Consumer,Clothing,Shoes,Store,UPI,7,114.86,0.2,804.02,160.8,643.22,466.65,176.56,0.2745,277.48,5,4.1
ORD00240,2022-05-27,CUST0602,North,Punjab,Small Business,Office Supplies,Stapler,Online,UPI,10,172.42,0.15,1724.2,258.63,1465.57,1070.88,394.69,0.2693,51.92,8,4.5
ORD00241,2025-03-17,CUST0448,East,Odisha,Consumer,Electronics,Laptop,Store,Credit Card,6,854.93,0.0,5129.58,0.0,5129.58,3039.64,2089.94,0.4074,273.0,8,4.1
ORD00242,2024-05-13,CUST0430,North,Uttar Pradesh,Consumer,Clothing,T-Shirt,Store,UPI,5,339.04,0.2,1695.2,339.04,1356.16,911.87,444.29,0.3276,96.02,9,4.1
ORD00243,2023-05-04,CUST0681,West,Maharashtra,Consumer,Electronics,Smartphone,Store,UPI,5,923.55,0.1,4617.75,461.78,4155.98,2735.52,1420.46,0.3418,82.46,4,4.1
ORD00244,2024-07-17,CUST0323,Central,Madhya Pradesh,Consumer,Furniture,Bookshelf,Online,UPI,7,333.6,0.0,2335.2,0.0,2335.2,1778.03,557.17,0.2386,35.86,3,3.7
ORD00245,2023-07-05,CUST0091,North,Uttar Pradesh,Consumer,Electronics,Laptop,Online,Cash,2,187.98,0.15,375.96,56.39,319.57,187.65,131.91,0.4128,42.53,10,4.0
ORD00246,2022-12-04,CUST0014,West,Gujarat,Consumer,Electronics,Monitor,Store,UPI,9,825.18,0.05,7426.62,371.33,7055.29,4907.53,2147.76,0.3044,39.38,2,4.0
ORD00247,2024-05-21,CUST0148,West,Maharashtra,Corporate,Clothing,Jacket,Store,Cash,2,1295.36,0.05,2590.72,129.54,2461.18,1959.26,501.92,0.2039,145.0,1,5.0
ORD00248,2023-10-03,CUST0803,East,West Bengal,Small Business,Home Appliances,Coffee Maker,Store,UPI,9,1032.41,0.0,9291.69,0.0,9291.69,7349.39,1942.3,0.209,204.42,10,4.0
ORD00249,2023-04-18,CUST0471,South,Karnataka,Consumer,Home Appliances,Vacuum Cleaner,Online,Credit Card,4,1230.81,,4923.24,492.32,4430.92,3456.7,974.22,0.2199,71.64,5,3.8
ORD00250,2022-05-31,CUST0409,South,Tamil Nadu,Consumer,Office Supplies,File Folder,Store,UPI,10,410.51,0.0,4105.1,0.0,4105.1,2673.43,1431.67,0.3488,80.94,6,4.6
ORD00251,2025-12-09,CUST0384,North,Haryana,Corporate,Office Supplies,Printer Paper,Store,Credit Card,10,1330.68,0.15,13306.8,1996.02,11310.78,9094.97,2215.81,0.1959,68.41,8,3.5
ORD00252,2025-08-14,CUST0388,South,Tamil Nadu,Corporate,Home Appliances,Blender,Online,UPI,6,574.9,0.1,3449.4,344.94,3104.46,2382.46,722.0,0.2326,245.84,6,4.3
ORD00253,2022-09-20,CUST0057,North,Uttar Pradesh,Small Business,Furniture,Desk,Online,UPI,1,1280.88,0.1,1280.88,128.09,1152.79,898.96,253.84,0.2202,58.41,2,3.3
ORD00254,2022-05-24,CUST0514,East,Jharkhand,Consumer,Clothing,Backpack,Store,UPI,5,714.7,0.0,3573.5,0.0,3573.5,2865.0,708.5,0.1983,40.55,8,2.9
ORD00255,2022-12-12,CUST0578,North,Punjab,Small Business,Clothing,Backpack,Store,Credit Card,6,412.77,0.15,2476.62,371.49,2105.13,1690.4,414.73,0.197,30.28,5,4.7
ORD00256,2023-09-16,CUST0345,Central,Chhattisgarh,Consumer,Furniture,Desk,Online,UPI,9,401.48,0.1,3613.32,361.33,3251.99,1999.38,1252.61,0.3852,31.24,3,3.8
ORD00257,2024-10-13,CUST0879,East,Odisha,Corporate,Furniture,Cabinet,Store,Credit Card,9,857.99,0.1,7721.91,772.19,6949.72,4061.94,2887.78,0.4155,173.07,6,2.7
ORD00258,2024-05-30,CUST0087,West,Rajasthan,Consumer,Home Appliances,Air Cooler,Store,UPI,9,132.33,0.15,1190.97,178.65,1012.32,745.61,266.71,0.2635,46.32,6,3.5
ORD00259,2022-01-02,CUST0405,South,Andhra Pradesh,Consumer,Office Supplies,Stapler,Store,Net Banking,3,1396.13,0.0,4188.39,0.0,4188.39,2940.53,1247.86,0.2979,82.28,3,3.9
ORD00260,2024-06-15,CUST0245,East,Odisha,Consumer,Furniture,Cabinet,Store,Cash,4,418.12,0.05,1672.48,83.62,1588.86,1014.33,574.52,0.3616,253.15,7,5.0
ORD00261,2025-08-20,CUST0749,Central,Chhattisgarh,Consumer,Office Supplies,File Folder,Store,Credit Card,8,513.4,,4107.2,410.72,3696.48,2716.18,980.3,0.2652,291.07,7,2.6
ORD00262,2022-09-11,CUST0601,North,Delhi,Consumer,Electronics,Laptop,Online,UPI,8,361.45,0.1,2891.6,289.16,2602.44,1474.9,1127.54,0.4333,261.04,7,4.5
ORD00263,2023-03-29,CUST0859,South,Karnataka,Small Business,Clothing,T-Shirt,Online,UPI,2,19.47,0.0,38.94,0.0,38.94,21.91,17.03,0.4373,288.69,8,3.7
ORD00264,2024-11-26,CUST0052,West,Goa,Corporate,Home Appliances,Vacuum Cleaner,Store,Cash,8,1043.44,0.05,8347.52,417.38,7930.14,5120.21,2809.94,0.3543,207.73,7,4.0
ORD00265,2025-03-29,CUST0715,North,Haryana,Corporate,Clothing,Jacket,Online,UPI,7,891.97,0.05,6243.79,312.19,5931.6,3572.83,2358.77,0.3977,296.42,4,3.6
ORD00266,2024-10-11,CUST0974,North,Delhi,Consumer,Home Appliances,Vacuum Cleaner,Store,Credit Card,9,1217.32,0.25,10955.88,2738.97,8216.91,6113.46,2103.45,0.256,158.98,5,4.6
ORD00267,2022-01-09,CUST0209,South,Telangana,Consumer,Electronics,Smartphone,Store,Debit Card,5,75.9,0.05,379.5,18.98,360.52,290.57,69.95,0.194,242.51,4,4.2
ORD00268,2025-06-10,CUST0886,North,Delhi,Small Business,Clothing,Shoes,Online,UPI,2,1394.05,0.05,2788.1,139.4,2648.7,1929.94,718.75,0.2714,292.07,2,
ORD00269,2025-01-27,CUST0143,East,Jharkhand,Corporate,Electronics,Smartphone,Store,UPI,5,506.37,0.15,2531.85,379.78,2152.07,1564.11,587.96,0.2732,218.6,7,4.5
ORD00270,2024-03-26,CUST0942,South,Tamil Nadu,Consumer,Home Appliances,Coffee Maker,Online,Net Banking,2,1370.91,0.1,2741.82,274.18,2467.64,1361.6,1106.04,0.4482,287.88,3,4.9
ORD00271,2022-07-27,CUST0627,Central,Chhattisgarh,Consumer,Furniture,Office Chair,Online,Credit Card,5,174.09,0.1,870.45,87.05,783.4,539.23,244.18,0.3117,91.02,1,4.7
ORD00272,2025-02-28,CUST0799,West,Rajasthan,Corporate,Clothing,Backpack,Online,Cash,9,1119.72,0.1,10077.48,1007.75,9069.73,6989.29,2080.44,0.2294,104.08,1,5.0
ORD00273,2023-02-08,CUST0574,West,Rajasthan,Consumer,Electronics,Tablet,Partner,Credit Card,7,875.35,0.1,6127.45,612.74,5514.7,4007.05,1507.65,0.2734,131.23,9,4.7
ORD00274,2022-06-01,CUST0546,West,Goa,Consumer,Clothing,T-Shirt,Online,Cash,7,546.91,0.1,3828.37,382.84,3445.53,2106.95,1338.59,0.3885,150.08,3,4.1
ORD00275,2022-02-23,CUST0804,Central,Madhya Pradesh,Small Business,Clothing,Backpack,Store,Net Banking,1,132.53,0.0,132.53,0.0,132.53,103.25,29.28,0.2209,271.27,7,3.6
ORD00276,2025-02-17,CUST0633,South,Karnataka,Corporate,Clothing,Jacket,Online,UPI,9,913.03,0.15,8217.27,1232.59,6984.68,5660.26,1324.42,0.1896,268.6,9,4.6
ORD00277,2023-09-20,CUST0104,Central,Madhya Pradesh,Corporate,Office Supplies,Notebook,Online,UPI,6,54.26,0.0,325.56,0.0,325.56,203.58,121.98,0.3747,204.23,7,3.6
ORD00278,2023-08-10,CUST0044,West,Goa,Consumer,Electronics,Tablet,Online,Credit Card,7,759.4,0.05,5315.8,265.79,5050.01,3059.88,1990.13,0.3941,85.04,8,4.7
ORD00279,2025-12-14,CUST0703,West,Maharashtra,Consumer,Electronics,Monitor,Store,Credit Card,2,912.25,0.0,1824.5,0.0,1824.5,1170.24,654.26,0.3586,87.31,6,3.9
ORD00280,2025-12-16,CUST0333,East,West Bengal,Small Business,Clothing,Jacket,Online,Credit Card,1,1102.8,0.15,1102.8,165.42,937.38,531.54,405.84,0.4329,196.89,3,4.2
ORD00281,2022-04-14,CUST0247,South,Tamil Nadu,Small Business,Furniture,Sofa,Online,Credit Card,4,1487.13,0.1,5948.52,594.85,5353.67,4207.06,1146.61,0.2142,160.95,1,3.3
ORD00282,2022-09-11,CUST0530,South,Karnataka,Consumer,Clothing,Jacket,Store,UPI,9,401.24,0.15,3611.16,541.67,3069.49,2458.38,611.1,0.1991,92.39,10,3.8
ORD00283,2025-06-04,CUST0465,West,Rajasthan,Consumer,Office Supplies,Printer Paper,Online,Credit Card,9,493.75,0.15,4443.75,666.56,3777.19,2723.32,1053.87,0.279,67.11,8,3.4
ORD00284,2025-02-09,CUST0301,North,Delhi,Consumer,Home Appliances,Microwave,Online,Net Banking,3,521.6,0.0,1564.8,0.0,1564.8,1183.57,381.23,0.2436,222.34,6,5.0
ORD00285,2023-05-25,CUST0620,West,Rajasthan,Consumer,Office Supplies,Notebook,Online,Debit Card,1,1101.4,0.05,1101.4,55.07,1046.33,764.38,281.95,0.2695,247.7,2,3.8
ORD00286,2022-04-09,CUST0935,South,Karnataka,Corporate,Furniture,Office Chair,Online,UPI,2,1398.75,0.1,2797.5,279.75,2517.75,1641.29,876.46,0.3481,93.17,10,4.0
ORD00287,2022-06-02,CUST0988,North,Haryana,Small Business,Clothing,Backpack,Store,UPI,9,1461.87,0.05,13156.83,657.84,12498.99,9007.41,3491.57,0.2793,138.98,8,3.4
ORD00288,2024-07-02,CUST0538,North,Haryana,Consumer,Electronics,Tablet,Online,Debit Card,9,1419.53,0.05,12775.77,638.79,12136.98,9415.95,2721.03,0.2242,219.78,4,3.1
ORD00289,2024-05-27,CUST0368,North,Delhi,Consumer,Clothing,Jeans,Online,Credit Card,1,1320.88,0.2,1320.88,264.18,1056.7,812.26,244.44,0.2313,151.38,10,3.5
ORD00290,2022-12-04,CUST0206,East,Jharkhand,Small Business,Furniture,Bookshelf,Partner,Debit Card,9,1486.6,0.15,13379.4,2006.91,11372.49,6503.76,4868.73,0.4281,289.15,9,3.5
ORD00291,2024-04-01,CUST0357,South,Andhra Pradesh,Consumer,Electronics,Tablet,Partner,Net Banking,1,573.28,0.05,573.28,28.66,544.62,367.56,177.05,0.3251,56.29,9,3.5
ORD00292,2025-04-01,CUST0331,Central,Chhattisgarh,Small Business,Office Supplies,Pens,Store,UPI,10,1423.26,0.15,14232.6,2134.89,12097.71,7951.54,4146.17,0.3427,259.22,9,3.5
ORD00293,2024-08-14,CUST0608,East,Odisha,Corporate,Home Appliances,Vacuum Cleaner,Partner,Debit Card,4,1145.11,0.1,4580.44,458.04,4122.4,3104.34,1018.06,0.247,105.7,4,4.4
ORD00294,2022-06-10,CUST0280,North,Punjab,Small Business,Home Appliances,Coffee Maker,Store,Net Banking,5,265.16,0.0,1325.8,0.0,1325.8,908.67,417.13,0.3146,212.37,6,3.7
ORD00295,2024-03-11,CUST0885,West,Gujarat,Consumer,Clothing,Backpack,Store,Credit Card,8,82.52,0.05,660.16,33.01,627.15,404.15,223.0,0.3556,91.03,4,4.3
ORD00296,2023-02-02,CUST0442,Central,Madhya Pradesh,Consumer,Office Supplies,Printer Paper,Store,UPI,5,333.51,0.05,1667.55,83.38,1584.17,1173.42,410.75,0.2593,290.61,10,3.7
ORD00297,2025-07-24,CUST0501,West,Goa,Consumer,Furniture,Sofa,Store,Debit Card,5,1171.45,0.05,5857.25,292.86,5564.39,3771.91,1792.48,0.3221,34.04,10,4.1
ORD00298,2024-03-26,CUST0735,North,Punjab,Consumer,Home Appliances,Microwave,Store,UPI,4,953.07,0.05,3812.28,190.61,3621.67,2242.86,1378.81,0.3807,163.8,5,4.4
ORD00299,2025-11-16,CUST0744,Central,Chhattisgarh,Consumer,Office Supplies,File Folder,Online,Cash,9,348.17,0.2,3133.53,626.71,2506.82,1981.43,525.4,0.2096,274.94,7,3.6
ORD00300,2025-03-04,CUST0873,West,Gujarat,Small Business,Clothing,Backpack,Store,Net Banking,8,1116.75,0.1,8934.0,893.4,8040.6,4667.75,3372.85,0.4195,151.56,7,4.7
ORD00301,2025-05-03,CUST0434,North,Uttar Pradesh,Small Business,Electronics,Monitor,Store,Debit Card,9,224.86,0.15,2023.74,303.56,1720.18,954.5,765.68,0.4451,255.3,10,4.0
ORD00302,2023-02-05,CUST0200,North,Haryana,Corporate,Clothing,Shoes,Store,Credit Card,7,1235.43,0.05,8648.01,432.4,8215.61,4837.81,3377.8,0.4111,285.95,6,3.3
ORD00303,2023-10-02,CUST0551,East,Odisha,Consumer,Clothing,Backpack,Online,Net Banking,7,1194.33,0.0,8360.31,0.0,8360.31,4967.56,3392.75,0.4058,38.99,10,3.6
ORD00304,2024-11-22,CUST0200,North,Delhi,Corporate,Office Supplies,Stapler,Online,UPI,5,1459.28,0.2,7296.4,1459.28,5837.12,4058.38,1778.74,0.3047,156.87,4,3.8
ORD00305,2023-11-19,CUST0367,West,Goa,Corporate,Home Appliances,Microwave,Online,Credit Card,10,238.17,0.1,2381.7,238.17,2143.53,1540.58,602.95,0.2813,212.2,5,3.7
ORD00306,2023-04-05,CUST0671,South,Karnataka,Consumer,Office Supplies,Pens,Online,UPI,1,1361.32,0.2,1361.32,272.26,1089.06,730.89,358.16,0.3289,253.01,5,2.5
ORD00307,2024-08-12,CUST0339,Central,Madhya Pradesh,Small Business,Electronics,Smartphone,Online,Debit Card,6,521.54,,3129.24,0.0,3129.24,1893.59,1235.65,0.3949,65.68,9,3.3
ORD00308,2023-04-15,CUST0420,East,Jharkhand,Consumer,Office Supplies,Notebook,Online,Credit Card,10,632.85,0.2,6328.5,1265.7,5062.8,2965.24,2097.56,0.4143,178.7,6,4.4
ORD00309,2025-10-30,CUST0679,North,Haryana,Consumer,Furniture,Sofa,Online,Cash,6,710.64,0.1,4263.84,426.38,3837.46,2620.53,1216.93,0.3171,65.62,4,3.9
ORD00310,2024-11-11,CUST0736,North,Punjab,Consumer,Clothing,Shoes,Online,UPI,10,945.95,0.0,9459.5,0.0,9459.5,6647.01,2812.49,0.2973,231.51,6,4.2
ORD00311,2024-01-20,CUST0277,East,Odisha,Corporate,Home Appliances,Microwave,Store,Debit Card,4,1492.22,0.15,5968.88,895.33,5073.55,3206.84,1866.71,0.3679,99.7,7,4.1
ORD00312,2022-02-07,CUST0791,West,Rajasthan,Corporate,Electronics,Headphones,Partner,UPI,2,905.94,0.15,1811.88,271.78,1540.1,938.72,601.38,0.3905,95.27,7,3.9
ORD00313,2022-08-18,CUST0054,West,Maharashtra,Consumer,Clothing,Jeans,Online,Net Banking,1,1391.17,0.0,1391.17,0.0,1391.17,795.42,595.75,0.4282,235.54,10,3.5
ORD00314,2025-10-20,CUST0164,South,Tamil Nadu,Consumer,Office Supplies,Printer Paper,Store,Credit Card,3,393.72,0.25,1181.16,295.29,885.87,493.51,392.36,0.4429,255.76,3,3.6
ORD00315,2023-07-17,CUST0655,South,Tamil Nadu,Consumer,Furniture,Sofa,Online,UPI,9,606.64,0.15,5459.76,818.96,4640.8,2684.93,1955.87,0.4215,116.13,6,4.1
ORD00316,2023-03-14,CUST0386,North,Punjab,Consumer,Office Supplies,Stapler,Online,Net Banking,1,764.18,0.05,764.18,38.21,725.97,544.74,181.23,0.2496,160.31,7,3.3
ORD00317,2025-07-30,CUST0076,West,Goa,Consumer,Clothing,Jeans,Store,Credit Card,5,494.51,0.0,2472.55,0.0,2472.55,1589.57,882.98,0.3571,214.17,1,4.2
ORD00318,2022-01-27,CUST0742,North,Uttar Pradesh,Consumer,Electronics,Headphones,Store,UPI,10,1465.65,0.05,14656.5,732.82,13923.68,7761.1,6162.58,0.4426,228.65,4,4.8
ORD00319,2022-08-14,CUST0838,South,Telangana,Consumer,Home Appliances,Coffee Maker,Store,Credit Card,6,1092.64,0.05,6555.84,327.79,6228.05,4279.94,1948.1,0.3128,235.63,7,2.6
ORD00320,2025-07-24,CUST0422,West,Gujarat,Small Business,Clothing,Jacket,Online,UPI,9,726.14,0.1,6535.26,653.53,5881.73,4086.27,1795.47,0.3053,129.31,10,4.3
ORD00321,2024-03-08,CUST0577,Central,Madhya Pradesh,Consumer,Electronics,Tablet,Partner,Net Banking,1,1130.69,0.15,1130.69,169.6,961.09,639.84,321.25,0.3343,170.18,1,3.9
ORD00322,2022-10-11,CUST0230,South,Telangana,Corporate,Clothing,Shoes,Online,Credit Card,5,709.15,0.15,3545.75,531.86,3013.89,1747.71,1266.18,0.4201,50.67,8,4.3
ORD00323,2024-05-28,CUST0306,South,Tamil Nadu,Consumer,Furniture,Sofa,Online,Net Banking,1,40.58,0.1,40.58,4.06,36.52,27.53,8.99,0.2462,285.59,6,3.7
ORD00324,2024-08-17,CUST0986,West,Maharashtra,Consumer,Office Supplies,Pens,Online,Net Banking,2,821.64,0.0,1643.28,0.0,1643.28,1209.54,433.74,0.2639,216.4,6,4.8
ORD00325,2023-03-29,CUST0117,West,Rajasthan,Consumer,Home Appliances,Air Cooler,Store,Debit Card,2,943.4,0.25,1886.8,471.7,1415.1,929.12,485.98,0.3434,125.15,3,3.9
ORD00326,2024-10-16,CUST0240,South,Tamil Nadu,Consumer,Electronics,Monitor,Online,UPI,5,1472.09,0.05,7360.45,368.02,6992.43,4564.8,2427.63,0.3472,129.09,6,4.1
ORD00327,2024-03-26,CUST0855,Central,Chhattisgarh,Consumer,Home Appliances,Blender,Online,Credit Card,10,75.58,0.05,755.8,37.79,718.01,425.14,292.87,0.4079,45.34,4,4.2
ORD00328,2023-10-21,CUST0506,West,Rajasthan,Small Business,Home Appliances,Vacuum Cleaner,Store,Cash,4,775.46,0.1,3101.84,310.18,2791.66,2103.4,688.26,0.2465,147.94,9,4.1
ORD00329,2023-07-01,CUST0769,South,Tamil Nadu,Small Business,Home Appliances,Vacuum Cleaner,Online,UPI,6,160.76,0.15,964.56,144.68,819.88,583.66,236.22,0.2881,208.45,4,4.1
ORD00330,2025-04-30,CUST0533,South,Andhra Pradesh,Consumer,Electronics,Tablet,Online,UPI,5,236.26,0.25,1181.3,295.32,885.97,507.81,378.17,0.4268,286.72,6,4.2
ORD00331,2024-12-08,CUST0057,East,Jharkhand,Consumer,Electronics,Headphones,Online,UPI,2,921.54,0.25,1843.08,460.77,1382.31,901.37,480.94,0.3479,201.32,6,3.7
ORD00332,2022-01-17,CUST0659,West,Goa,Small Business,Home Appliances,Blender,Online,UPI,9,358.88,0.2,3229.92,645.98,2583.94,2051.55,532.39,0.206,202.2,1,3.8
ORD00333,2025-04-10,CUST0029,North,Uttar Pradesh,Consumer,Office Supplies,Notebook,Store,Net Banking,10,1127.52,0.1,11275.2,1127.52,10147.68,6820.67,3327.01,0.3279,240.2,4,4.6
ORD00334,2025-05-28,CUST0434,West,Gujarat,Corporate,Clothing,Jacket,Store,UPI,8,778.59,0.0,6228.72,0.0,6228.72,3972.24,2256.48,0.3623,162.75,9,3.1
ORD00335,2022-06-07,CUST0218,West,Maharashtra,Small Business,Home Appliances,Microwave,Online,Cash,9,339.05,0.1,3051.45,305.15,2746.3,1987.84,758.47,0.2762,29.0,10,3.5
ORD00336,2023-04-22,CUST0546,South,Karnataka,Small Business,Furniture,Sofa,Online,UPI,6,748.28,0.0,4489.68,0.0,4489.68,2715.37,1774.31,0.3952,269.16,6,3.0
ORD00337,2024-12-05,CUST0849,West,Maharashtra,Consumer,Home Appliances,Vacuum Cleaner,Store,Credit Card,5,16.31,0.0,81.55,0.0,81.55,56.39,25.16,0.3086,132.69,4,3.0
ORD00338,2025-10-28,CUST0466,Central,Madhya Pradesh,Consumer,Electronics,Laptop,Online,Cash,5,1296.17,0.0,6480.85,0.0,6480.85,4736.02,1744.83,0.2692,295.71,7,3.4
ORD00339,2023-06-02,CUST0566,North,Haryana,Consumer,Clothing,Backpack,Store,UPI,2,33.83,0.0,67.66,0.0,67.66,52.83,14.83,0.2192,133.79,10,3.9
ORD00340,2022-04-09,CUST0544,South,Andhra Pradesh,Small Business,Furniture,Office Chair,Online,UPI,4,25.41,0.1,101.64,10.16,91.48,67.42,24.06,0.263,207.13,7,4.3
ORD00341,2024-11-26,CUST0504,South,Tamil Nadu,Small Business,Clothing,Backpack,Online,Cash,2,923.08,0.05,1846.16,92.31,1753.85,1146.65,607.2,0.3462,148.76,5,4.2
ORD00342,2022-10-07,CUST0388,Central,Chhattisgarh,Corporate,Clothing,Jeans,Partner,Credit Card,2,1460.68,0.05,2921.36,146.07,2775.29,2101.75,673.55,0.2427,85.08,4,4.4
ORD00343,2025-10-04,CUST0542,Central,Chhattisgarh,Corporate,Furniture,Sofa,Store,Debit Card,8,1286.06,0.15,10288.48,1543.27,8745.21,6931.17,1814.04,0.2074,280.62,4,3.6
ORD00344,2023-05-12,CUST0351,South,Telangana,Corporate,Home Appliances,Microwave,Online,Credit Card,4,389.25,0.15,1557.0,233.55,1323.45,898.62,424.83,0.321,195.61,7,5.0
ORD00345,2022-10-29,CUST0914,West,Goa,Corporate,Home Appliances,Vacuum Cleaner,Online,UPI,4,307.05,0.2,1228.2,245.64,982.56,541.6,440.96,0.4488,146.15,6,4.0
ORD00346,2022-06-30,CUST0325,East,Jharkhand,Small Business,Home Appliances,Air Cooler,Online,Net Banking,7,944.78,0.1,6613.46,661.35,5952.11,4689.36,1262.75,0.2122,60.37,4,4.8
ORD00347,2023-08-30,CUST0992,East,Jharkhand,Corporate,Office Supplies,Notebook,Online,Cash,4,1236.62,0.05,4946.48,247.32,4699.16,2794.44,1904.71,0.4053,299.75,3,3.8
ORD00348,2025-01-27,CUST0541,South,Andhra Pradesh,Consumer,Home Appliances,Vacuum Cleaner,Partner,UPI,9,552.69,0.0,4974.21,0.0,4974.21,2905.48,2068.73,0.4159,270.64,2,3.6
ORD00349,2023-12-01,CUST0396,South,Andhra Pradesh,Consumer,Furniture,Bookshelf,Partner,Net Banking,9,657.05,0.15,5913.45,887.02,5026.43,3182.1,1844.33,0.3669,138.38,4,4.2
ORD00350,2024-09-19,CUST0783,South,Telangana,Corporate,Office Supplies,Pens,Online,Cash,3,186.5,0.15,559.5,83.92,475.58,310.36,165.22,0.3474,68.01,7,3.2
ORD00351,2025-02-13,CUST0079,East,Bihar,Consumer,Home Appliances,Vacuum Cleaner,Online,UPI,6,241.95,0.0,1451.7,0.0,1451.7,1111.76,339.94,0.2342,28.31,2,3.2
ORD00352,2022-07-10,CUST0483,North,Punjab,Consumer,Office Supplies,Notebook,Store,Credit Card,7,859.0,0.2,6013.0,1202.6,4810.4,3151.19,1659.21,0.3449,62.51,9,4.7
ORD00353,2022-09-10,CUST0309,Central,Madhya Pradesh,Small Business,Furniture,Desk,Online,UPI,3,167.44,0.1,502.32,50.23,452.09,254.61,197.48,0.4368,169.64,9,4.1
ORD00354,2024-09-07,CUST0419,North,Punjab,Corporate,Home Appliances,Coffee Maker,Store,Cash,4,315.04,0.0,1260.16,0.0,1260.16,909.47,350.69,0.2783,248.42,6,3.8
ORD00355,2024-07-16,CUST0235,South,Karnataka,Small Business,Electronics,Tablet,Store,Cash,1,363.5,0.1,363.5,36.35,327.15,239.22,87.93,0.2688,121.79,9,4.8
ORD00356,2025-03-30,CUST0436,East,Bihar,Consumer,Furniture,Cabinet,Store,UPI,9,674.23,0.1,6068.07,606.81,5461.26,4204.3,1256.97,0.2302,141.51,1,3.6
ORD00357,2025-07-03,CUST0437,West,Goa,Corporate,Clothing,Jeans,Store,Net Banking,7,82.73,0.0,579.11,0.0,579.11,380.88,198.23,0.3423,152.52,6,5.0
ORD00358,2025-09-08,CUST0910,North,Delhi,Consumer,Clothing,Jacket,Store,Credit Card,10,757.16,0.05,7571.6,378.58,7193.02,4123.32,3069.7,0.4268,24.92,3,3.9
ORD00359,2022-05-08,CUST0871,South,Andhra Pradesh,Small Business,Furniture,Bookshelf,Partner,Credit Card,7,1394.08,0.15,9758.56,1463.78,8294.78,5800.76,2494.02,0.3007,69.57,6,3.5
ORD00360,2022-01-18,CUST0146,Central,Chhattisgarh,Consumer,Clothing,Shoes,Online,Cash,9,51.33,0.1,461.97,46.2,415.77,242.26,173.51,0.4173,160.25,5,4.6
ORD00361,2023-07-20,CUST0166,South,Tamil Nadu,Corporate,Furniture,Cabinet,Partner,Credit Card,6,952.01,0.05,5712.06,285.6,5426.46,3009.57,2416.89,0.4454,98.23,5,3.6
ORD00362,2023-07-24,CUST0598,South,Tamil Nadu,Corporate,Electronics,Tablet,Online,Credit Card,8,1256.23,0.2,10049.84,2009.97,8039.87,6112.05,1927.82,0.2398,166.53,1,4.0
ORD00363,2025-09-08,CUST0166,West,Maharashtra,Consumer,Furniture,Bookshelf,Online,Debit Card,5,479.0,0.05,2395.0,119.75,2275.25,1499.21,776.04,0.3411,50.27,5,5.0
ORD00364,2023-11-17,CUST0567,North,Punjab,Small Business,Home Appliances,Coffee Maker,Online,UPI,8,210.31,0.05,1682.48,84.12,1598.36,1105.66,492.69,0.3082,244.79,6,3.8
ORD00365,2023-09-18,CUST0395,East,Jharkhand,Small Business,Home Appliances,Vacuum Cleaner,Store,UPI,10,79.36,0.05,793.6,39.68,753.92,549.58,204.34,0.271,239.45,1,4.0
ORD00366,2025-08-04,CUST0835,South,Andhra Pradesh,Consumer,Office Supplies,Pens,Online,Debit Card,1,971.2,0.2,971.2,194.24,776.96,511.46,265.5,0.3417,207.56,10,4.1
ORD00367,2024-05-03,CUST0253,South,Tamil Nadu,Consumer,Clothing,Jacket,Store,Cash,3,835.07,0.1,2505.21,250.52,2254.69,1271.21,983.48,0.4362,168.8,7,4.7
ORD00368,2024-08-19,CUST0565,South,Telangana,Consumer,Clothing,T-Shirt,Store,Cash,4,355.5,0.15,1422.0,213.3,1208.7,747.27,461.43,0.3818,129.17,1,3.9
ORD00369,2022-06-04,CUST0974,North,Uttar Pradesh,Consumer,Furniture,Office Chair,Online,Debit Card,9,1249.95,0.25,11249.55,2812.39,8437.16,5083.16,3354.01,0.3975,211.14,7,5.0
ORD00370,2023-05-05,CUST0940,South,Telangana,Small Business,Clothing,T-Shirt,Store,Debit Card,8,1107.23,0.15,8857.84,1328.68,7529.16,6127.96,1401.2,0.1861,238.91,9,3.9
ORD00371,2025-11-10,CUST0409,North,Delhi,Small Business,Home Appliances,Microwave,Partner,UPI,8,425.5,0.0,3404.0,0.0,3404.0,2551.86,852.14,0.2503,246.41,7,4.5
ORD00372,2024-02-24,CUST0446,West,Goa,Consumer,Electronics,Smartphone,Store,UPI,2,1133.74,0.15,2267.48,340.12,1927.36,1295.03,632.33,0.3281,117.32,10,3.7
ORD00373,2025-02-01,CUST0654,South,Telangana,Consumer,Furniture,Sofa,Online,Debit Card,7,378.82,0.15,2651.74,397.76,2253.98,1278.25,975.73,0.4329,74.31,5,4.1
ORD00374,2025-11-17,CUST0047,South,Karnataka,Consumer,Clothing,Shoes,Partner,Debit Card,3,1017.77,0.05,3053.31,152.67,2900.64,1686.09,1214.56,0.4187,115.71,3,4.3
ORD00375,2022-09-03,CUST0095,Central,Chhattisgarh,Consumer,Home Appliances,Vacuum Cleaner,Store,Debit Card,6,191.04,0.05,1146.24,57.31,1088.93,837.91,251.02,0.2305,22.16,7,4.0
ORD00376,2025-04-14,CUST0857,West,Maharashtra,Consumer,Office Supplies,File Folder,Online,Credit Card,4,1042.98,0.15,4171.92,625.79,3546.13,2855.6,690.53,0.1947,138.5,6,3.5
ORD00377,2024-11-28,CUST0951,North,Delhi,Consumer,Clothing,T-Shirt,Online,UPI,6,369.58,0.05,2217.48,110.87,2106.61,1176.46,930.14,0.4415,96.57,8,3.8
ORD00378,2024-01-29,CUST0489,Central,Madhya Pradesh,Consumer,Electronics,Headphones,Online,UPI,4,865.12,0.05,3460.48,173.02,3287.46,2616.18,671.27,0.2042,241.21,8,4.6
ORD00379,2023-06-22,CUST0723,South,Tamil Nadu,Corporate,Electronics,Headphones,Partner,UPI,3,271.11,0.15,813.33,122.0,691.33,451.27,240.06,0.3472,208.95,10,3.7
ORD00380,2024-07-09,CUST0652,North,Delhi,Corporate,Clothing,T-Shirt,Online,Net Banking,2,1093.06,0.2,2186.12,437.22,1748.9,1062.77,686.13,0.3923,27.28,6,5.0
ORD00381,2023-02-12,CUST0263,West,Gujarat,Consumer,Clothing,Jeans,Online,Debit Card,4,105.41,0.0,421.64,0.0,421.64,243.54,178.1,0.4224,60.4,7,4.1
ORD00382,2023-06-09,CUST0433,East,Bihar,Small Business,Home Appliances,Blender,Partner,Net Banking,10,260.65,0.1,2606.5,260.65,2345.85,1779.03,566.82,0.2416,171.81,3,4.1
ORD00383,2024-04-07,CUST0654,South,Andhra Pradesh,Corporate,Clothing,Shoes,Online,Credit Card,2,288.44,0.1,576.88,57.69,519.19,351.29,167.9,0.3234,193.07,4,4.2
ORD00384,2024-06-21,CUST0925,South,Karnataka,Small Business,Office Supplies,Printer Paper,Partner,UPI,7,76.4,0.15,534.8,80.22,454.58,352.19,102.39,0.2252,235.29,7,4.1
ORD00385,2022-02-05,CUST0943,East,Odisha,Consumer,Home Appliances,Microwave,Online,Net Banking,1,1121.34,0.25,1121.34,280.33,841.0,513.91,327.1,0.3889,291.12,6,5.0
ORD00386,2023-11-16,CUST0654,South,Tamil Nadu,Small Business,Furniture,Sofa,Online,UPI,1,1471.71,0.15,1471.71,220.76,1250.95,917.22,333.74,0.2668,216.54,3,3.8
ORD00387,2022-01-20,CUST0983,Central,Chhattisgarh,Small Business,Office Supplies,Notebook,Online,UPI,5,1170.92,0.1,5854.6,585.46,5269.14,3066.07,2203.07,0.4181,172.57,10,4.3
ORD00388,2022-11-17,CUST0691,South,Andhra Pradesh,Consumer,Home Appliances,Blender,Partner,,7,1293.04,0.25,9051.28,2262.82,6788.46,3898.16,2890.3,0.4258,136.04,7,4.6
ORD00389,2023-05-27,CUST0243,Central,Madhya Pradesh,Consumer,Home Appliances,Microwave,Store,Cash,1,23.92,0.0,23.92,0.0,23.92,14.02,9.9,0.414,226.69,3,5.0
ORD00390,2023-02-04,CUST0654,East,Jharkhand,Small Business,Electronics,Smartphone,Partner,UPI,4,190.04,0.0,760.16,0.0,760.16,584.11,176.05,0.2316,281.73,10,4.2
ORD00391,2023-10-16,CUST0855,West,Rajasthan,Corporate,Home Appliances,Blender,Store,Net Banking,5,845.15,0.1,4225.75,422.58,3803.18,2764.97,1038.2,0.273,138.41,8,3.2
ORD00392,2024-08-29,CUST0904,West,Maharashtra,Small Business,Office Supplies,Notebook,Online,Cash,2,1467.14,0.05,2934.28,146.71,2787.57,1658.07,1129.49,0.4052,183.7,7,3.1
ORD00393,2023-04-16,CUST0333,West,Goa,Corporate,Clothing,Jeans,Online,UPI,7,996.16,0.0,6973.12,0.0,6973.12,4559.64,2413.48,0.3461,77.97,4,4.3
ORD00394,2025-03-12,CUST0612,South,Andhra Pradesh,Corporate,Office Supplies,Pens,Online,UPI,4,570.59,0.05,2282.36,114.12,2168.24,1639.61,528.63,0.2438,260.09,1,4.3
ORD00395,2025-01-20,CUST0108,South,Telangana,Consumer,Furniture,Office Chair,Store,Credit Card,8,232.03,0.15,1856.24,278.44,1577.8,989.49,588.31,0.3729,219.79,6,4.1
ORD00396,2025-10-09,CUST0321,South,Tamil Nadu,Consumer,Home Appliances,Vacuum Cleaner,Partner,Debit Card,1,241.96,0.2,241.96,48.39,193.57,154.61,38.96,0.2013,119.32,5,3.8
ORD00397,2024-04-13,CUST0805,Central,Chhattisgarh,Small Business,Home Appliances,Microwave,Online,UPI,10,553.69,0.0,5536.9,0.0,5536.9,4412.59,1124.31,0.2031,264.73,9,4.0
ORD00398,2023-12-28,CUST0474,West,Gujarat,Consumer,Home Appliances,Blender,Store,Net Banking,1,1075.01,0.1,1075.01,107.5,967.51,676.56,290.95,0.3007,291.84,10,4.0
ORD00399,2024-05-03,CUST0708,South,Karnataka,Consumer,Home Appliances,Blender,Partner,Debit Card,1,62.25,0.05,62.25,3.11,59.14,42.62,16.52,0.2794,100.79,6,3.9
ORD00400,2022-02-20,CUST0272,North,Haryana,Corporate,Electronics,Headphones,Online,Cash,4,1280.48,0.15,5121.92,768.29,4353.63,3162.34,1191.29,0.2736,72.26,1,4.2
ORD00401,2023-07-29,CUST0473,South,Andhra Pradesh,Corporate,Electronics,Headphones,Partner,Debit Card,1,1413.2,0.1,1413.2,141.32,1271.88,788.29,483.59,0.3802,252.93,3,4.0
ORD00402,2025-04-28,CUST0467,West,Gujarat,Consumer,Clothing,Jacket,Online,UPI,5,1334.89,0.2,6674.45,1334.89,5339.56,3463.43,1876.13,0.3514,183.08,2,3.6
ORD00403,2025-02-22,CUST0404,East,Odisha,Consumer,Home Appliances,Blender,Store,Debit Card,6,1370.84,0.0,8225.04,0.0,8225.04,4825.66,3399.38,0.4133,267.62,3,3.8
ORD00404,2022-05-30,CUST0986,West,Goa,Consumer,Furniture,Sofa,Online,UPI,7,37.78,0.1,264.46,26.45,238.01,190.34,47.67,0.2003,117.31,1,3.2
ORD00405,2022-11-10,CUST0755,Central,Madhya Pradesh,Consumer,Clothing,Jeans,Online,Net Banking,8,1467.02,0.0,11736.16,0.0,11736.16,8748.6,2987.56,0.2546,182.75,2,2.7
ORD00406,2023-07-24,CUST0224,North,Delhi,Corporate,Home Appliances,Microwave,Online,Debit Card,8,559.04,0.1,4472.32,447.23,4025.09,2264.18,1760.91,0.4375,181.62,8,4.0
ORD00407,2025-09-27,CUST0963,East,Bihar,Consumer,Electronics,Headphones,Partner,Credit Card,2,1305.88,0.2,2611.76,522.35,2089.41,1459.11,630.3,0.3017,72.7,3,4.2
ORD00408,2022-11-01,CUST0112,South,Tamil Nadu,Small Business,Furniture,Bookshelf,Store,UPI,4,292.41,0.2,1169.64,233.93,935.71,601.32,334.4,0.3574,297.74,9,3.3
ORD00409,2023-11-13,CUST0455,South,Tamil Nadu,Small Business,Clothing,Shoes,Online,UPI,7,678.09,0.05,4746.63,237.33,4509.3,3472.74,1036.56,0.2299,205.94,4,4.3
ORD00410,2024-04-17,CUST0288,North,Punjab,Corporate,Furniture,Desk,Partner,Net Banking,9,80.58,0.15,725.22,108.78,616.44,396.26,220.18,0.3572,205.96,2,4.2
ORD00411,2024-12-13,CUST0453,North,Punjab,Consumer,Home Appliances,Coffee Maker,Store,Cash,9,74.51,0.05,670.59,33.53,637.06,461.18,175.88,0.2761,103.12,7,3.6
ORD00412,2024-09-29,CUST0341,Central,Madhya Pradesh,Consumer,Office Supplies,File Folder,Partner,Credit Card,3,1415.77,0.0,4247.31,0.0,4247.31,2526.09,1721.22,0.4053,202.11,9,3.9
ORD00413,2023-03-20,CUST0158,South,Tamil Nadu,Consumer,Furniture,Desk,Online,UPI,7,1218.75,0.2,8531.25,1706.25,6825.0,4783.4,2041.6,0.2991,253.23,5,3.2
ORD00414,2023-09-05,CUST0660,East,West Bengal,Consumer,Furniture,Office Chair,Online,UPI,4,801.79,0.0,3207.16,0.0,3207.16,2018.42,1188.74,0.3707,247.78,1,4.3
ORD00415,2024-09-19,CUST0186,Central,Madhya Pradesh,Small Business,Electronics,Headphones,Store,Cash,9,795.31,0.0,7157.79,0.0,7157.79,4255.45,2902.34,0.4055,277.52,9,2.8
ORD00416,2022-09-21,CUST0029,West,Goa,Consumer,Home Appliances,Coffee Maker,Online,Cash,7,1126.9,0.05,7888.3,394.42,7493.89,5374.61,2119.27,0.2828,61.63,9,3.9
ORD00417,2024-12-12,CUST0408,North,Uttar Pradesh,Small Business,Furniture,Office Chair,Online,UPI,6,522.38,0.05,3134.28,156.71,2977.57,2151.09,826.47,0.2776,71.19,7,4.8
ORD00418,2024-09-30,CUST0897,East,Odisha,Consumer,Home Appliances,Blender,Online,UPI,9,1146.38,0.0,10317.42,0.0,10317.42,8413.91,1903.51,0.1845,218.85,1,4.0
ORD00419,2022-01-05,CUST0747,South,Andhra Pradesh,Consumer,Electronics,Laptop,Online,Credit Card,7,735.24,0.15,5146.68,772.0,4374.68,3196.4,1178.28,0.2693,246.17,4,3.7
ORD00420,2025-01-31,CUST0985,West,Rajasthan,Small Business,Home Appliances,Blender,Online,Debit Card,8,962.31,0.1,7698.48,769.85,6928.63,4775.5,2153.13,0.3108,208.81,1,3.2
ORD00421,2025-05-04,CUST0027,West,Rajasthan,Corporate,Electronics,Headphones,Partner,UPI,5,1447.77,0.1,7238.85,723.89,6514.96,5188.57,1326.4,0.2036,60.0,3,5.0
ORD00422,2024-02-13,CUST0985,West,Maharashtra,Consumer,Electronics,Laptop,Online,UPI,4,714.9,0.05,2859.6,142.98,2716.62,2101.67,614.95,0.2264,186.59,7,3.2
ORD00423,2024-05-26,CUST0763,South,Tamil Nadu,Consumer,Clothing,Shoes,Online,UPI,1,636.33,0.1,636.33,63.63,572.7,399.83,172.86,0.3018,229.55,1,4.7
ORD00424,2024-09-18,CUST0533,West,Gujarat,Consumer,Home Appliances,Microwave,Online,UPI,8,1360.04,0.15,10880.32,1632.05,9248.27,6363.41,2884.87,0.3119,58.35,8,3.8
ORD00425,2024-06-02,CUST0913,North,Uttar Pradesh,Corporate,Office Supplies,Printer Paper,Store,Debit Card,6,1355.33,0.2,8131.98,1626.4,6505.58,5232.65,1272.94,0.1957,35.63,10,4.1
ORD00426,2025-10-05,CUST0092,North,Uttar Pradesh,Consumer,Clothing,Jeans,Store,UPI,4,1488.74,0.25,5954.96,1488.74,4466.22,3200.6,1265.62,0.2834,91.34,4,3.9
ORD00427,2022-02-16,CUST0928,South,Telangana,Corporate,Electronics,Laptop,Store,Credit Card,3,833.03,0.1,2499.09,249.91,2249.18,1670.51,578.67,0.2573,45.41,4,3.3
ORD00428,2024-05-16,CUST0172,North,Haryana,Corporate,Office Supplies,Printer Paper,Online,Credit Card,5,526.23,0.25,2631.15,657.79,1973.36,1131.53,841.83,0.4266,61.59,1,3.5
ORD00429,2024-04-02,CUST0114,South,Telangana,Small Business,Furniture,Bookshelf,Online,Credit Card,4,371.98,0.05,1487.92,74.4,1413.52,1051.58,361.94,0.2561,76.94,5,4.8
ORD00430,2024-07-24,CUST0098,West,Rajasthan,Consumer,Furniture,Bookshelf,Store,Net Banking,7,65.63,0.0,459.41,0.0,459.41,285.51,173.9,0.3785,168.59,8,2.7
ORD00431,2023-10-18,CUST0255,Central,Madhya Pradesh,Consumer,Clothing,Shoes,Partner,Credit Card,6,1094.19,0.15,6565.14,984.77,5580.37,3243.28,2337.09,0.4188,63.64,8,3.9
ORD00432,2022-09-26,CUST0022,South,Tamil Nadu,Corporate,Office Supplies,Pens,Store,Net Banking,3,361.71,0.0,1085.13,0.0,1085.13,845.76,239.37,0.2206,189.31,7,5.0
ORD00433,2023-01-05,CUST0554,South,Karnataka,Consumer,Home Appliances,Vacuum Cleaner,Online,Credit Card,10,915.86,0.0,9158.6,0.0,9158.6,6746.42,2412.18,0.2634,101.38,7,4.3
ORD00434,2023-09-28,CUST0121,South,Tamil Nadu,Consumer,Office Supplies,File Folder,Online,UPI,1,1376.14,0.2,1376.14,275.23,1100.91,726.65,374.26,0.34,106.96,8,4.3
ORD00435,2025-02-03,CUST0211,South,Andhra Pradesh,Consumer,Clothing,Backpack,Online,Cash,7,1426.07,0.15,9982.49,1497.37,8485.12,5655.18,2829.93,0.3335,290.87,8,4.3
ORD00436,2023-10-19,CUST0702,North,Haryana,Consumer,Home Appliances,Coffee Maker,Store,UPI,5,21.55,0.0,107.75,0.0,107.75,65.0,42.75,0.3968,245.44,1,4.0
ORD00437,2022-04-30,CUST0816,Central,Madhya Pradesh,Consumer,Home Appliances,Coffee Maker,Online,Credit Card,1,485.86,0.15,485.86,72.88,412.98,228.2,184.78,0.4474,138.76,2,3.7
ORD00438,2024-04-10,CUST0648,South,Telangana,Consumer,Furniture,Desk,Online,Debit Card,1,1258.51,0.15,1258.51,188.78,1069.73,689.26,380.48,0.3557,145.29,10,4.7
ORD00439,2024-12-17,CUST0386,South,Andhra Pradesh,Small Business,Office Supplies,Stapler,Online,Cash,6,811.62,0.2,4869.72,973.94,3895.78,2298.79,1596.99,0.4099,52.14,8,3.3
ORD00440,2025-10-01,CUST0901,North,Punjab,Corporate,Home Appliances,Air Cooler,Online,Debit Card,4,1214.15,0.1,4856.6,485.66,4370.94,2901.72,1469.22,0.3361,256.47,1,4.3
ORD00441,2024-01-11,CUST0284,Central,Chhattisgarh,Consumer,Clothing,Jacket,Online,UPI,8,1282.19,0.15,10257.52,1538.63,8718.89,6758.3,1960.59,0.2249,21.12,9,3.4
ORD00442,2022-04-27,CUST0900,West,Rajasthan,Consumer,Furniture,Sofa,Online,UPI,2,672.3,0.15,1344.6,201.69,1142.91,664.01,478.9,0.419,60.45,9,3.6
ORD00443,2024-03-01,CUST0053,Central,Chhattisgarh,Corporate,Home Appliances,Vacuum Cleaner,Store,Debit Card,4,548.09,0.15,2192.36,328.85,1863.51,1071.09,792.41,0.4252,169.54,10,4.7
ORD00444,2025-02-24,CUST0868,West,Goa,Small Business,Office Supplies,Stapler,Online,Credit Card,8,691.32,0.1,5530.56,553.06,4977.5,3949.99,1027.52,0.2064,72.76,2,3.8
ORD00445,2025-11-17,CUST0641,South,Tamil Nadu,Consumer,Furniture,Office Chair,Online,UPI,8,984.4,0.1,7875.2,787.52,7087.68,5324.18,1763.5,0.2488,197.18,6,3.6
ORD00446,2024-10-09,CUST0591,South,Tamil Nadu,Small Business,Office Supplies,Notebook,Online,UPI,5,560.23,0.1,2801.15,280.12,2521.04,1422.69,1098.34,0.4357,21.02,4,5.0
ORD00447,2024-12-17,CUST0461,West,Goa,Corporate,Office Supplies,Stapler,Online,Debit Card,3,1165.86,0.25,3497.58,874.4,2623.18,1499.11,1124.08,0.4285,47.56,10,3.4
ORD00448,2023-09-26,CUST0735,South,Telangana,Consumer,Office Supplies,Printer Paper,Store,Net Banking,4,1357.43,0.05,5429.72,271.49,5158.23,3790.94,1367.3,0.2651,234.11,7,5.0
ORD00449,2023-05-28,CUST0721,East,Jharkhand,Small Business,Furniture,Bookshelf,Online,Net Banking,3,434.23,0.0,1302.69,0.0,1302.69,846.74,455.95,0.35,181.43,2,4.1
ORD00450,2024-03-12,CUST0902,North,Punjab,Corporate,Home Appliances,Air Cooler,Store,Cash,2,1448.01,0.15,2896.02,434.4,2461.62,1835.2,626.42,0.2545,25.45,10,4.7
ORD00451,2025-01-24,CUST0856,North,Punjab,Small Business,Electronics,Monitor,Store,Credit Card,4,939.75,0.05,3759.0,187.95,3571.05,2354.05,1217.0,0.3408,77.63,1,3.5
ORD00452,2025-02-15,CUST0951,East,Jharkhand,Consumer,Home Appliances,Coffee Maker,Store,Debit Card,9,1319.08,0.1,11871.72,1187.17,10684.55,8668.4,2016.15,0.1887,86.91,9,4.6
ORD00453,2023-07-14,CUST0308,East,Jharkhand,Corporate,Furniture,Sofa,Online,Net Banking,6,169.32,0.0,1015.92,0.0,1015.92,749.23,266.69,0.2625,257.74,9,4.5
ORD00454,2023-05-03,CUST0333,West,Goa,Corporate,Electronics,Smartphone,Online,Credit Card,4,388.48,0.1,1553.92,155.39,1398.53,786.79,611.74,0.4374,183.11,9,3.7
ORD00455,2025-06-14,CUST0213,North,Uttar Pradesh,Consumer,Electronics,Tablet,Store,Credit Card,1,491.71,0.2,491.71,98.34,393.37,251.45,141.91,0.3608,171.6,5,3.8
ORD00456,2024-06-15,CUST0536,East,West Bengal,Corporate,Electronics,Headphones,Online,Net Banking,7,464.69,0.15,3252.83,487.92,2764.91,1941.44,823.46,0.2978,44.28,3,3.1
ORD00457,2025-07-19,CUST0190,North,Haryana,Consumer,Clothing,T-Shirt,Online,Debit Card,2,270.21,0.05,540.42,27.02,513.4,302.04,211.36,0.4117,203.94,6,3.4
ORD00458,2025-04-27,CUST0184,North,Punjab,Consumer,Furniture,Sofa,Store,Debit Card,6,1304.28,0.25,7825.68,1956.42,5869.26,3232.09,2637.17,0.4493,63.65,10,4.5
ORD00459,2023-12-05,CUST0214,South,Karnataka,Consumer,Clothing,T-Shirt,Online,Debit Card,10,636.64,0.05,6366.4,318.32,6048.08,3455.95,2592.13,0.4286,166.09,1,3.9
ORD00460,2023-08-04,CUST0093,North,Uttar Pradesh,Corporate,Electronics,Laptop,Online,Net Banking,1,1445.25,0.1,1445.25,144.52,1300.72,899.52,401.21,0.3084,185.94,10,3.2
ORD00461,2024-02-29,CUST0408,South,Tamil Nadu,Small Business,Clothing,Shoes,Store,Debit Card,7,881.46,0.1,6170.22,617.02,5553.2,4002.24,1550.96,0.2793,255.73,8,4.3
ORD00462,2024-05-10,CUST0620,South,Telangana,Consumer,Clothing,Shoes,Partner,Net Banking,4,220.52,0.25,882.08,220.52,661.56,380.45,281.11,0.4249,245.81,10,4.8
ORD00463,2022-09-04,CUST0716,South,Telangana,Corporate,Furniture,Office Chair,Partner,UPI,3,825.67,0.0,2477.01,0.0,2477.01,1807.21,669.8,0.2704,73.23,4,4.6
ORD00464,2025-01-04,CUST0276,North,Haryana,Consumer,Office Supplies,Pens,Online,,10,1490.41,0.15,14904.1,2235.61,12668.48,9078.53,3589.95,0.2834,276.53,2,4.7
ORD00465,2022-06-03,CUST0034,North,Punjab,Small Business,Clothing,Backpack,Online,Debit Card,7,854.28,0.05,5979.96,299.0,5680.96,4566.2,1114.76,0.1962,20.77,4,2.9
ORD00466,2025-12-29,CUST0783,North,Haryana,Corporate,Clothing,Jeans,Online,Credit Card,3,17.78,0.0,53.34,0.0,53.34,41.44,11.9,0.223,112.44,1,4.3
ORD00467,2024-09-23,CUST0819,North,Haryana,Corporate,Electronics,Headphones,Online,UPI,8,1400.62,0.2,11204.96,2240.99,8963.97,7213.08,1750.88,0.1953,38.58,10,2.9
ORD00468,2025-01-14,CUST0245,West,Maharashtra,Corporate,Electronics,Tablet,Store,Debit Card,4,363.82,0.1,1455.28,145.53,1309.75,1062.01,247.74,0.1892,221.87,10,3.3
ORD00469,2023-11-28,CUST0639,South,Karnataka,Consumer,Electronics,Tablet,Online,Cash,3,1037.47,0.15,3112.41,466.86,2645.55,1769.92,875.63,0.331,160.06,8,4.6
ORD00470,2025-08-01,CUST0772,South,Telangana,Consumer,Home Appliances,Vacuum Cleaner,Online,UPI,7,779.89,0.05,5459.23,272.96,5186.27,3535.67,1650.6,0.3183,68.98,6,4.2
ORD00471,2025-05-28,CUST0309,South,Telangana,Small Business,Clothing,Backpack,Partner,UPI,7,498.27,0.15,3487.89,523.18,2964.71,1856.02,1108.69,0.374,43.84,1,4.8
ORD00472,2024-12-28,CUST0654,West,Goa,Consumer,Electronics,Headphones,Store,Debit Card,9,434.72,0.15,3912.48,586.87,3325.61,2285.61,1039.99,0.3127,83.3,1,3.9
ORD00473,2024-12-06,CUST0705,Central,Madhya Pradesh,Corporate,Furniture,Cabinet,Store,Net Banking,10,1394.21,0.1,13942.1,1394.21,12547.89,7411.95,5135.94,0.4093,277.81,2,4.7
ORD00474,2024-10-05,CUST0417,West,Rajasthan,Small Business,Home Appliances,Air Cooler,Partner,Debit Card,7,1369.21,0.1,9584.47,958.45,8626.02,6308.09,2317.93,0.2687,209.74,7,4.2
ORD00475,2022-04-04,CUST0380,West,Rajasthan,Consumer,Office Supplies,Stapler,Store,Debit Card,6,777.01,0.25,4662.06,1165.51,3496.54,1946.64,1549.91,0.4433,87.83,2,3.5
ORD00476,2024-08-15,CUST0050,East,Bihar,Small Business,Clothing,T-Shirt,Online,Net Banking,3,398.87,0.15,1196.61,179.49,1017.12,624.12,392.99,0.3864,270.25,3,4.6
ORD00477,2024-10-08,CUST0239,West,Gujarat,Small Business,Clothing,Jacket,Online,UPI,4,166.98,0.1,667.92,66.79,601.13,364.39,236.74,0.3938,58.22,9,4.0
ORD00478,2023-03-29,CUST0235,East,Odisha,Corporate,Furniture,Desk,Online,UPI,8,247.52,0.15,1980.16,297.02,1683.14,1351.95,331.19,0.1968,212.76,1,4.2
ORD00479,2025-05-12,CUST0319,South,Tamil Nadu,Consumer,Office Supplies,Notebook,Online,UPI,6,790.54,0.15,4743.24,711.49,4031.75,2375.2,1656.55,0.4109,138.96,9,4.7
ORD00480,2024-06-30,CUST0562,South,Telangana,Consumer,Office Supplies,Printer Paper,Store,UPI,9,472.13,0.0,4249.17,0.0,4249.17,3359.01,890.16,0.2095,95.13,6,5.0
ORD00481,2022-08-06,CUST0093,South,Andhra Pradesh,Consumer,Home Appliances,Air Cooler,Online,Debit Card,8,77.47,0.1,619.76,61.98,557.78,325.51,232.27,0.4164,93.45,9,3.8
ORD00482,2023-04-19,CUST0760,Central,Chhattisgarh,Small Business,Clothing,T-Shirt,Online,Credit Card,8,690.92,0.25,5527.36,1381.84,4145.52,3008.36,1137.16,0.2743,160.22,10,4.4
ORD00483,2023-03-08,CUST0330,East,Bihar,Small Business,Electronics,Tablet,Online,Net Banking,10,1123.09,0.2,11230.9,2246.18,8984.72,5717.6,3267.12,0.3636,280.82,8,3.9
ORD00484,2022-12-07,CUST0420,West,Goa,Corporate,Furniture,Cabinet,Online,Credit Card,10,1339.17,0.15,13391.7,2008.76,11382.94,7231.82,4151.13,0.3647,227.85,7,3.6
ORD00485,2023-07-05,CUST0462,South,Andhra Pradesh,Consumer,Furniture,Desk,Partner,UPI,7,884.15,0.0,6189.05,0.0,6189.05,5072.13,1116.92,0.1805,205.39,10,3.9
ORD00486,2025-08-05,CUST0342,South,Andhra Pradesh,Consumer,Furniture,Sofa,Store,Credit Card,10,1089.09,0.25,10890.9,2722.72,8168.17,4991.01,3177.16,0.389,265.15,7,4.5
ORD00487,2025-07-01,CUST0242,North,Uttar Pradesh,Corporate,Furniture,Desk,Store,Debit Card,1,555.64,0.1,555.64,55.56,500.08,302.39,197.68,0.3953,179.69,6,4.5
ORD00488,2022-12-23,CUST0609,North,Haryana,Corporate,Electronics,Monitor,Online,Credit Card,5,751.91,0.05,3759.55,187.98,3571.57,2532.67,1038.9,0.2909,73.74,8,3.1
ORD00489,2022-01-23,CUST0476,West,Goa,Small Business,Electronics,Tablet,Store,UPI,7,1098.5,0.15,7689.5,1153.42,6536.08,4902.08,1634.0,0.25,293.61,9,3.8
ORD00490,2023-06-06,CUST0967,East,Odisha,Corporate,Home Appliances,Microwave,Store,UPI,10,1095.57,0.2,10955.7,2191.14,8764.56,7145.54,1619.02,0.1847,169.73,8,5.0
ORD00491,2025-01-28,CUST0612,South,Tamil Nadu,Small Business,Clothing,T-Shirt,Store,Credit Card,9,645.42,0.0,5808.78,0.0,5808.78,4294.91,1513.87,0.2606,108.28,9,3.1
ORD00492,2024-03-12,CUST0484,West,Maharashtra,Corporate,Electronics,Laptop,Partner,Debit Card,4,822.35,0.2,3289.4,657.88,2631.52,1846.55,784.97,0.2983,237.89,5,3.2
ORD00493,2025-04-18,CUST0946,South,Karnataka,Corporate,Home Appliances,Coffee Maker,Partner,Cash,8,1386.93,0.2,11095.44,2219.09,8876.35,5862.52,3013.83,0.3395,149.92,3,4.7
ORD00494,2025-05-31,CUST0425,Central,Madhya Pradesh,Consumer,Office Supplies,Stapler,Partner,Debit Card,1,953.52,0.0,953.52,0.0,953.52,677.65,275.87,0.2893,23.49,4,3.8
ORD00495,2024-02-01,CUST0866,South,Andhra Pradesh,Small Business,Clothing,Backpack,Store,Net Banking,4,969.22,0.2,3876.88,775.38,3101.5,2208.97,892.53,0.2878,109.58,4,2.8
ORD00496,2023-03-18,CUST0997,South,Andhra Pradesh,Corporate,Electronics,Tablet,Partner,Cash,4,1180.16,0.2,4720.64,944.13,3776.51,2299.07,1477.44,0.3912,148.01,9,3.9
ORD00497,2024-02-08,CUST0966,South,Telangana,Consumer,Office Supplies,Notebook,Online,Cash,2,186.11,0.0,372.22,0.0,372.22,272.18,100.04,0.2688,124.33,9,3.7
ORD00498,2024-10-12,CUST0227,North,Haryana,Consumer,Home Appliances,Coffee Maker,Partner,Net Banking,3,791.48,0.05,2374.44,118.72,2255.72,1365.15,890.57,0.3948,174.49,1,3.5
ORD00499,2025-09-10,CUST0155,North,Uttar Pradesh,Consumer,Electronics,Laptop,Partner,Debit Card,3,1439.76,0.05,4319.28,215.96,4103.32,2799.64,1303.67,0.3177,71.34,5,5.0
ORD00500,2023-05-31,CUST0542,West,Rajasthan,Consumer,Electronics,Headphones,Partner,Cash,9,552.07,0.05,4968.63,248.43,4720.2,2927.3,1792.9,0.3798,180.28,2,2.9
ORD00501,2024-11-05,CUST0160,Central,Chhattisgarh,Consumer,Office Supplies,Pens,Store,Net Banking,7,452.97,0.15,3170.79,475.62,2695.17,1709.97,985.2,0.3655,296.23,5,3.6
ORD00502,2024-03-02,CUST0211,West,Rajasthan,Consumer,Electronics,Laptop,Online,Net Banking,2,907.79,0.05,1815.58,90.78,1724.8,1234.52,490.28,0.2843,231.07,5,4.1
ORD00503,2022-12-02,CUST0790,North,Uttar Pradesh,Consumer,Furniture,Desk,Online,Credit Card,9,343.36,0.25,3090.24,772.56,2317.68,1315.08,1002.6,0.4326,211.67,3,3.1
ORD00504,2022-09-15,CUST0725,East,Odisha,Consumer,Electronics,Monitor,Online,Cash,8,840.58,0.25,6724.64,1681.16,5043.48,2790.3,2253.18,0.4468,76.17,4,4.7
ORD00505,2023-05-12,CUST0581,North,Delhi,Small Business,Clothing,Shoes,Store,Net Banking,6,246.14,0.05,1476.84,73.84,1403.0,821.13,581.87,0.4147,182.9,7,3.5
ORD00506,2024-06-14,CUST0661,North,Delhi,Consumer,Office Supplies,Pens,Online,Net Banking,6,875.99,0.1,5255.94,525.59,4730.35,2817.16,1913.18,0.4044,249.51,10,3.3
ORD00507,2022-06-09,CUST0489,West,Goa,Corporate,Clothing,T-Shirt,Online,Credit Card,2,909.53,0.1,1819.06,181.91,1637.15,987.9,649.25,0.3966,87.38,4,4.4
ORD00508,2024-05-01,CUST0256,East,Odisha,Consumer,Home Appliances,Air Cooler,Store,Credit Card,3,636.32,0.1,1908.96,190.9,1718.06,1303.94,414.12,0.241,44.3,3,4.4
ORD00509,2023-11-21,CUST0056,North,Punjab,Consumer,Clothing,Jeans,Store,Cash,6,583.38,0.05,3500.28,175.01,3325.27,2230.1,1095.17,0.3293,205.29,10,4.0
ORD00510,2023-01-15,CUST0852,North,Haryana,Consumer,Furniture,Office Chair,Partner,UPI,3,379.51,0.0,1138.53,0.0,1138.53,770.65,367.88,0.3231,208.6,4,3.4
ORD00511,2024-08-14,CUST0742,Central,Chhattisgarh,Small Business,Furniture,Office Chair,Store,Debit Card,7,506.42,0.0,3544.94,0.0,3544.94,2566.43,978.51,0.276,245.23,2,3.7
ORD00512,2023-11-22,CUST0159,North,Delhi,Corporate,Clothing,Shoes,Store,Net Banking,5,755.04,0.0,3775.2,0.0,3775.2,2819.54,955.66,0.2531,196.28,1,4.0
ORD00513,2025-12-21,CUST0869,South,Karnataka,Consumer,Home Appliances,Air Cooler,Store,Credit Card,4,382.77,0.2,1531.08,306.22,1224.86,674.84,550.03,0.4491,257.46,5,3.5
ORD00514,2025-07-15,CUST0955,East,Bihar,Corporate,Electronics,Monitor,Store,Debit Card,8,1177.51,0.05,9420.08,471.0,8949.08,6992.05,1957.02,0.2187,94.51,9,4.8
ORD00515,2025-12-11,CUST0966,North,Haryana,Consumer,Furniture,Desk,Online,Debit Card,2,1067.92,0.0,2135.84,0.0,2135.84,1744.72,391.12,0.1831,29.88,9,5.0
ORD00516,2025-04-06,CUST0095,North,Delhi,Small Business,Clothing,Jacket,Online,Debit Card,3,414.92,0.1,1244.76,124.48,1120.28,653.0,467.28,0.4171,225.18,1,3.2
ORD00517,2024-12-02,CUST0239,South,Tamil Nadu,Small Business,Clothing,Jacket,Partner,Debit Card,10,159.69,0.0,1596.9,0.0,1596.9,1159.02,437.88,0.2742,128.06,1,5.0
ORD00518,2022-10-12,CUST0683,West,Maharashtra,Corporate,Clothing,T-Shirt,Store,Credit Card,4,15.27,0.0,61.08,0.0,61.08,33.63,27.45,0.4493,78.7,8,3.9
ORD00519,2023-02-01,CUST0216,East,Odisha,Corporate,Electronics,Headphones,Store,Credit Card,10,901.13,0.1,9011.3,901.13,8110.17,4567.96,3542.21,0.4368,34.46,7,3.2
ORD00520,2022-01-12,CUST0438,West,Gujarat,Small Business,Office Supplies,Notebook,Online,UPI,6,328.88,0.1,1973.28,197.33,1775.95,1113.43,662.52,0.373,231.51,7,4.3
ORD00521,2025-08-18,CUST0758,Central,Madhya Pradesh,Corporate,Home Appliances,Blender,Online,Cash,5,33.68,0.0,168.4,0.0,168.4,131.1,37.3,0.2215,251.37,9,3.8
ORD00522,2025-06-30,CUST0146,West,Gujarat,Corporate,Office Supplies,Pens,Store,UPI,5,548.24,0.1,2741.2,274.12,2467.08,1791.53,675.55,0.2738,128.93,5,4.2
ORD00523,2023-05-14,CUST0951,South,Telangana,Small Business,Home Appliances,Blender,Online,Debit Card,7,1443.57,0.1,10104.99,1010.5,9094.49,6096.69,2997.8,0.3296,267.83,8,4.6
ORD00524,2024-01-24,CUST0508,South,Andhra Pradesh,Corporate,Home Appliances,Air Cooler,Online,Credit Card,8,1039.57,0.1,8316.56,831.66,7484.9,5003.07,2481.83,0.3316,136.36,7,4.4
ORD00525,2022-02-04,CUST0797,West,Gujarat,Corporate,Clothing,Shoes,Online,Net Banking,6,1288.78,0.15,7732.68,1159.9,6572.78,4442.11,2130.67,0.3242,286.43,2,3.6
ORD00526,2023-12-28,CUST0124,West,Rajasthan,Small Business,Furniture,Cabinet,Online,Cash,3,229.94,0.05,689.82,34.49,655.33,415.46,239.86,0.366,295.3,2,5.0
ORD00527,2024-04-28,CUST0701,East,West Bengal,Corporate,Clothing,Jeans,Store,Debit Card,4,123.83,0.1,495.32,49.53,445.79,350.83,94.96,0.213,248.94,4,3.8
ORD00528,2022-03-31,CUST0819,West,Gujarat,Corporate,Electronics,Laptop,Partner,Debit Card,1,32.12,0.15,32.12,4.82,27.3,19.2,8.1,0.2967,91.75,1,4.5
ORD00529,2024-02-15,CUST0332,North,Delhi,Consumer,Home Appliances,Blender,Store,UPI,5,1434.16,0.2,7170.8,1434.16,5736.64,3904.74,1831.9,0.3193,122.57,10,4.4
ORD00530,2023-08-28,CUST0268,South,Andhra Pradesh,Consumer,Furniture,Bookshelf,Partner,Net Banking,10,460.8,,4608.0,921.6,3686.4,2490.42,1195.98,0.3244,169.14,5,4.2
ORD00531,2024-08-27,CUST0605,South,Tamil Nadu,Consumer,Home Appliances,Air Cooler,Store,UPI,8,697.36,0.1,5578.88,557.89,5020.99,4030.22,990.78,0.1973,112.03,5,4.3
ORD00532,2024-10-18,CUST0189,North,Punjab,Consumer,Home Appliances,Air Cooler,Store,UPI,3,600.87,0.1,1802.61,180.26,1622.35,1209.28,413.07,0.2546,249.3,1,3.4
ORD00533,2023-02-22,CUST0583,North,Haryana,Consumer,Clothing,Jeans,Online,UPI,10,1099.73,0.1,10997.3,1099.73,9897.57,5830.66,4066.91,0.4109,279.71,5,3.8
ORD00534,2022-04-25,CUST0144,West,Rajasthan,Small Business,Furniture,Desk,Online,Cash,4,475.3,0.2,1901.2,380.24,1520.96,1015.97,504.99,0.332,296.02,4,3.4
ORD00535,2023-09-09,CUST0128,East,Odisha,Corporate,Furniture,Desk,Store,Credit Card,4,810.15,0.15,3240.6,486.09,2754.51,1729.45,1025.06,0.3721,114.16,10,4.6
ORD00536,2025-05-04,CUST0524,South,Karnataka,Corporate,Home Appliances,Vacuum Cleaner,Online,Cash,6,1493.44,0.05,8960.64,448.03,8512.61,6950.16,1562.45,0.1835,95.67,5,3.7
ORD00537,2024-04-05,CUST0830,East,Odisha,Consumer,Furniture,Bookshelf,Store,Debit Card,9,674.43,0.0,6069.87,0.0,6069.87,4019.21,2050.66,0.3378,65.1,4,3.8
ORD00538,2025-01-03,CUST0725,East,Bihar,Small Business,Furniture,Office Chair,Online,UPI,10,833.64,0.05,8336.4,416.82,7919.58,4500.89,3418.69,0.4317,33.29,9,3.7
ORD00539,2023-02-17,CUST0964,North,Uttar Pradesh,Corporate,Clothing,Jeans,Partner,UPI,3,761.25,0.05,2283.75,114.19,2169.56,1434.14,735.42,0.339,69.56,9,3.7
ORD00540,2025-10-31,CUST0362,West,Gujarat,Corporate,Office Supplies,Notebook,Partner,UPI,4,1207.73,0.25,4830.92,1207.73,3623.19,2307.12,1316.07,0.3632,99.66,3,3.9
ORD00541,2025-12-14,CUST0572,West,Maharashtra,Consumer,Electronics,Tablet,Online,UPI,6,411.26,0.05,2467.56,123.38,2344.18,1668.79,675.39,0.2881,129.5,3,3.8
ORD00542,2023-12-30,CUST0849,West,Gujarat,Consumer,Office Supplies,Pens,Online,Debit Card,6,268.1,0.0,1608.6,0.0,1608.6,982.92,625.68,0.389,50.72,3,4.1
ORD00543,2025-07-24,CUST0796,West,Maharashtra,Corporate,Furniture,Sofa,Store,Credit Card,7,1134.83,,7943.81,1588.76,6355.05,3557.0,2798.05,0.4403,249.67,7,3.9
ORD00544,2024-10-17,CUST0832,East,Jharkhand,Corporate,Home Appliances,Coffee Maker,Online,UPI,1,632.19,,632.19,0.0,632.19,364.07,268.12,0.4241,193.33,1,3.2
ORD00545,2024-01-31,CUST0607,North,Delhi,Small Business,Electronics,Headphones,Online,UPI,9,1371.88,0.05,12346.92,617.35,11729.57,7347.99,4381.58,0.3736,177.54,4,4.5
ORD00546,2023-11-07,CUST0072,South,Karnataka,Small Business,Electronics,Tablet,Store,Credit Card,2,971.58,0.1,1943.16,194.32,1748.84,1126.34,622.51,0.356,172.68,9,4.2
ORD00547,2025-11-18,CUST0622,North,Delhi,Small Business,Home Appliances,Microwave,Partner,Cash,4,853.05,0.1,3412.2,341.22,3070.98,2380.94,690.04,0.2247,101.19,8,4.4
ORD00548,2023-04-02,CUST0946,Central,Chhattisgarh,Corporate,Electronics,Laptop,Store,Credit Card,3,119.63,0.05,358.89,17.94,340.95,212.38,128.56,0.3771,282.51,3,4.0
ORD00549,2024-07-08,CUST0282,North,Uttar Pradesh,Small Business,Home Appliances,Vacuum Cleaner,Online,Debit Card,3,1099.66,0.1,3298.98,329.9,2969.08,1658.24,1310.84,0.4415,84.89,8,4.3
ORD00550,2022-07-11,CUST0424,North,Delhi,Small Business,Electronics,Headphones,Online,Credit Card,5,1033.77,0.0,5168.85,0.0,5168.85,3932.45,1236.4,0.2392,207.23,6,3.3
ORD00551,2024-01-09,CUST0878,Central,Madhya Pradesh,Consumer,Office Supplies,File Folder,Online,UPI,7,965.51,0.1,6758.57,675.86,6082.71,4772.54,1310.17,0.2154,90.87,10,3.7
ORD00552,2025-01-27,CUST0439,Central,Chhattisgarh,Consumer,Electronics,Smartphone,Online,Debit Card,7,412.85,0.1,2889.95,289.0,2600.96,1776.25,824.7,0.3171,297.09,3,4.4
ORD00553,2024-09-04,CUST0624,West,Gujarat,Consumer,Clothing,Jeans,Online,UPI,7,1420.91,0.15,9946.37,1491.96,8454.41,5300.33,3154.09,0.3731,275.27,9,3.7
ORD00554,2024-10-05,CUST0159,North,Uttar Pradesh,Consumer,Home Appliances,Vacuum Cleaner,Online,Credit Card,3,492.66,0.1,1477.98,147.8,1330.18,1008.91,321.27,0.2415,94.08,10,4.8
ORD00555,2022-04-06,CUST0723,North,Punjab,Consumer,Electronics,Headphones,Partner,Credit Card,9,241.06,0.1,2169.54,216.95,1952.59,1078.61,873.97,0.4476,296.49,7,4.9
ORD00556,2023-10-25,CUST0894,South,Telangana,Consumer,Home Appliances,Blender,Store,Net Banking,6,1480.99,0.1,8885.94,888.59,7997.35,6393.78,1603.57,0.2005,195.27,8,4.2
ORD00557,2025-04-28,CUST0251,North,Haryana,Corporate,Clothing,Jacket,Store,UPI,10,1123.18,0.0,11231.8,0.0,11231.8,8802.29,2429.51,0.2163,224.0,10,4.0
ORD00558,2022-02-06,CUST0327,North,Punjab,Consumer,Electronics,Monitor,Partner,Debit Card,8,630.96,0.0,5047.68,0.0,5047.68,3518.76,1528.92,0.3029,99.22,2,5.0
ORD00559,2025-10-24,CUST0625,East,Bihar,Consumer,Electronics,Headphones,Online,Credit Card,1,1404.84,0.15,1404.84,210.73,1194.11,746.26,447.86,0.3751,80.47,3,2.5
ORD00560,2022-10-06,CUST0517,Central,Madhya Pradesh,Corporate,Clothing,Jeans,Online,Net Banking,4,150.31,0.05,601.24,30.06,571.18,319.21,251.96,0.4411,260.26,7,4.2
ORD00561,2022-08-05,CUST0653,South,Telangana,Small Business,Clothing,Jeans,Store,Credit Card,7,145.18,0.15,1016.26,152.44,863.82,708.29,155.53,0.18,97.05,2,4.6
ORD00562,2024-05-16,CUST0914,West,Rajasthan,Small Business,Clothing,Jeans,Partner,Cash,9,1028.44,0.0,9255.96,0.0,9255.96,6995.28,2260.68,0.2442,276.91,6,3.0
ORD00563,2024-05-22,CUST0338,West,Rajasthan,Corporate,Home Appliances,Microwave,Store,UPI,3,279.29,0.15,837.87,125.68,712.19,456.84,255.35,0.3585,122.66,7,3.5
ORD00564,2025-07-20,CUST0755,South,Tamil Nadu,Consumer,Clothing,Jeans,Online,Debit Card,6,1376.95,0.25,8261.7,2065.43,6196.28,3440.19,2756.08,0.4448,22.56,6,4.6
ORD00565,2022-03-03,CUST0631,West,Goa,Consumer,Home Appliances,Coffee Maker,Store,UPI,8,1262.93,0.05,10103.44,505.17,9598.27,6935.79,2662.48,0.2774,185.81,5,3.9
ORD00566,2023-08-19,CUST0818,South,Tamil Nadu,Consumer,Office Supplies,Notebook,Online,Net Banking,3,469.96,0.1,1409.88,140.99,1268.89,1036.0,232.89,0.1835,119.02,9,4.3
ORD00567,2023-12-30,CUST0640,North,Uttar Pradesh,Consumer,Electronics,Laptop,Online,Debit Card,6,1334.93,0.1,8009.58,800.96,7208.62,5340.94,1867.68,0.2591,293.27,3,2.8
ORD00568,2025-09-27,CUST0084,West,Maharashtra,Consumer,Electronics,Laptop,Online,Debit Card,9,78.69,0.2,708.21,141.64,566.57,324.42,242.15,0.4274,128.28,5,3.1
ORD00569,2023-02-01,CUST0756,North,Uttar Pradesh,Small Business,Furniture,Office Chair,Partner,Debit Card,9,829.73,0.0,7467.57,0.0,7467.57,4918.25,2549.32,0.3414,108.05,5,3.7
ORD00570,2023-11-30,CUST0113,Central,Madhya Pradesh,Consumer,Office Supplies,Pens,Online,Cash,6,1404.31,0.15,8425.86,1263.88,7161.98,4150.22,3011.76,0.4205,178.59,8,4.7
ORD00571,2024-11-08,CUST0983,North,Delhi,Consumer,Clothing,Backpack,Partner,UPI,5,1285.24,0.15,6426.2,963.93,5462.27,4349.51,1112.76,0.2037,224.37,8,4.4
ORD00572,2022-06-26,CUST0676,East,Jharkhand,Consumer,Clothing,Shoes,Online,Credit Card,1,543.77,0.05,543.77,27.19,516.58,330.21,186.38,0.3608,290.62,1,3.4
ORD00573,2023-01-31,CUST0369,South,Andhra Pradesh,Corporate,Office Supplies,Printer Paper,Online,Credit Card,3,286.56,0.05,859.68,42.98,816.7,610.9,205.8,0.252,39.49,6,3.5
ORD00574,2023-03-21,CUST0627,North,Uttar Pradesh,Consumer,Clothing,T-Shirt,Partner,Credit Card,3,327.65,0.05,982.95,49.15,933.8,534.94,398.86,0.4271,137.46,6,4.4
ORD00575,2025-06-10,CUST0104,North,Haryana,Consumer,Furniture,Sofa,Online,Debit Card,4,779.04,0.15,3116.16,467.42,2648.74,1548.64,1100.09,0.4153,205.83,10,4.1
ORD00576,2022-03-17,CUST0180,West,Maharashtra,Consumer,Home Appliances,Vacuum Cleaner,Store,Credit Card,5,901.21,,4506.05,0.0,4506.05,3305.01,1201.04,0.2665,21.39,2,4.2
ORD00577,2022-09-22,CUST0289,West,Rajasthan,Consumer,Electronics,Headphones,Online,UPI,8,63.73,0.1,509.84,50.98,458.86,356.87,101.99,0.2223,156.93,5,3.7
ORD00578,2023-03-31,CUST0448,West,Gujarat,Consumer,Office Supplies,Notebook,Store,Credit Card,9,629.12,0.05,5662.08,283.1,5378.98,3251.01,2127.97,0.3956,245.83,6,3.7
ORD00579,2023-12-19,CUST0967,East,Jharkhand,Consumer,Electronics,Tablet,Online,Debit Card,7,1248.12,0.05,8736.84,436.84,8300.0,5502.49,2797.51,0.337,34.24,3,4.0
ORD00580,2024-01-05,CUST0232,West,Maharashtra,Consumer,Home Appliances,Air Cooler,Online,UPI,10,674.83,0.1,6748.3,674.83,6073.47,4356.15,1717.32,0.2828,115.35,1,3.5
ORD00581,2025-11-08,CUST0325,West,Maharashtra,Corporate,Office Supplies,Notebook,Store,Debit Card,6,266.23,0.2,1597.38,319.48,1277.9,977.59,300.31,0.235,132.26,9,3.5
ORD00582,2024-04-30,CUST0352,West,Maharashtra,Corporate,Home Appliances,Microwave,Online,Credit Card,3,1432.97,0.1,4298.91,429.89,3869.02,2784.2,1084.82,0.2804,220.56,2,2.9
ORD00583,2025-10-22,CUST0969,East,West Bengal,Corporate,Clothing,Jeans,Online,Credit Card,9,410.42,0.15,3693.78,554.07,3139.71,1807.74,1331.98,0.4242,102.8,4,3.7
ORD00584,2022-05-24,CUST0670,West,Maharashtra,Consumer,Clothing,Jeans,Store,Credit Card,10,1200.67,0.1,12006.7,1200.67,10806.03,7527.06,3278.97,0.3034,88.95,9,3.3
ORD00585,2024-06-03,CUST0608,West,Goa,Consumer,Clothing,Backpack,Online,Net Banking,1,302.78,0.15,302.78,45.42,257.36,203.02,54.34,0.2112,52.34,9,3.6
ORD00586,2024-12-28,CUST0231,South,Andhra Pradesh,Consumer,Home Appliances,Blender,Online,UPI,9,643.41,0.1,5790.69,579.07,5211.62,4087.82,1123.8,0.2156,298.85,8,3.9
ORD00587,2025-01-27,CUST0324,West,Gujarat,Consumer,Home Appliances,Coffee Maker,Store,Credit Card,3,743.28,0.2,2229.84,445.97,1783.87,1262.9,520.97,0.292,152.07,4,4.5
ORD00588,2023-01-31,CUST0985,East,Odisha,Consumer,Home Appliances,Vacuum Cleaner,Partner,Debit Card,9,758.44,0.1,6825.96,682.6,6143.36,5030.42,1112.94,0.1812,33.5,1,3.8
ORD00589,2024-11-14,CUST0790,North,Haryana,Consumer,Electronics,Monitor,Online,Debit Card,10,781.96,0.1,7819.6,781.96,7037.64,4070.45,2967.19,0.4216,41.43,7,4.0
ORD00590,2024-08-05,CUST0827,North,Delhi,Corporate,Home Appliances,Blender,Store,UPI,1,349.05,0.1,349.05,34.9,314.14,213.37,100.77,0.3208,55.83,2,3.8
ORD00591,2024-06-09,CUST0264,South,Tamil Nadu,Small Business,Clothing,Jacket,Store,UPI,8,781.13,0.05,6249.04,312.45,5936.59,4507.55,1429.04,0.2407,79.29,8,4.1
ORD00592,2025-03-20,CUST0450,East,Bihar,Corporate,Furniture,Sofa,Online,UPI,6,730.34,0.05,4382.04,219.1,4162.94,2448.14,1714.8,0.4119,227.32,10,3.9
ORD00593,2025-03-13,CUST0549,West,Maharashtra,Consumer,Home Appliances,Air Cooler,Online,Debit Card,9,324.95,0.0,2924.55,0.0,2924.55,2376.61,547.94,0.1874,176.43,10,2.8
ORD00594,2023-07-23,CUST0611,North,Haryana,Corporate,Furniture,Sofa,Online,Credit Card,4,1482.46,0.15,5929.84,889.48,5040.36,3254.02,1786.34,0.3544,237.46,2,3.9
ORD00595,2024-11-28,CUST0741,West,Rajasthan,Consumer,Clothing,Jacket,Store,UPI,5,1300.36,0.05,6501.8,325.09,6176.71,3981.12,2195.59,0.3555,25.55,10,3.9
ORD00596,2022-04-19,CUST0312,Central,Chhattisgarh,Corporate,Home Appliances,Air Cooler,Online,Net Banking,6,1333.05,0.05,7998.3,399.92,7598.38,4616.49,2981.89,0.3924,94.23,3,4.2
ORD00597,2024-12-01,CUST0189,North,Punjab,Consumer,Electronics,Tablet,Store,Cash,9,1033.07,0.2,9297.63,1859.53,7438.1,4669.38,2768.72,0.3722,133.55,6,3.5
ORD00598,2025-04-24,CUST0598,Central,Madhya Pradesh,Consumer,Electronics,Laptop,Store,Credit Card,6,252.45,0.1,1514.7,151.47,1363.23,962.37,400.86,0.2941,140.12,4,3.8
ORD00599,2024-07-23,CUST0065,Central,Chhattisgarh,Small Business,Furniture,Desk,Online,UPI,9,858.62,0.0,7727.58,0.0,7727.58,5145.99,2581.59,0.3341,35.0,2,4.4
ORD00600,2023-02-02,CUST0615,West,Maharashtra,Corporate,Electronics,Tablet,Online,UPI,2,1234.84,0.15,2469.68,370.45,2099.23,1264.18,835.05,0.3978,163.23,1,3.5
ORD00601,2025-05-31,CUST0426,West,Gujarat,Consumer,Electronics,Headphones,Partner,Cash,4,72.52,0.05,290.08,14.5,275.58,211.77,63.8,0.2315,100.25,3,3.6
ORD00602,2023-09-26,CUST0624,Central,Chhattisgarh,Consumer,Electronics,Laptop,Online,Debit Card,3,751.33,0.1,2253.99,225.4,2028.59,1149.81,878.78,0.4332,73.61,4,4.8
ORD00603,2025-03-02,CUST0353,West,Gujarat,Consumer,Clothing,Jeans,Online,UPI,4,603.24,0.1,2412.96,241.3,2171.66,1683.81,487.85,0.2246,207.93,9,3.4
ORD00604,2025-04-01,CUST0945,South,Telangana,Small Business,Electronics,Tablet,Store,Credit Card,1,330.01,0.05,330.01,16.5,313.51,195.7,117.81,0.3758,43.48,9,2.9
ORD00605,2025-05-23,CUST0580,West,Maharashtra,Corporate,Office Supplies,Printer Paper,Online,UPI,2,576.7,0.0,1153.4,0.0,1153.4,788.8,364.6,0.3161,262.76,5,4.5
ORD00606,2024-01-03,CUST0137,West,Goa,Small Business,Home Appliances,Vacuum Cleaner,Online,Debit Card,4,1475.49,0.05,5901.96,295.1,5606.86,3660.65,1946.21,0.3471,271.95,5,3.1
ORD00607,2022-08-23,CUST0136,East,West Bengal,Consumer,Electronics,Headphones,Online,Net Banking,10,1089.02,0.0,10890.2,0.0,10890.2,7667.38,3222.82,0.2959,111.15,7,3.9
ORD00608,2023-10-20,CUST0314,South,Telangana,Corporate,Electronics,Tablet,Online,Net Banking,4,459.81,0.05,1839.24,91.96,1747.28,1336.52,410.75,0.2351,296.33,8,4.2
ORD00609,2024-01-21,CUST0726,West,Maharashtra,Corporate,Electronics,Tablet,Online,Debit Card,5,913.95,0.25,4569.75,1142.44,3427.31,2800.51,626.8,0.1829,132.35,3,4.5
ORD00610,2023-08-11,CUST0497,North,Punjab,Consumer,Office Supplies,Notebook,Store,UPI,9,381.28,0.1,3431.52,343.15,3088.37,1953.81,1134.56,0.3674,289.45,5,4.3
ORD00611,2024-10-29,CUST0874,Central,Madhya Pradesh,Consumer,Electronics,Laptop,Partner,Credit Card,1,922.1,0.2,922.1,184.42,737.68,516.03,221.65,0.3005,296.33,7,3.4
ORD00612,2025-01-02,CUST0753,South,Andhra Pradesh,Corporate,Electronics,Laptop,Online,Debit Card,8,1345.81,0.1,10766.48,1076.65,9689.83,6548.6,3141.23,0.3242,251.53,2,4.9
ORD00613,2024-08-11,CUST0310,North,Uttar Pradesh,Corporate,Home Appliances,Blender,Online,Debit Card,3,841.96,0.15,2525.88,378.88,2147.0,1759.92,387.08,0.1803,54.95,9,3.8
ORD00614,2023-05-07,CUST0597,South,Tamil Nadu,Corporate,Office Supplies,Stapler,Online,Credit Card,9,1104.01,0.0,9936.09,0.0,9936.09,7634.96,2301.13,0.2316,183.64,3,3.5
ORD00615,2024-07-01,CUST0560,North,Punjab,Corporate,Office Supplies,Printer Paper,Online,Net Banking,8,688.21,0.05,5505.68,275.28,5230.4,3437.48,1792.91,0.3428,224.94,7,4.6
ORD00616,2025-06-30,CUST0438,West,Gujarat,Corporate,Electronics,Headphones,Online,Credit Card,8,793.32,0.1,6346.56,634.66,5711.9,3877.0,1834.91,0.3212,41.69,9,3.4
ORD00617,2025-06-07,CUST0361,Central,Madhya Pradesh,Corporate,Office Supplies,File Folder,Online,UPI,9,1047.19,0.2,9424.71,1884.94,7539.77,4647.58,2892.19,0.3836,270.22,9,4.2
ORD00618,2025-04-12,CUST0156,West,Maharashtra,Consumer,Furniture,Desk,Partner,Net Banking,4,1221.42,0.0,4885.68,0.0,4885.68,3683.4,1202.28,0.2461,258.51,3,3.8
ORD00619,2025-04-06,CUST0613,North,Punjab,Consumer,Office Supplies,Printer Paper,Online,Cash,5,994.29,0.1,4971.45,497.14,4474.3,3481.94,992.37,0.2218,281.48,2,3.8
ORD00620,2022-06-19,CUST0962,North,Haryana,Corporate,Office Supplies,Printer Paper,Online,Net Banking,7,1466.58,0.0,10266.06,0.0,10266.06,8321.12,1944.94,0.1895,164.0,5,5.0
ORD00621,2025-11-17,CUST0366,West,Goa,Small Business,Office Supplies,Pens,Online,Credit Card,2,1232.44,0.1,2464.88,246.49,2218.39,1559.03,659.36,0.2972,110.81,5,4.1
ORD00622,2024-08-03,CUST0081,Central,Madhya Pradesh,Consumer,Clothing,Shoes,Online,Net Banking,7,1169.08,0.1,8183.56,818.36,7365.2,5384.59,1980.62,0.2689,161.78,8,2.6
ORD00623,2024-03-05,CUST0640,East,Jharkhand,Consumer,Clothing,Shoes,Partner,Debit Card,3,1269.98,0.15,3809.94,571.49,3238.45,2171.17,1067.28,0.3296,224.22,6,3.1
ORD00624,2023-09-26,CUST0671,East,West Bengal,Consumer,Clothing,Jeans,Online,Cash,6,432.6,0.0,2595.6,0.0,2595.6,1854.46,741.14,0.2855,136.54,7,4.1
ORD00625,2025-05-02,CUST0237,South,Andhra Pradesh,Consumer,Office Supplies,Pens,Partner,UPI,6,656.59,0.0,3939.54,0.0,3939.54,2537.7,1401.84,0.3558,118.49,8,3.1
ORD00626,2022-01-29,CUST0397,Central,Chhattisgarh,Consumer,Furniture,Desk,Online,Net Banking,6,853.23,0.1,5119.38,511.94,4607.44,3451.79,1155.66,0.2508,41.58,9,3.6
ORD00627,2025-04-03,CUST0059,West,Rajasthan,Corporate,Office Supplies,Stapler,Store,Credit Card,10,701.64,0.25,7016.4,1754.1,5262.3,2926.52,2335.78,0.4439,145.23,4,4.5
ORD00628,2025-12-16,CUST0237,South,Telangana,Consumer,Electronics,Tablet,Partner,UPI,2,1273.47,0.05,2546.94,127.35,2419.59,1349.37,1070.23,0.4423,130.01,5,3.9
ORD00629,2022-12-05,CUST0510,South,Andhra Pradesh,Corporate,Furniture,Bookshelf,Online,Net Banking,9,55.2,0.1,496.8,49.68,447.12,332.37,114.75,0.2566,205.72,4,4.4
ORD00630,2025-10-20,CUST0338,Central,Madhya Pradesh,Small Business,Clothing,Jacket,Online,Net Banking,8,325.63,0.1,2605.04,260.5,2344.54,1878.64,465.9,0.1987,142.85,9,4.7
ORD00631,2025-09-27,CUST0472,North,Delhi,Small Business,Home Appliances,Blender,Store,Credit Card,7,1324.33,0.0,9270.31,0.0,9270.31,6681.18,2589.13,0.2793,21.13,2,4.4
ORD00632,2023-05-15,CUST0415,South,Tamil Nadu,Consumer,Furniture,Cabinet,Online,Cash,9,102.76,0.15,924.84,138.73,786.11,586.57,199.55,0.2538,155.62,8,3.4
ORD00633,2023-05-26,CUST0289,East,Jharkhand,Corporate,Clothing,Shoes,Store,Credit Card,4,352.08,0.05,1408.32,70.42,1337.9,1033.48,304.42,0.2275,236.64,7,4.5
ORD00634,2025-09-12,CUST0374,North,Uttar Pradesh,Consumer,Furniture,Office Chair,Online,UPI,2,536.61,0.15,1073.22,160.98,912.24,590.81,321.42,0.3523,284.69,7,4.5
ORD00635,2022-08-05,CUST0309,North,Uttar Pradesh,Consumer,Furniture,Sofa,Online,UPI,4,1129.85,0.1,4519.4,451.94,4067.46,2355.83,1711.63,0.4208,74.03,8,4.0
ORD00636,2025-08-17,CUST0607,West,Goa,Corporate,Office Supplies,Stapler,Online,Credit Card,10,846.87,0.1,8468.7,846.87,7621.83,6112.21,1509.62,0.1981,138.31,1,3.5
ORD00637,2025-03-01,CUST0122,Central,Chhattisgarh,Corporate,Electronics,Tablet,Partner,Credit Card,3,1432.59,0.0,4297.77,0.0,4297.77,3452.89,844.88,0.1966,257.29,1,4.0
ORD00638,2024-12-29,CUST0347,West,Goa,Consumer,Home Appliances,Vacuum Cleaner,Online,Net Banking,2,353.39,0.2,706.78,141.36,565.42,378.44,186.99,0.3307,32.0,7,4.1
ORD00639,2025-06-29,CUST0633,Central,Chhattisgarh,Small Business,Clothing,Shoes,Online,Debit Card,2,1310.1,0.05,2620.2,131.01,2489.19,1515.01,974.18,0.3914,117.97,2,3.3
ORD00640,2025-12-09,CUST0036,East,Odisha,Small Business,Furniture,Bookshelf,Store,Credit Card,8,435.13,0.15,3481.04,522.16,2958.88,2340.29,618.6,0.2091,185.5,4,4.5
ORD00641,2023-03-21,CUST0725,West,Maharashtra,Corporate,Home Appliances,Coffee Maker,Online,Net Banking,5,379.56,0.15,1897.8,284.67,1613.13,1195.77,417.36,0.2587,115.9,6,3.8
ORD00642,2024-05-25,CUST0453,South,Telangana,Corporate,Furniture,Cabinet,Online,Net Banking,6,755.09,0.1,4530.54,453.05,4077.49,2251.68,1825.81,0.4478,157.03,5,4.0
ORD00643,2025-04-20,CUST0459,West,Goa,Consumer,Electronics,Smartphone,Online,UPI,8,120.74,0.05,965.92,48.3,917.62,531.38,386.24,0.4209,282.95,5,4.2
ORD00644,2022-06-16,CUST0226,Central,Madhya Pradesh,Corporate,Home Appliances,Microwave,Store,Credit Card,7,585.7,0.25,4099.9,1024.98,3074.92,2507.49,567.43,0.1845,26.7,6,4.1
ORD00645,2022-04-01,CUST0891,South,Tamil Nadu,Consumer,Clothing,Backpack,Store,Credit Card,7,543.18,0.05,3802.26,190.11,3612.15,2023.87,1588.28,0.4397,41.82,10,3.9
ORD00646,2023-12-15,CUST0802,South,Andhra Pradesh,Small Business,Furniture,Cabinet,Online,UPI,7,252.75,0.2,1769.25,353.85,1415.4,886.45,528.95,0.3737,75.15,7,3.4
ORD00647,2022-02-08,CUST0377,East,Odisha,Consumer,Electronics,Monitor,Online,UPI,7,1293.28,0.0,9052.96,0.0,9052.96,6319.82,2733.14,0.3019,127.77,2,4.9
ORD00648,2025-02-23,CUST0573,North,Haryana,Consumer,Home Appliances,Coffee Maker,Store,UPI,8,588.05,0.05,4704.4,235.22,4469.18,2680.51,1788.67,0.4002,151.82,4,4.8
ORD00649,2022-06-22,CUST0188,North,Punjab,Corporate,Furniture,Sofa,Store,Net Banking,1,1473.15,0.0,1473.15,0.0,1473.15,902.53,570.62,0.3873,30.27,7,4.6
ORD00650,2023-10-15,CUST0752,West,Maharashtra,Consumer,Furniture,Desk,Online,Debit Card,3,1351.07,0.0,4053.21,0.0,4053.21,2615.54,1437.67,0.3547,267.12,5,4.0
ORD00651,2024-01-24,CUST0003,Central,Madhya Pradesh,Consumer,Clothing,Jeans,Online,Credit Card,1,304.29,0.05,304.29,15.21,289.08,180.03,109.05,0.3772,232.41,10,4.3
ORD00652,2025-05-28,CUST0006,South,Tamil Nadu,Consumer,Electronics,Headphones,Online,Cash,8,765.11,0.0,6120.88,0.0,6120.88,4694.14,1426.74,0.2331,95.04,9,3.4
ORD00653,2024-12-17,CUST0404,North,Haryana,Small Business,Office Supplies,File Folder,Store,UPI,2,908.68,0.25,1817.36,454.34,1363.02,933.77,429.25,0.3149,91.9,6,4.0
ORD00654,2023-04-21,CUST0772,North,Delhi,Consumer,Furniture,Office Chair,Partner,UPI,7,1231.16,0.15,8618.12,1292.72,7325.4,4580.04,2745.36,0.3748,27.16,4,3.0
ORD00655,2023-04-01,CUST0613,Central,Madhya Pradesh,Consumer,Home Appliances,Coffee Maker,Online,Cash,6,1330.18,0.0,7981.08,0.0,7981.08,5064.28,2916.8,0.3655,131.76,10,3.6
ORD00656,2024-04-08,CUST0309,East,West Bengal,Consumer,Clothing,Jeans,Online,Cash,1,941.67,0.05,941.67,47.08,894.59,501.65,392.94,0.4392,91.25,4,4.3
ORD00657,2024-06-13,CUST0359,South,Karnataka,Consumer,Clothing,T-Shirt,Online,UPI,6,67.17,,403.02,60.45,342.57,192.98,149.59,0.4367,193.16,3,4.6
ORD00658,2025-10-16,CUST0839,East,Bihar,Consumer,Furniture,Bookshelf,Online,Debit Card,9,729.7,0.05,6567.3,328.36,6238.94,4640.74,1598.2,0.2562,173.41,6,3.4
ORD00659,2024-10-21,CUST0958,South,Andhra Pradesh,Corporate,Furniture,Bookshelf,Online,Cash,3,1328.93,0.15,3986.79,598.02,3388.77,1967.13,1421.64,0.4195,288.0,8,3.5
ORD00660,2023-01-22,CUST0508,East,Bihar,Consumer,Furniture,Cabinet,Partner,UPI,7,1075.42,0.1,7527.94,752.79,6775.15,4596.7,2178.45,0.3215,242.67,1,4.2
ORD00661,2022-12-14,CUST0465,Central,Chhattisgarh,Consumer,Office Supplies,File Folder,Online,Debit Card,4,1307.16,0.15,5228.64,784.3,4444.34,3455.21,989.14,0.2226,42.64,2,2.9
ORD00662,2022-07-09,CUST0678,East,Bihar,Consumer,Furniture,Office Chair,Store,UPI,1,1016.01,0.1,1016.01,101.6,914.41,593.89,320.52,0.3505,217.2,4,4.9
ORD00663,2023-05-20,CUST0676,West,Gujarat,Consumer,Electronics,Laptop,Online,Debit Card,7,80.39,0.1,562.73,56.27,506.46,325.83,180.63,0.3566,49.99,7,3.5
ORD00664,2025-04-29,CUST0802,South,Tamil Nadu,Consumer,Home Appliances,Coffee Maker,Store,Net Banking,1,1452.49,0.05,1452.49,72.62,1379.87,1084.19,295.67,0.2143,110.46,2,3.9
ORD00665,2025-10-24,CUST0518,West,Rajasthan,Corporate,Furniture,Desk,Online,UPI,4,1378.26,0.05,5513.04,275.65,5237.39,4103.54,1133.84,0.2165,175.4,10,4.4
ORD00666,2025-12-03,CUST0999,West,Goa,Consumer,Office Supplies,Pens,Online,Net Banking,9,202.97,0.0,1826.73,0.0,1826.73,1438.8,387.93,0.2124,158.8,8,3.9
ORD00667,2024-04-03,CUST0384,North,Punjab,Consumer,Home Appliances,Microwave,Partner,Net Banking,5,182.35,0.1,911.75,91.18,820.58,578.03,242.55,0.2956,214.13,3,3.8
ORD00668,2024-07-17,CUST0962,East,Odisha,Corporate,Clothing,Jeans,Online,Net Banking,7,815.53,0.1,5708.71,570.87,5137.84,4146.86,990.98,0.1929,246.81,2,4.3
ORD00669,2024-07-22,CUST0914,South,Tamil Nadu,Consumer,Furniture,Cabinet,Store,UPI,7,1139.22,0.15,7974.54,1196.18,6778.36,5226.93,1551.43,0.2289,252.23,7,3.7
ORD00670,2025-02-14,CUST0490,West,Rajasthan,Corporate,Home Appliances,Air Cooler,Partner,Net Banking,3,582.53,0.05,1747.59,87.38,1660.21,1099.43,560.78,0.3378,36.33,10,4.2
ORD00671,2022-05-14,CUST0539,South,Andhra Pradesh,Consumer,Clothing,T-Shirt,Online,Debit Card,8,217.53,0.1,1740.24,174.02,1566.22,1127.64,438.57,0.28,199.66,9,4.0
ORD00672,2022-02-27,CUST0551,Central,Madhya Pradesh,Consumer,Office Supplies,Stapler,Store,Credit Card,1,773.18,0.0,773.18,0.0,773.18,450.67,322.51,0.4171,289.19,4,3.3
ORD00673,2023-11-16,CUST0489,North,Delhi,Small Business,Electronics,Smartphone,Store,Net Banking,4,516.29,0.1,2065.16,206.52,1858.64,1298.93,559.71,0.3011,231.41,2,4.7
ORD00674,2023-11-03,CUST0307,West,Goa,Consumer,Furniture,Bookshelf,Partner,UPI,10,537.38,0.15,5373.8,806.07,4567.73,2836.79,1730.94,0.3789,165.57,9,3.8
ORD00675,2022-06-22,CUST0275,West,Gujarat,Small Business,Electronics,Smartphone,Store,Credit Card,4,972.8,0.15,3891.2,583.68,3307.52,2072.35,1235.17,0.3734,299.59,10,4.3
ORD00676,2024-03-25,CUST0608,West,Rajasthan,Corporate,Office Supplies,Pens,Online,Credit Card,2,1330.13,0.2,2660.26,532.05,2128.21,1242.75,885.45,0.4161,32.31,5,3.5
ORD00677,2025-03-18,CUST0856,South,Telangana,Corporate,Home Appliances,Blender,Store,Credit Card,6,844.51,0.25,5067.06,1266.76,3800.29,2457.7,1342.59,0.3533,44.68,10,2.8
ORD00678,2022-03-21,CUST0162,East,Jharkhand,Small Business,Home Appliances,Microwave,Store,Net Banking,1,1036.09,0.15,1036.09,155.41,880.68,598.84,281.84,0.32,235.08,7,4.6
ORD00679,2024-06-04,CUST0601,West,Rajasthan,Small Business,Office Supplies,Notebook,Store,UPI,3,995.02,0.05,2985.06,149.25,2835.81,2019.37,816.44,0.2879,173.93,10,4.0
ORD00680,2025-05-21,CUST0247,South,Andhra Pradesh,Corporate,Office Supplies,Stapler,Partner,Credit Card,9,833.45,0.05,7501.05,375.05,7126.0,4505.87,2620.12,0.3677,54.84,5,4.1
ORD00681,2022-07-22,CUST0536,South,Tamil Nadu,Corporate,Furniture,Desk,Online,Net Banking,10,476.48,0.1,4764.8,476.48,4288.32,3275.88,1012.44,0.2361,125.09,5,4.0
ORD00682,2024-02-03,CUST0665,East,Odisha,Consumer,Clothing,Jeans,Online,Debit Card,6,576.02,0.25,3456.12,864.03,2592.09,1790.25,801.84,0.3093,38.0,6,5.0
ORD00683,2025-06-06,CUST0844,East,Jharkhand,Consumer,Electronics,Headphones,Store,Net Banking,2,483.82,0.1,967.64,96.76,870.88,629.01,241.86,0.2777,167.4,5,4.5
ORD00684,2025-06-04,CUST0862,South,Telangana,Consumer,Electronics,Tablet,Partner,UPI,9,1377.48,,12397.32,0.0,12397.32,7749.55,4647.77,0.3749,49.14,8,4.4
ORD00685,2025-11-26,CUST0243,South,Andhra Pradesh,Consumer,Home Appliances,Blender,Online,UPI,2,1242.53,0.2,2485.06,497.01,1988.05,1530.43,457.62,0.2302,21.93,4,3.6
ORD00686,2022-02-16,CUST0710,South,Tamil Nadu,Small Business,Home Appliances,Blender,Partner,Debit Card,7,875.33,0.05,6127.31,306.37,5820.94,4182.66,1638.28,0.2814,110.28,3,3.9
ORD00687,2025-06-10,CUST0030,West,Goa,Consumer,Furniture,Desk,Partner,Debit Card,1,1369.68,0.15,1369.68,205.45,1164.23,911.4,252.83,0.2172,85.48,3,4.0
ORD00688,2025-08-21,CUST0481,West,Goa,Consumer,Office Supplies,File Folder,Partner,Net Banking,5,1331.32,0.15,6656.6,998.49,5658.11,3356.32,2301.79,0.4068,121.39,2,4.4
ORD00689,2025-03-12,CUST0719,West,Goa,Corporate,Electronics,Laptop,Partner,Credit Card,7,1392.63,0.15,9748.41,1462.26,8286.15,5409.02,2877.12,0.3472,118.13,8,3.8
ORD00690,2025-12-09,CUST0221,Central,Madhya Pradesh,Consumer,Furniture,Sofa,Partner,Cash,3,344.33,0.15,1032.99,154.95,878.04,509.72,368.33,0.4195,196.4,7,3.8
ORD00691,2025-10-28,CUST0566,East,West Bengal,Consumer,Home Appliances,Coffee Maker,Store,UPI,4,1080.49,0.15,4321.96,648.29,3673.67,2234.3,1439.37,0.3918,210.4,6,4.5
ORD00692,2025-07-06,CUST0371,North,Delhi,Corporate,Home Appliances,Vacuum Cleaner,Store,Debit Card,5,919.7,0.15,4598.5,689.78,3908.72,2566.19,1342.54,0.3435,55.66,2,4.9
ORD00693,2023-10-18,CUST0078,North,Haryana,Corporate,Electronics,Monitor,Online,UPI,3,1104.74,0.1,3314.22,331.42,2982.8,2361.0,621.8,0.2085,156.83,2,2.7
ORD00694,2023-04-16,CUST0120,South,Tamil Nadu,Corporate,Home Appliances,Coffee Maker,Online,Credit Card,6,406.12,0.15,2436.72,365.51,2071.21,1450.68,620.53,0.2996,268.96,10,4.5
ORD00695,2024-08-28,CUST0793,Central,Madhya Pradesh,Consumer,Home Appliances,Coffee Maker,Online,UPI,3,1046.79,0.15,3140.37,471.06,2669.31,1706.23,963.08,0.3608,61.55,1,3.8
ORD00696,2024-11-01,CUST0749,East,Bihar,Consumer,Clothing,T-Shirt,Online,Cash,8,623.6,0.05,4988.8,249.44,4739.36,3562.4,1176.96,0.2483,290.72,10,4.4
ORD00697,2025-09-15,CUST0510,South,Telangana,Corporate,Office Supplies,Pens,Online,Credit Card,7,1253.63,0.05,8775.41,438.77,8336.64,4629.46,3707.18,0.4447,25.42,2,3.9
ORD00698,2024-01-06,CUST0893,South,Telangana,Consumer,Home Appliances,Air Cooler,Partner,UPI,1,1196.12,0.05,1196.12,59.81,1136.31,738.52,397.8,0.3501,47.92,9,3.8
ORD00699,2024-02-23,CUST0773,East,Jharkhand,Corporate,Clothing,Jeans,Store,Debit Card,2,328.87,0.1,657.74,65.77,591.97,421.61,170.35,0.2878,69.72,1,4.1
ORD00700,2024-08-25,CUST0514,West,Rajasthan,Small Business,Furniture,Desk,Online,UPI,4,288.03,0.0,1152.12,0.0,1152.12,815.1,337.02,0.2925,151.54,10,3.1
ORD00701,2022-12-24,CUST0367,North,Punjab,Consumer,Home Appliances,Microwave,Store,Credit Card,5,1080.83,0.15,5404.15,810.62,4593.53,3279.97,1313.56,0.286,103.76,4,3.4
ORD00702,2024-08-29,CUST0080,Central,Chhattisgarh,Consumer,Furniture,Office Chair,Online,UPI,10,832.46,0.0,8324.6,0.0,8324.6,5053.91,3270.69,0.3929,137.09,2,3.7
ORD00703,2025-12-02,CUST0359,East,Bihar,Consumer,Home Appliances,Vacuum Cleaner,Online,Cash,4,842.45,0.0,3369.8,0.0,3369.8,2160.08,1209.72,0.359,283.43,5,4.0
ORD00704,2023-10-30,CUST0191,North,Punjab,Corporate,Electronics,Headphones,Partner,Credit Card,4,1132.49,0.0,4529.96,0.0,4529.96,3630.87,899.09,0.1985,115.59,10,4.7
ORD00705,2023-01-08,CUST0636,Central,Madhya Pradesh,Consumer,Clothing,Shoes,Online,UPI,9,1284.63,0.1,11561.67,1156.17,10405.5,8459.4,1946.11,0.187,257.47,8,4.5
ORD00706,2024-10-28,CUST0694,North,Uttar Pradesh,Consumer,Clothing,Backpack,Store,UPI,4,369.86,0.05,1479.44,73.97,1405.47,891.42,514.05,0.3657,40.39,1,3.9
ORD00707,2025-02-19,CUST0934,Central,Chhattisgarh,Small Business,Electronics,Laptop,Online,UPI,4,839.98,0.05,3359.92,168.0,3191.92,2311.0,880.92,0.276,247.34,9,3.3
ORD00708,2025-10-03,CUST0636,Central,Madhya Pradesh,Consumer,Office Supplies,Printer Paper,Online,UPI,4,1246.0,0.2,4984.0,996.8,3987.2,2452.73,1534.47,0.3848,272.44,7,4.0
ORD00709,2023-11-07,CUST0017,West,Goa,Consumer,Clothing,Jeans,Store,UPI,2,1311.1,0.15,2622.2,393.33,2228.87,1447.66,781.21,0.3505,99.8,5,4.3
ORD00710,2022-03-31,CUST0031,West,Gujarat,Corporate,Furniture,Bookshelf,Online,Credit Card,8,441.8,0.2,3534.4,706.88,2827.52,2160.03,667.49,0.2361,173.19,5,3.7
ORD00711,2023-11-29,CUST0897,South,Tamil Nadu,Consumer,Clothing,Jeans,Partner,Cash,4,169.67,0.1,678.68,67.87,610.81,418.6,192.21,0.3147,72.41,9,3.8
ORD00712,2025-09-01,CUST0134,Central,Chhattisgarh,Corporate,Office Supplies,Stapler,Online,Net Banking,5,360.74,0.2,1803.7,360.74,1442.96,1124.63,318.33,0.2206,45.44,9,
ORD00713,2025-04-16,CUST0223,East,Jharkhand,Corporate,Furniture,Sofa,Online,Credit Card,8,1419.07,0.15,11352.56,1702.88,9649.68,6945.45,2704.23,0.2802,235.71,2,4.1
ORD00714,2023-06-24,CUST0070,West,Rajasthan,Consumer,Furniture,Office Chair,Partner,Debit Card,4,701.78,0.25,2807.12,701.78,2105.34,1515.44,589.9,0.2802,196.35,8,4.0
ORD00715,2024-01-02,CUST0804,Central,Madhya Pradesh,Small Business,Electronics,Monitor,Partner,Net Banking,5,636.58,0.0,3182.9,0.0,3182.9,1779.71,1403.19,0.4409,230.63,5,4.0
ORD00716,2024-05-18,CUST0392,Central,Chhattisgarh,Consumer,Home Appliances,Blender,Online,Cash,5,34.43,0.0,172.15,0.0,172.15,129.53,42.62,0.2476,143.11,2,4.8
ORD00717,2022-02-10,CUST0093,West,Rajasthan,Small Business,Electronics,Laptop,Online,Cash,6,90.76,0.0,544.56,0.0,544.56,443.28,101.28,0.186,89.89,9,2.9
ORD00718,2024-01-10,CUST0073,South,Tamil Nadu,Consumer,Home Appliances,Coffee Maker,Store,Net Banking,7,1008.01,0.2,7056.07,1411.21,5644.86,3825.62,1819.24,0.3223,139.52,4,4.2
ORD00719,2023-05-17,CUST0982,Central,Madhya Pradesh,Consumer,Electronics,Tablet,Online,Credit Card,3,890.89,0.1,2672.67,267.27,2405.4,1425.96,979.44,0.4072,38.14,5,2.9
ORD00720,2024-08-16,CUST0138,West,Rajasthan,Consumer,Home Appliances,Blender,Online,Cash,10,869.66,,8696.6,869.66,7826.94,6369.44,1457.5,0.1862,99.39,7,3.7
ORD00721,2025-03-14,CUST0024,Central,Madhya Pradesh,Consumer,Clothing,Jeans,Store,Net Banking,3,178.83,0.1,536.49,53.65,482.84,303.39,179.46,0.3717,103.31,2,3.0
ORD00722,2025-05-09,CUST0447,West,Maharashtra,Corporate,Furniture,Desk,Store,Debit Card,9,537.81,0.15,4840.29,726.04,4114.25,2717.39,1396.85,0.3395,220.07,5,4.2
ORD00723,2024-07-17,CUST0168,South,Telangana,Corporate,Home Appliances,Air Cooler,Online,Debit Card,1,1221.35,0.2,1221.35,244.27,977.08,557.8,419.28,0.4291,34.88,8,2.7
ORD00724,2023-04-06,CUST0770,South,Tamil Nadu,Corporate,Clothing,Jeans,Online,UPI,10,274.74,0.15,2747.4,412.11,2335.29,1354.3,980.99,0.4201,88.68,1,
ORD00725,2024-01-02,CUST0276,East,West Bengal,Consumer,Office Supplies,File Folder,Partner,UPI,8,1325.79,0.15,10606.32,1590.95,9015.37,5485.61,3529.76,0.3915,97.45,8,4.0
ORD00726,2024-01-22,CUST0977,West,Gujarat,Consumer,Electronics,Smartphone,Store,,10,195.4,0.05,1954.0,97.7,1856.3,1295.86,560.44,0.3019,174.38,2,4.0
ORD00727,2024-07-13,CUST0289,South,Andhra Pradesh,Corporate,Office Supplies,Pens,Store,Credit Card,3,266.19,0.1,798.57,79.86,718.71,503.53,215.18,0.2994,88.51,4,4.9
ORD00728,2024-06-27,CUST0014,East,Odisha,Consumer,Clothing,Backpack,Online,Credit Card,5,724.46,0.2,3622.3,724.46,2897.84,2068.15,829.69,0.2863,57.08,3,5.0
ORD00729,2025-06-30,CUST0480,South,Andhra Pradesh,Corporate,Office Supplies,Pens,Online,Debit Card,3,1418.77,0.15,4256.31,638.45,3617.86,2560.11,1057.75,0.2924,92.23,2,3.1
ORD00730,2023-01-25,CUST0438,West,Maharashtra,Corporate,Office Supplies,File Folder,Online,Debit Card,10,504.38,0.15,5043.8,756.57,4287.23,2931.24,1355.99,0.3163,138.13,10,3.6
ORD00731,2024-06-01,CUST0055,East,Bihar,Consumer,Clothing,T-Shirt,Online,Net Banking,1,992.45,0.0,992.45,0.0,992.45,760.78,231.67,0.2334,167.13,10,3.7
ORD00732,2022-09-13,CUST0293,North,Uttar Pradesh,Corporate,Furniture,Cabinet,Online,Credit Card,10,889.18,0.0,8891.8,0.0,8891.8,7132.58,1759.22,0.1978,30.24,2,4.6
ORD00733,2023-12-10,CUST0728,North,Uttar Pradesh,Corporate,Home Appliances,Coffee Maker,Online,Cash,5,237.19,0.0,1185.95,0.0,1185.95,738.65,447.3,0.3772,106.75,10,3.8
ORD00734,2023-03-26,CUST0361,North,Haryana,Corporate,Electronics,Monitor,Store,Net Banking,8,383.53,0.1,3068.24,306.82,2761.42,1615.85,1145.57,0.4148,233.97,6,2.8
ORD00735,2022-01-10,CUST0084,East,Bihar,Consumer,Home Appliances,Vacuum Cleaner,Store,Cash,5,1396.28,0.1,6981.4,698.14,6283.26,4176.95,2106.31,0.3352,187.33,3,4.5
ORD00736,2024-04-03,CUST0369,North,Uttar Pradesh,Consumer,Electronics,Tablet,Online,UPI,4,289.47,0.2,1157.88,231.58,926.3,516.08,410.23,0.4429,147.69,10,
ORD00737,2024-03-08,CUST0902,North,Uttar Pradesh,Consumer,Home Appliances,Coffee Maker,Store,Credit Card,9,1047.09,0.15,9423.81,1413.57,8010.24,6316.04,1694.2,0.2115,146.83,4,4.9
ORD00738,2025-06-19,CUST0161,Central,Madhya Pradesh,Consumer,Office Supplies,Stapler,Store,Debit Card,1,1447.57,0.05,1447.57,72.38,1375.19,845.36,529.83,0.3853,123.29,4,4.2
ORD00739,2025-06-28,CUST0896,Central,Chhattisgarh,Consumer,Furniture,Office Chair,Online,Credit Card,5,192.47,0.0,962.35,0.0,962.35,672.02,290.33,0.3017,115.77,2,4.5
ORD00740,2024-05-26,CUST0306,East,West Bengal,Small Business,Office Supplies,Notebook,Online,Cash,1,607.79,0.15,607.79,91.17,516.62,300.2,216.43,0.4189,132.18,4,4.4
ORD00741,2024-10-25,CUST0476,Central,Chhattisgarh,Corporate,Furniture,Desk,Store,Debit Card,6,347.54,0.1,2085.24,208.52,1876.72,1312.54,564.18,0.3006,263.38,2,3.4
ORD00742,2025-02-16,CUST0459,North,Uttar Pradesh,Corporate,Clothing,Backpack,Online,UPI,10,344.02,0.15,3440.2,516.03,2924.17,1639.08,1285.09,0.4395,151.27,4,2.7
ORD00743,2024-10-12,CUST0740,West,Rajasthan,Consumer,Electronics,Tablet,Online,Net Banking,9,191.69,0.1,1725.21,172.52,1552.69,1176.28,376.41,0.2424,207.4,8,5.0
ORD00744,2023-01-09,CUST0596,West,Gujarat,Small Business,Electronics,Tablet,Online,Cash,2,979.58,0.0,1959.16,0.0,1959.16,1582.93,376.23,0.192,246.2,9,4.4
ORD00745,2024-12-24,CUST0710,East,Odisha,Consumer,Clothing,Backpack,Online,Net Banking,4,1123.32,0.0,4493.28,0.0,4493.28,2843.72,1649.56,0.3671,140.95,4,3.4
ORD00746,2022-05-26,CUST0200,South,Tamil Nadu,Corporate,Home Appliances,Microwave,Partner,UPI,8,1020.04,0.05,8160.32,408.02,7752.3,4804.24,2948.06,0.3803,254.97,4,2.4
ORD00747,2022-08-12,CUST0979,East,Odisha,Small Business,Clothing,Jacket,Store,UPI,3,1388.11,0.05,4164.33,208.22,3956.11,2654.39,1301.72,0.329,297.95,7,4.9
ORD00748,2025-06-16,CUST0335,South,Tamil Nadu,Corporate,Clothing,Shoes,Online,UPI,7,231.33,0.15,1619.31,242.9,1376.41,987.43,388.98,0.2826,161.17,1,4.1
ORD00749,2022-06-26,CUST0342,West,Maharashtra,Small Business,Furniture,Bookshelf,Partner,Credit Card,7,489.97,0.1,3429.79,342.98,3086.81,1855.23,1231.58,0.399,132.77,7,4.7
ORD00750,2024-05-02,CUST0179,North,Punjab,Corporate,Clothing,Jacket,Store,Net Banking,2,526.69,0.25,1053.38,263.35,790.04,605.87,184.16,0.2331,245.62,9,4.3
ORD00751,2025-07-29,CUST0450,North,Delhi,Consumer,Electronics,Laptop,Store,UPI,10,359.64,0.2,3596.4,719.28,2877.12,1736.64,1140.48,0.3964,201.77,4,3.6
ORD00752,2022-03-04,CUST0701,North,Haryana,Consumer,Office Supplies,Stapler,Online,Credit Card,4,226.17,0.1,904.68,90.47,814.21,449.02,365.19,0.4485,191.69,2,3.6
ORD00753,2025-05-25,CUST0156,South,Tamil Nadu,Consumer,Furniture,Cabinet,Store,Cash,1,737.75,0.1,737.75,73.78,663.98,459.17,204.8,0.3085,268.11,4,3.9
ORD00754,2024-04-06,CUST0740,East,Odisha,Consumer,Furniture,Office Chair,Online,UPI,8,1254.14,0.15,10033.12,1504.97,8528.15,4955.63,3572.52,0.4189,201.85,2,4.0
ORD00755,2024-03-05,CUST0868,North,Delhi,Corporate,Home Appliances,Microwave,Online,Net Banking,10,1432.49,0.0,14324.9,0.0,14324.9,10579.29,3745.61,0.2615,199.64,10,3.4
ORD00756,2023-11-20,CUST0172,Central,Chhattisgarh,Consumer,Office Supplies,Stapler,Online,Net Banking,10,207.07,0.25,2070.7,517.67,1553.02,924.39,628.64,0.4048,77.93,7,3.9
ORD00757,2022-04-15,CUST0978,South,Karnataka,Small Business,Furniture,Desk,Online,Net Banking,9,1237.39,0.1,11136.51,1113.65,10022.86,7724.54,2298.31,0.2293,212.7,6,4.5
ORD00758,2025-01-27,CUST0396,North,Delhi,Consumer,Clothing,T-Shirt,Online,Credit Card,1,1239.5,,1239.5,247.9,991.6,671.31,320.29,0.323,275.64,2,4.0
ORD00759,2023-05-26,CUST0211,West,Goa,Consumer,Furniture,Bookshelf,Online,Credit Card,7,592.63,0.25,4148.41,1037.1,3111.31,2186.92,924.38,0.2971,181.38,6,4.4
ORD00760,2023-01-20,CUST0569,North,Haryana,Small Business,Furniture,Bookshelf,Store,,1,178.39,0.1,178.39,17.84,160.55,96.39,64.16,0.3996,272.94,9,4.2
ORD00761,2023-02-09,CUST0666,West,Maharashtra,Consumer,Furniture,Cabinet,Online,Net Banking,1,1485.16,0.0,1485.16,0.0,1485.16,875.66,609.5,0.4104,115.08,8,4.7
ORD00762,2024-04-02,CUST0025,West,Gujarat,Corporate,Home Appliances,Microwave,Store,UPI,9,988.56,0.1,8897.04,889.7,8007.34,5768.88,2238.46,0.2796,31.92,9,4.3
ORD00763,2023-06-02,CUST0476,South,Telangana,Corporate,Furniture,Cabinet,Store,Debit Card,10,1473.56,0.1,14735.6,1473.56,13262.04,8208.86,5053.18,0.381,144.64,5,3.4
ORD00764,2023-04-21,CUST0783,North,Haryana,Consumer,Furniture,Office Chair,Online,Credit Card,10,733.23,0.15,7332.3,1099.84,6232.46,4077.27,2155.18,0.3458,21.11,10,3.1
ORD00765,2023-12-10,CUST0202,South,Tamil Nadu,Consumer,Home Appliances,Air Cooler,Online,Cash,6,601.86,0.0,3611.16,0.0,3611.16,2453.61,1157.55,0.3205,63.35,2,5.0
ORD00766,2024-02-10,CUST0871,North,Delhi,Consumer,Office Supplies,Notebook,Partner,Credit Card,1,382.07,0.1,382.07,38.21,343.86,210.44,133.42,0.388,73.37,5,3.4
ORD00767,2025-12-31,CUST0610,North,Uttar Pradesh,Corporate,Electronics,Smartphone,Online,Credit Card,7,1475.6,0.2,10329.2,2065.84,8263.36,6319.52,1943.84,0.2352,169.47,10,
ORD00768,2024-11-12,CUST0589,South,Andhra Pradesh,Corporate,Home Appliances,Vacuum Cleaner,Store,UPI,3,391.09,0.25,1173.27,293.32,879.95,707.17,172.78,0.1964,285.98,3,4.0
ORD00769,2024-09-23,CUST0464,South,Telangana,Consumer,Home Appliances,Air Cooler,Store,Credit Card,10,50.29,0.0,502.9,0.0,502.9,335.24,167.66,0.3334,25.55,4,3.6
ORD00770,2023-11-08,CUST0437,East,Jharkhand,Corporate,Furniture,Bookshelf,Online,Cash,4,776.02,0.2,3104.08,620.82,2483.26,1980.99,502.27,0.2023,86.27,7,4.7
ORD00771,2023-12-15,CUST0872,West,Goa,Consumer,Furniture,Cabinet,Online,Credit Card,4,574.92,0.0,2299.68,0.0,2299.68,1812.89,486.79,0.2117,291.45,2,4.0
ORD00772,2022-03-24,CUST0479,East,Odisha,Corporate,Electronics,Headphones,Online,Credit Card,8,403.15,0.15,3225.2,483.78,2741.42,1630.69,1110.73,0.4052,266.86,6,3.1
ORD00773,2025-03-14,CUST0833,North,Uttar Pradesh,Small Business,Furniture,Desk,Partner,UPI,1,957.39,0.05,957.39,47.87,909.52,542.81,366.71,0.4032,253.76,1,4.2
ORD00774,2025-01-13,CUST0369,North,Punjab,Small Business,Clothing,Jacket,Store,UPI,8,555.94,0.25,4447.52,1111.88,3335.64,2264.56,1071.08,0.3211,45.7,10,3.9
ORD00775,2025-01-06,CUST0379,Central,Madhya Pradesh,Corporate,Furniture,Office Chair,Partner,Credit Card,9,612.34,0.15,5511.06,826.66,4684.4,3241.52,1442.88,0.308,200.35,3,4.3
ORD00776,2023-04-02,CUST0111,East,Jharkhand,Consumer,Furniture,Office Chair,Online,UPI,7,49.22,0.05,344.54,17.23,327.31,210.17,117.14,0.3579,76.88,7,5.0
ORD00777,2022-01-01,CUST0123,Central,Madhya Pradesh,Small Business,Clothing,T-Shirt,Online,Debit Card,1,889.77,0.05,889.77,44.49,845.28,536.32,308.96,0.3655,202.29,5,3.6
ORD00778,2022-02-20,CUST0054,South,Telangana,Consumer,Electronics,Headphones,Online,Net Banking,7,196.28,0.05,1373.96,68.7,1305.26,869.92,435.35,0.3335,139.71,8,3.2
ORD00779,2023-11-16,CUST0471,West,Goa,Corporate,Clothing,Jeans,Partner,Credit Card,6,332.5,0.15,1995.0,299.25,1695.75,1248.8,446.95,0.2636,197.99,7,5.0
ORD00780,2023-12-18,CUST0206,East,Jharkhand,Consumer,Home Appliances,Blender,Online,Cash,5,1079.92,0.2,5399.6,1079.92,4319.68,2474.25,1845.43,0.4272,140.08,7,3.3
ORD00781,2023-03-25,CUST0167,South,Tamil Nadu,Small Business,Clothing,Jeans,Online,UPI,5,480.17,0.15,2400.85,360.13,2040.72,1513.92,526.8,0.2581,274.16,1,5.0
ORD00782,2024-05-30,CUST0990,East,Jharkhand,Corporate,Office Supplies,Pens,Partner,Credit Card,1,257.37,0.15,257.37,38.61,218.76,175.03,43.73,0.1999,27.09,1,5.0
ORD00783,2023-05-03,CUST0435,East,Odisha,Corporate,Home Appliances,Air Cooler,Online,Credit Card,6,872.47,0.15,5234.82,785.22,4449.6,3364.55,1085.05,0.2439,73.64,6,3.8
ORD00784,2022-02-03,CUST0788,South,Andhra Pradesh,Consumer,Furniture,Office Chair,Store,UPI,4,334.13,0.25,1336.52,334.13,1002.39,603.19,399.2,0.3982,253.24,8,4.7
ORD00785,2025-10-03,CUST0960,South,Andhra Pradesh,Corporate,Home Appliances,Vacuum Cleaner,Online,Credit Card,1,417.4,0.15,417.4,62.61,354.79,203.51,151.28,0.4264,226.29,3,3.4
ORD00786,2022-04-05,CUST0601,West,Gujarat,Corporate,Electronics,Smartphone,Online,Debit Card,8,937.69,0.05,7501.52,375.08,7126.44,4863.1,2263.34,0.3176,72.16,8,4.3
ORD00787,2024-12-31,CUST0011,Central,Chhattisgarh,Corporate,Electronics,Laptop,Partner,Credit Card,8,1113.69,0.15,8909.52,1336.43,7573.09,6120.8,1452.29,0.1918,54.0,8,4.6
ORD00788,2022-06-03,CUST0383,South,Tamil Nadu,Consumer,Clothing,Shoes,Store,UPI,4,1113.39,0.05,4453.56,222.68,4230.88,3262.63,968.25,0.2289,107.15,1,3.4
ORD00789,2022-09-07,CUST0474,South,Andhra Pradesh,Consumer,Home Appliances,Coffee Maker,Online,UPI,7,731.13,0.25,5117.91,1279.48,3838.43,2694.34,1144.09,0.2981,154.92,5,4.8
ORD00790,2023-11-05,CUST0509,North,Haryana,Consumer,Furniture,Desk,Online,Credit Card,3,689.63,0.05,2068.89,103.44,1965.45,1156.87,808.57,0.4114,33.14,9,4.6
ORD00791,2023-03-14,CUST0564,West,Rajasthan,Consumer,Electronics,Smartphone,Online,UPI,8,1184.65,0.05,9477.2,473.86,9003.34,6687.1,2316.24,0.2573,256.76,10,5.0
ORD00792,2022-04-28,CUST0725,South,Andhra Pradesh,Consumer,Furniture,Desk,Store,Net Banking,7,301.66,0.05,2111.62,105.58,2006.04,1543.67,462.37,0.2305,165.87,10,4.1
ORD00793,2024-02-10,CUST0054,Central,Madhya Pradesh,Consumer,Office Supplies,Printer Paper,Online,Credit Card,5,241.02,0.15,1205.1,180.76,1024.34,822.0,202.34,0.1975,277.46,3,2.6
ORD00794,2025-08-22,CUST0247,South,Karnataka,Consumer,Electronics,Laptop,Store,Net Banking,5,1002.07,0.0,5010.35,0.0,5010.35,3583.76,1426.59,0.2847,111.2,9,4.1
ORD00795,2022-09-25,CUST0581,South,Tamil Nadu,Consumer,Clothing,Shoes,Online,UPI,9,623.12,0.25,5608.08,1402.02,4206.06,2897.58,1308.48,0.3111,33.67,9,3.9
ORD00796,2024-12-13,CUST0519,West,Goa,Consumer,Office Supplies,Pens,Store,Cash,6,1069.35,0.05,6416.1,320.8,6095.29,4371.42,1723.88,0.2828,263.98,1,4.7
ORD00797,2022-08-24,CUST0140,West,Gujarat,Small Business,Home Appliances,Microwave,Online,Credit Card,6,396.05,0.05,2376.3,118.82,2257.48,1816.55,440.94,0.1953,61.89,2,3.2
ORD00798,2023-01-24,CUST0898,East,West Bengal,Consumer,Furniture,Sofa,Store,Cash,2,497.43,0.0,994.86,0.0,994.86,715.9,278.96,0.2804,113.98,3,5.0
ORD00799,2024-09-16,CUST0871,South,Telangana,Consumer,Electronics,Monitor,Online,UPI,5,1346.57,0.05,6732.85,336.64,6396.21,3962.77,2433.44,0.3805,150.02,4,4.1
ORD00800,2024-02-02,CUST0405,Central,Chhattisgarh,Consumer,Office Supplies,Printer Paper,Online,UPI,4,641.16,0.1,2564.64,256.46,2308.18,1665.95,642.22,0.2782,157.74,5,4.9
ORD00801,2023-02-05,CUST0506,North,Haryana,Corporate,Office Supplies,Stapler,Partner,UPI,10,892.57,0.05,8925.7,446.29,8479.42,6677.8,1801.61,0.2125,26.57,5,3.0
ORD00802,2023-09-16,CUST0224,Central,Chhattisgarh,Small Business,Electronics,Smartphone,Online,Credit Card,3,173.42,0.05,520.26,26.01,494.25,347.5,146.75,0.2969,167.49,10,3.9
ORD00803,2024-02-06,CUST0581,North,Punjab,Consumer,Home Appliances,Air Cooler,Online,Cash,9,280.56,0.0,2525.04,0.0,2525.04,1731.49,793.55,0.3143,41.57,5,5.0
ORD00804,2025-08-19,CUST0347,West,Goa,Consumer,Home Appliances,Coffee Maker,Online,UPI,7,68.29,0.05,478.03,23.9,454.13,339.69,114.44,0.252,111.52,3,3.5
ORD00805,2024-07-07,CUST0863,West,Gujarat,Small Business,Clothing,Jeans,Online,Credit Card,4,645.19,0.15,2580.76,387.11,2193.65,1598.0,595.65,0.2715,293.13,6,3.2
ORD00806,2025-05-15,CUST0374,South,Telangana,Consumer,Home Appliances,Blender,Store,Credit Card,9,1483.55,0.1,13351.95,1335.2,12016.76,6793.14,5223.62,0.4347,98.5,4,4.0
ORD00807,2025-06-06,CUST0204,Central,Chhattisgarh,Consumer,Clothing,Jeans,Online,Credit Card,9,1312.7,0.05,11814.3,590.72,11223.58,8370.93,2852.65,0.2542,247.6,9,4.6
ORD00808,2024-05-02,CUST0633,North,Punjab,Consumer,Office Supplies,Notebook,Store,UPI,7,954.87,0.05,6684.09,334.2,6349.89,4191.17,2158.72,0.34,162.89,2,3.8
ORD00809,2023-08-01,CUST0292,South,Telangana,Consumer,Electronics,Monitor,Store,UPI,5,1293.73,0.1,6468.65,646.86,5821.78,4680.96,1140.82,0.196,76.68,1,3.9
ORD00810,2022-03-16,CUST0277,East,Odisha,Small Business,Home Appliances,Blender,Store,UPI,9,897.34,0.05,8076.06,403.8,7672.26,6230.77,1441.49,0.1879,222.14,7,4.1
ORD00811,2023-03-11,CUST0309,South,Telangana,Consumer,Clothing,Jeans,Online,Debit Card,7,562.62,0.1,3938.34,393.83,3544.51,2378.93,1165.58,0.3288,175.44,9,3.8
ORD00812,2022-04-13,CUST0254,West,Maharashtra,Small Business,Office Supplies,Notebook,Online,UPI,9,272.72,0.25,2454.48,613.62,1840.86,1494.0,346.86,0.1884,169.25,10,4.3
ORD00813,2025-12-16,CUST0659,North,Uttar Pradesh,Small Business,Home Appliances,Microwave,Store,UPI,3,984.78,0.0,2954.34,0.0,2954.34,1872.82,1081.52,0.3661,28.37,9,3.2
ORD00814,2024-02-03,CUST0003,North,Delhi,Corporate,Furniture,Cabinet,Online,Credit Card,9,301.68,0.0,2715.12,0.0,2715.12,1993.75,721.37,0.2657,113.48,3,3.3
ORD00815,2024-01-08,CUST0188,North,Uttar Pradesh,Consumer,Office Supplies,Stapler,Store,Debit Card,1,634.88,0.0,634.88,0.0,634.88,362.05,272.83,0.4297,225.72,1,4.2
ORD00816,2024-03-16,CUST0337,North,Uttar Pradesh,Consumer,Home Appliances,Blender,Online,Credit Card,5,1241.32,0.1,6206.6,620.66,5585.94,3290.94,2295.0,0.4109,242.9,9,3.7
ORD00817,2025-08-22,CUST0350,East,West Bengal,Consumer,Office Supplies,Stapler,Online,Cash,2,206.91,0.0,413.82,0.0,413.82,324.2,89.62,0.2166,248.15,7,4.6
ORD00818,2022-04-08,CUST0100,West,Maharashtra,Consumer,Electronics,Laptop,Store,UPI,1,206.6,0.1,206.6,20.66,185.94,147.14,38.8,0.2087,30.47,8,3.8
ORD00819,2024-03-08,CUST0457,Central,Chhattisgarh,Corporate,Electronics,Laptop,Store,Cash,3,348.24,0.2,1044.72,208.94,835.78,579.87,255.91,0.3062,65.56,6,4.3
ORD00820,2025-09-20,CUST0418,West,Gujarat,Consumer,Electronics,Tablet,Store,Debit Card,7,834.6,0.0,5842.2,0.0,5842.2,3749.17,2093.03,0.3583,295.96,10,4.3
ORD00821,2024-05-08,CUST0157,North,Punjab,Small Business,Furniture,Bookshelf,Partner,Net Banking,3,388.81,0.05,1166.43,58.32,1108.11,744.4,363.71,0.3282,63.52,6,3.7
ORD00822,2023-03-11,CUST0202,South,Andhra Pradesh,Consumer,Electronics,Laptop,Store,UPI,10,762.25,0.15,7622.5,1143.38,6479.12,5084.81,1394.32,0.2152,79.64,4,4.0
ORD00823,2023-03-23,CUST0884,North,Haryana,Corporate,Furniture,Desk,Online,UPI,10,463.44,0.0,4634.4,0.0,4634.4,2812.93,1821.47,0.393,244.73,2,4.0
ORD00824,2025-08-24,CUST0697,South,Telangana,Small Business,Electronics,Tablet,Partner,Credit Card,9,766.77,0.0,6900.93,0.0,6900.93,4344.93,2556.0,0.3704,130.16,1,3.4
ORD00825,2022-09-06,CUST0329,East,Jharkhand,Consumer,Office Supplies,Pens,Store,UPI,3,427.28,0.1,1281.84,128.18,1153.66,879.17,274.49,0.2379,52.57,6,4.6
ORD00826,2022-06-15,CUST0040,North,Haryana,Consumer,Home Appliances,Coffee Maker,Store,Cash,6,1470.32,0.0,8821.92,0.0,8821.92,7079.79,1742.13,0.1975,55.03,9,3.7
ORD00827,2024-09-10,CUST0306,South,Telangana,Consumer,Home Appliances,Microwave,Online,Credit Card,2,746.69,0.15,1493.38,224.01,1269.37,730.0,539.37,0.4249,43.46,10,3.5
ORD00828,2025-09-20,CUST0715,Central,Chhattisgarh,Consumer,Electronics,Monitor,Partner,Credit Card,8,1119.31,0.0,8954.48,0.0,8954.48,6868.25,2086.23,0.233,70.59,10,4.1
ORD00829,2024-10-16,CUST0147,East,West Bengal,Consumer,Home Appliances,Air Cooler,Online,UPI,10,1055.31,0.1,10553.1,1055.31,9497.79,6878.0,2619.79,0.2758,159.16,2,4.8
ORD00830,2023-06-26,CUST0918,South,Andhra Pradesh,Consumer,Electronics,Monitor,Online,Cash,5,743.48,0.15,3717.4,557.61,3159.79,1934.77,1225.02,0.3877,24.22,1,3.9
ORD00831,2024-01-29,CUST0242,North,Haryana,Consumer,Electronics,Smartphone,Online,UPI,2,369.71,0.05,739.42,36.97,702.45,529.7,172.75,0.2459,52.8,1,3.9
ORD00832,2025-02-03,CUST0179,South,Tamil Nadu,Small Business,Clothing,Shoes,Online,Debit Card,7,773.42,0.0,5413.94,0.0,5413.94,4041.71,1372.23,0.2535,273.99,7,4.1
ORD00833,2022-03-22,CUST0049,Central,Madhya Pradesh,Consumer,Clothing,Shoes,Online,Debit Card,3,1026.24,0.0,3078.72,0.0,3078.72,1811.36,1267.36,0.4117,265.44,1,3.9
ORD00834,2022-05-13,CUST0180,North,Uttar Pradesh,Consumer,Clothing,Jeans,Store,Debit Card,5,697.98,0.2,3489.9,697.98,2791.92,1914.16,877.76,0.3144,253.26,9,3.5
ORD00835,2024-03-07,CUST0891,South,Tamil Nadu,Consumer,Furniture,Sofa,Store,Net Banking,9,136.66,0.15,1229.94,184.49,1045.45,789.04,256.41,0.2453,217.76,9,4.1
ORD00836,2024-06-18,CUST0662,North,Uttar Pradesh,Consumer,Clothing,T-Shirt,Online,Net Banking,1,41.71,0.0,41.71,0.0,41.71,25.1,16.61,0.3983,205.23,3,3.8
ORD00837,2022-05-18,CUST0881,East,Odisha,Consumer,Electronics,Monitor,Store,UPI,2,501.9,0.15,1003.8,150.57,853.23,575.88,277.35,0.3251,97.14,2,3.2
ORD00838,2022-07-03,CUST0958,North,Uttar Pradesh,Small Business,Office Supplies,Pens,Online,Debit Card,5,238.08,0.15,1190.4,178.56,1011.84,589.5,422.34,0.4174,113.8,9,3.9
ORD00839,2025-11-25,CUST0751,West,Goa,Consumer,Clothing,Jeans,Online,Cash,4,1360.69,0.25,5442.76,1360.69,4082.07,2583.32,1498.75,0.3672,86.02,3,3.8
ORD00840,2025-09-15,CUST0316,West,Goa,Consumer,Clothing,T-Shirt,Online,UPI,1,276.11,0.05,276.11,13.81,262.3,159.7,102.6,0.3912,294.49,2,3.9
ORD00841,2024-02-24,CUST0720,West,Maharashtra,Consumer,Office Supplies,Stapler,Partner,Cash,7,600.51,0.2,4203.57,840.71,3362.86,2308.16,1054.7,0.3136,197.61,4,3.3
ORD00842,2024-09-10,CUST0209,South,Telangana,Consumer,Electronics,Monitor,Online,UPI,9,1072.44,0.1,9651.96,965.2,8686.76,5108.93,3577.83,0.4119,290.41,7,4.4
ORD00843,2022-03-10,CUST0488,West,Rajasthan,Consumer,Furniture,Bookshelf,Online,Net Banking,1,1225.9,,1225.9,245.18,980.72,640.85,339.87,0.3465,96.1,4,4.7
ORD00844,2023-06-30,CUST0247,East,Odisha,Corporate,Clothing,Jacket,Online,Net Banking,8,724.4,0.0,5795.2,0.0,5795.2,3617.91,2177.29,0.3757,193.94,8,4.0
ORD00845,2022-02-22,CUST0519,South,Karnataka,Consumer,Office Supplies,Pens,Store,Debit Card,9,283.99,0.0,2555.91,0.0,2555.91,1920.6,635.31,0.2486,232.51,5,3.8
ORD00846,2022-07-24,CUST0631,West,Rajasthan,Consumer,Electronics,Tablet,Store,Cash,2,417.28,0.15,834.56,125.18,709.38,524.17,185.21,0.2611,46.53,2,4.2
ORD00847,2022-05-06,CUST0437,North,Haryana,Corporate,Home Appliances,Blender,Online,Credit Card,1,637.17,0.15,637.17,95.58,541.59,311.76,229.84,0.4244,206.75,10,4.2
ORD00848,2022-02-12,CUST0543,North,Delhi,Consumer,Furniture,Sofa,Online,Net Banking,6,556.42,0.05,3338.52,166.93,3171.59,2560.87,610.72,0.1926,67.34,4,3.6
ORD00849,2022-04-21,CUST0900,West,Gujarat,Consumer,Office Supplies,Stapler,Store,Cash,7,532.78,0.1,3729.46,372.95,3356.51,2520.96,835.56,0.2489,111.86,7,4.4
ORD00850,2024-01-31,CUST0349,South,Karnataka,Small Business,Office Supplies,Printer Paper,Store,Debit Card,2,210.8,0.05,421.6,21.08,400.52,286.9,113.62,0.2837,220.52,1,3.6
ORD00851,2025-04-21,CUST0519,East,West Bengal,Consumer,Office Supplies,Notebook,Online,UPI,5,1371.27,0.0,6856.35,0.0,6856.35,4655.32,2201.03,0.321,143.22,7,3.3
ORD00852,2024-04-27,CUST0747,South,Karnataka,Corporate,Clothing,Jeans,Store,UPI,5,59.19,0.0,295.95,0.0,295.95,176.99,118.96,0.402,277.93,3,3.9
ORD00853,2022-04-05,CUST0990,Central,Chhattisgarh,Consumer,Home Appliances,Vacuum Cleaner,Partner,Net Banking,7,668.4,0.0,4678.8,0.0,4678.8,3788.63,890.17,0.1903,87.54,7,4.1
ORD00854,2025-10-29,CUST0387,Central,Madhya Pradesh,Consumer,Furniture,Bookshelf,Online,Net Banking,1,1470.78,0.1,1470.78,147.08,1323.7,730.84,592.86,0.4479,63.06,3,3.9
ORD00855,2024-06-18,CUST0281,Central,Madhya Pradesh,Consumer,Electronics,Smartphone,Store,UPI,10,994.69,0.05,9946.9,497.35,9449.56,6964.04,2485.52,0.263,114.41,8,4.4
ORD00856,2022-12-26,CUST0418,South,Tamil Nadu,Consumer,Electronics,Smartphone,Online,Net Banking,8,542.78,0.0,4342.24,0.0,4342.24,2983.16,1359.08,0.313,258.54,4,4.0
ORD00857,2024-06-18,CUST0801,North,Punjab,Consumer,Home Appliances,Air Cooler,Store,Debit Card,5,231.95,0.2,1159.75,231.95,927.8,736.39,191.41,0.2063,257.28,1,4.8
ORD00858,2022-10-08,CUST0607,East,Odisha,Consumer,Office Supplies,Stapler,Online,Credit Card,3,1446.35,0.0,4339.05,0.0,4339.05,2832.48,1506.57,0.3472,123.41,1,4.5
ORD00859,2025-05-03,CUST0344,North,Uttar Pradesh,Small Business,Office Supplies,File Folder,Online,Debit Card,9,35.77,0.15,321.93,48.29,273.64,188.82,84.82,0.31,246.76,4,3.0
ORD00860,2025-05-03,CUST0894,North,Punjab,Corporate,Office Supplies,File Folder,Store,UPI,3,1026.86,0.2,3080.58,616.12,2464.46,1849.41,615.05,0.2496,41.78,9,3.7
ORD00861,2023-10-29,CUST0038,East,Odisha,Consumer,Office Supplies,Pens,Store,Credit Card,7,1322.0,0.0,9254.0,0.0,9254.0,5208.55,4045.45,0.4372,22.13,5,3.5
ORD00862,2022-04-03,CUST0366,East,Jharkhand,Corporate,Office Supplies,File Folder,Online,UPI,10,52.36,0.05,523.6,26.18,497.42,280.9,216.52,0.4353,262.15,5,4.3
ORD00863,2023-11-03,CUST0381,Central,Madhya Pradesh,Small Business,Home Appliances,Coffee Maker,Online,Debit Card,7,1091.88,0.1,7643.16,764.32,6878.84,4176.5,2702.34,0.3928,264.74,3,4.4
ORD00864,2022-03-02,CUST0126,South,Andhra Pradesh,Corporate,Clothing,T-Shirt,Online,Net Banking,10,1498.27,0.1,14982.7,1498.27,13484.43,7949.54,5534.89,0.4105,60.15,5,4.4
ORD00865,2023-09-26,CUST0772,South,Telangana,Consumer,Furniture,Desk,Store,Credit Card,8,964.87,0.1,7718.96,771.9,6947.06,3832.97,3114.09,0.4483,103.36,7,3.2
ORD00866,2024-12-10,CUST0176,North,Delhi,Small Business,Office Supplies,Stapler,Store,UPI,10,630.8,0.1,6308.0,630.8,5677.2,4077.41,1599.79,0.2818,258.17,3,3.8
ORD00867,2025-11-27,CUST0970,Central,Chhattisgarh,Consumer,Clothing,Backpack,Online,UPI,8,1313.49,0.2,10507.92,2101.58,8406.34,6430.03,1976.3,0.2351,43.45,5,4.6
ORD00868,2024-10-25,CUST0985,West,Maharashtra,Consumer,Electronics,Headphones,Store,Cash,4,837.96,0.0,3351.84,0.0,3351.84,2709.7,642.14,0.1916,261.67,3,4.2
ORD00869,2023-08-27,CUST0101,West,Maharashtra,Consumer,Home Appliances,Coffee Maker,Store,UPI,1,1127.92,0.15,1127.92,169.19,958.73,641.43,317.3,0.331,180.91,1,2.5
ORD00870,2023-11-13,CUST0829,Central,Chhattisgarh,Small Business,Clothing,Backpack,Online,Net Banking,4,887.85,0.05,3551.4,177.57,3373.83,2110.41,1263.42,0.3745,204.04,6,5.0
ORD00871,2023-06-18,CUST0491,East,West Bengal,Small Business,Office Supplies,Pens,Store,Cash,6,71.86,0.05,431.16,21.56,409.6,320.82,88.78,0.2167,186.55,3,4.0
ORD00872,2025-11-29,CUST0193,East,West Bengal,Small Business,Office Supplies,Notebook,Online,UPI,10,331.52,0.0,3315.2,0.0,3315.2,2579.18,736.02,0.222,183.11,2,4.2
ORD00873,2024-04-17,CUST0081,South,Karnataka,Consumer,Office Supplies,Printer Paper,Partner,Debit Card,6,131.96,0.1,791.76,79.18,712.58,512.14,200.44,0.2813,71.82,3,4.0
ORD00874,2023-10-07,CUST0878,East,Jharkhand,Small Business,Clothing,Jeans,Online,Net Banking,6,173.43,0.15,1040.58,156.09,884.49,551.7,332.79,0.3762,86.1,5,3.7
ORD00875,2022-08-21,CUST0455,East,Odisha,Consumer,Office Supplies,Pens,Online,UPI,7,37.88,0.0,265.16,0.0,265.16,210.88,54.28,0.2047,182.42,5,2.9
ORD00876,2023-06-08,CUST0334,East,Jharkhand,Consumer,Clothing,Jacket,Online,Debit Card,1,640.43,0.05,640.43,32.02,608.41,363.93,244.48,0.4018,132.39,9,3.7
ORD00877,2022-12-12,CUST0573,Central,Madhya Pradesh,Consumer,Office Supplies,Printer Paper,Store,UPI,10,280.3,0.05,2803.0,140.15,2662.85,1495.95,1166.9,0.4382,171.56,9,4.3
ORD00878,2024-12-05,CUST0129,Central,Madhya Pradesh,Consumer,Electronics,Smartphone,Online,Net Banking,1,1285.71,0.0,1285.71,0.0,1285.71,983.68,302.03,0.2349,90.94,2,3.9
ORD00879,2023-06-30,CUST0006,West,Gujarat,Corporate,Electronics,Laptop,Online,Cash,7,1128.81,0.15,7901.67,1185.25,6716.42,4716.19,2000.23,0.2978,149.87,6,4.2
ORD00880,2025-01-06,CUST0999,West,Gujarat,Consumer,Furniture,Cabinet,Partner,Cash,4,866.17,0.15,3464.68,519.7,2944.98,1815.72,1129.26,0.3835,60.15,9,3.7
ORD00881,2025-01-01,CUST0458,West,Goa,Small Business,Office Supplies,Notebook,Partner,Debit Card,6,741.2,0.15,4447.2,667.08,3780.12,2763.8,1016.32,0.2689,30.75,9,3.8
ORD00882,2024-03-04,CUST0021,North,Delhi,Consumer,Office Supplies,Printer Paper,Partner,Debit Card,6,394.96,0.1,2369.76,236.98,2132.78,1614.55,518.24,0.243,286.31,6,4.3
ORD00883,2022-09-06,CUST0195,North,Delhi,Consumer,Clothing,Backpack,Online,Credit Card,9,720.3,0.1,6482.7,648.27,5834.43,4539.35,1295.08,0.222,222.46,1,3.9
ORD00884,2022-02-16,CUST0851,West,Maharashtra,Small Business,Clothing,Jeans,Partner,Credit Card,2,967.23,0.05,1934.46,96.72,1837.74,1150.74,686.99,0.3738,159.46,1,3.7
ORD00885,2025-02-18,CUST0028,West,Goa,Consumer,Office Supplies,Notebook,Online,Net Banking,4,1176.61,0.15,4706.44,705.97,4000.47,2227.9,1772.58,0.4431,174.28,9,4.4
ORD00886,2022-08-02,CUST0450,North,Uttar Pradesh,Corporate,Furniture,Office Chair,Online,Debit Card,4,136.3,0.1,545.2,54.52,490.68,337.45,153.23,0.3123,163.13,3,3.9
ORD00887,2022-08-27,CUST0923,Central,Chhattisgarh,Corporate,Office Supplies,Notebook,Online,UPI,7,1067.07,0.25,7469.49,1867.37,5602.12,4376.04,1226.07,0.2189,271.67,5,3.5
ORD00888,2024-12-15,CUST0492,North,Haryana,Consumer,Clothing,Backpack,Online,UPI,1,1117.95,0.25,1117.95,279.49,838.46,508.2,330.26,0.3939,236.62,6,3.9
ORD00889,2022-12-16,CUST0928,South,Karnataka,Corporate,Office Supplies,Stapler,Online,Net Banking,5,845.07,0.2,4225.35,845.07,3380.28,2243.5,1136.78,0.3363,111.04,1,3.8
ORD00890,2022-04-17,CUST0652,West,Maharashtra,Consumer,Clothing,Shoes,Online,Credit Card,4,333.26,0.05,1333.04,66.65,1266.39,784.19,482.2,0.3808,81.09,1,3.4
ORD00891,2024-04-10,CUST0833,North,Punjab,Small Business,Office Supplies,Printer Paper,Store,Debit Card,2,815.69,0.05,1631.38,81.57,1549.81,857.99,691.82,0.4464,38.63,4,5.0
ORD00892,2022-02-17,CUST0430,North,Uttar Pradesh,Consumer,Home Appliances,Coffee Maker,Online,Debit Card,5,761.52,0.2,3807.6,761.52,3046.08,2414.33,631.75,0.2074,61.38,6,3.6
ORD00893,2022-12-03,CUST0235,South,Telangana,Consumer,Clothing,Jacket,Online,Debit Card,9,721.43,0.15,6492.87,973.93,5518.94,3236.66,2282.28,0.4135,157.22,8,4.2
ORD00894,2024-11-15,CUST0424,West,Goa,Consumer,Furniture,Sofa,Online,Cash,8,699.05,0.15,5592.4,838.86,4753.54,3598.56,1154.98,0.243,76.72,7,3.8
ORD00895,2024-03-14,CUST0605,South,Karnataka,Consumer,Home Appliances,Coffee Maker,Partner,Net Banking,9,179.58,0.05,1616.22,80.81,1535.41,988.16,547.25,0.3564,107.47,2,4.7
ORD00896,2025-07-04,CUST0137,West,Gujarat,Corporate,Office Supplies,File Folder,Online,UPI,7,286.6,0.15,2006.2,300.93,1705.27,1065.75,639.52,0.375,57.33,4,4.8
ORD00897,2022-01-08,CUST0082,East,Odisha,Small Business,Clothing,Shoes,Online,Net Banking,10,159.54,0.1,1595.4,159.54,1435.86,1154.54,281.32,0.1959,278.39,5,4.3
ORD00898,2023-09-17,CUST0318,North,Punjab,Corporate,Home Appliances,Coffee Maker,Online,Debit Card,7,375.08,0.1,2625.56,262.56,2363.0,1718.95,644.05,0.2726,29.44,8,4.5
ORD00899,2025-06-30,CUST0365,Central,Madhya Pradesh,Consumer,Furniture,Cabinet,Partner,Net Banking,2,406.26,0.2,812.52,162.5,650.02,478.07,171.95,0.2645,118.51,7,3.0
ORD00900,2023-12-20,CUST0765,North,Haryana,Small Business,Clothing,Shoes,Online,Credit Card,3,378.94,0.05,1136.82,56.84,1079.98,815.5,264.48,0.2449,92.28,4,4.7
ORD00901,2022-10-30,CUST0740,Central,Chhattisgarh,Consumer,Home Appliances,Microwave,Online,Net Banking,10,328.23,0.15,3282.3,492.34,2789.96,1791.3,998.66,0.3579,22.32,8,4.4
ORD00902,2023-10-01,CUST0400,East,Jharkhand,Corporate,Home Appliances,Blender,Online,UPI,8,1107.1,0.1,8856.8,885.68,7971.12,5597.24,2373.88,0.2978,280.01,8,3.6
ORD00903,2022-02-25,CUST0867,Central,Chhattisgarh,Corporate,Home Appliances,Vacuum Cleaner,Partner,Credit Card,2,1230.57,0.1,2461.14,246.11,2215.03,1379.87,835.15,0.377,107.81,4,3.6
ORD00904,2023-12-27,CUST0356,North,Punjab,Consumer,Electronics,Smartphone,Online,Debit Card,7,500.76,0.0,3505.32,0.0,3505.32,2717.77,787.55,0.2247,160.64,2,3.9
ORD00905,2023-06-10,CUST0452,East,West Bengal,Small Business,Office Supplies,Notebook,Store,Debit Card,6,468.12,0.1,2808.72,280.87,2527.85,1799.36,728.49,0.2882,183.13,3,5.0
ORD00906,2023-04-19,CUST0936,North,Delhi,Consumer,Clothing,T-Shirt,Online,UPI,10,1268.39,0.1,12683.9,1268.39,11415.51,7028.76,4386.75,0.3843,190.93,5,3.8
ORD00907,2022-01-28,CUST0235,North,Delhi,Corporate,Clothing,Backpack,Partner,Credit Card,4,941.53,0.1,3766.12,376.61,3389.51,2687.66,701.85,0.2071,148.87,1,3.6
ORD00908,2022-03-19,CUST0035,West,Maharashtra,Corporate,Clothing,Jeans,Store,UPI,4,450.76,0.15,1803.04,270.46,1532.58,1083.27,449.31,0.2932,186.27,5,3.6
ORD00909,2025-05-24,CUST0639,South,Andhra Pradesh,Small Business,Home Appliances,Microwave,Store,,3,1074.71,0.05,3224.13,161.21,3062.92,2093.99,968.93,0.3163,230.49,4,2.9
ORD00910,2025-11-10,CUST0339,East,Bihar,Small Business,Office Supplies,Printer Paper,Online,UPI,6,526.72,0.2,3160.32,632.06,2528.26,1414.08,1114.17,0.4407,286.58,5,4.4
ORD00911,2022-12-31,CUST0956,North,Uttar Pradesh,Consumer,Furniture,Office Chair,Online,Net Banking,3,886.04,0.1,2658.12,265.81,2392.31,1903.43,488.88,0.2044,203.97,1,4.5
ORD00912,2023-10-28,CUST0454,South,Tamil Nadu,Corporate,Clothing,Jacket,Online,Credit Card,9,1489.06,0.15,13401.54,2010.23,11391.31,9194.08,2197.22,0.1929,149.42,10,2.2
ORD00913,2023-06-10,CUST0479,West,Goa,Consumer,Office Supplies,Notebook,Store,UPI,4,462.87,,1851.48,0.0,1851.48,1299.56,551.92,0.2981,144.49,7,4.9
ORD00914,2023-11-30,CUST0859,South,Tamil Nadu,Consumer,Office Supplies,Printer Paper,Partner,Cash,4,1396.83,0.05,5587.32,279.37,5307.95,3553.56,1754.39,0.3305,218.76,10,3.9
ORD00915,2025-08-28,CUST0259,West,Gujarat,Small Business,Electronics,Tablet,Online,UPI,2,491.17,0.15,982.34,147.35,834.99,540.31,294.68,0.3529,195.57,9,3.6
ORD00916,2024-06-01,CUST0640,West,Goa,Small Business,Clothing,Jeans,Partner,UPI,2,817.33,0.0,1634.66,0.0,1634.66,1017.37,617.29,0.3776,137.71,5,3.1
ORD00917,2024-10-27,CUST0053,West,Maharashtra,Small Business,Home Appliances,Air Cooler,Online,UPI,7,698.08,0.25,4886.56,1221.64,3664.92,2584.22,1080.7,0.2949,114.05,3,3.2
ORD00918,2024-10-23,CUST0612,South,Telangana,Consumer,Office Supplies,Printer Paper,Partner,Debit Card,5,1177.99,0.0,5889.95,0.0,5889.95,3443.18,2446.77,0.4154,298.08,9,4.2
ORD00919,2024-07-07,CUST0443,West,Maharashtra,Small Business,Office Supplies,Pens,Online,UPI,3,105.72,0.2,317.16,63.43,253.73,202.52,51.21,0.2018,234.7,6,4.6
ORD00920,2024-01-20,CUST0420,Central,Chhattisgarh,Small Business,Furniture,Bookshelf,Online,Cash,6,946.28,0.1,5677.68,567.77,5109.91,3053.22,2056.69,0.4025,77.9,6,3.4
ORD00921,2022-12-29,CUST0706,West,Maharashtra,Consumer,Electronics,Monitor,Online,Credit Card,6,1144.59,0.1,6867.54,686.75,6180.79,4643.55,1537.23,0.2487,101.81,10,2.9
ORD00922,2025-07-21,CUST0752,East,West Bengal,Consumer,Office Supplies,Notebook,Store,Net Banking,1,716.14,0.0,716.14,0.0,716.14,453.22,262.92,0.3671,270.23,10,3.8
ORD00923,2024-03-16,CUST0249,West,Maharashtra,Corporate,Office Supplies,Pens,Store,Credit Card,3,171.36,0.05,514.08,25.7,488.38,298.42,189.96,0.389,205.03,3,3.4
ORD00924,2024-01-09,CUST0293,West,Rajasthan,Corporate,Home Appliances,Blender,Online,UPI,5,378.54,0.0,1892.7,0.0,1892.7,1326.07,566.63,0.2994,107.01,1,4.0
ORD00925,2024-11-04,CUST0207,West,Goa,Small Business,Home Appliances,Coffee Maker,Online,Net Banking,7,1024.31,0.1,7170.17,717.02,6453.15,4882.35,1570.8,0.2434,121.98,4,4.6
ORD00926,2025-04-30,CUST0101,North,Uttar Pradesh,Consumer,Furniture,Bookshelf,Online,Net Banking,4,1344.72,0.1,5378.88,537.89,4840.99,3612.44,1228.55,0.2538,126.09,4,3.4
ORD00927,2023-04-30,CUST0215,North,Punjab,Corporate,Furniture,Desk,Online,Net Banking,8,641.09,0.15,5128.72,769.31,4359.41,2672.82,1686.59,0.3869,72.16,3,4.3
ORD00928,2022-01-28,CUST0300,West,Gujarat,Corporate,Furniture,Office Chair,Online,Cash,3,847.21,0.2,2541.63,508.33,2033.3,1299.76,733.54,0.3608,163.13,5,4.7
ORD00929,2023-12-15,CUST0576,South,Andhra Pradesh,Consumer,Home Appliances,Microwave,Store,Debit Card,6,354.15,0.1,2124.9,212.49,1912.41,1500.45,411.96,0.2154,234.36,9,4.1
ORD00930,2024-11-28,CUST0435,West,Rajasthan,Small Business,Home Appliances,Coffee Maker,Store,UPI,6,627.14,0.05,3762.84,188.14,3574.7,2664.14,910.56,0.2547,177.94,9,4.3
ORD00931,2025-07-20,CUST0239,South,Karnataka,Consumer,Electronics,Tablet,Store,Debit Card,9,515.13,0.05,4636.17,231.81,4404.36,3269.92,1134.44,0.2576,203.66,8,3.5
ORD00932,2025-06-08,CUST0124,East,West Bengal,Consumer,Clothing,Jeans,Store,Debit Card,4,988.46,0.15,3953.84,593.08,3360.76,2092.43,1268.34,0.3774,186.71,10,4.8
ORD00933,2022-03-27,CUST0518,North,Punjab,Consumer,Clothing,Backpack,Online,Debit Card,7,1477.28,0.0,10340.96,0.0,10340.96,7898.85,2442.11,0.2362,36.49,6,4.3
ORD00934,2022-05-06,CUST0737,North,Punjab,Consumer,Electronics,Tablet,Store,UPI,10,1222.76,0.1,12227.6,1222.76,11004.84,7117.63,3887.21,0.3532,72.66,4,3.4
ORD00935,2024-03-22,CUST0837,Central,Chhattisgarh,Corporate,Clothing,T-Shirt,Online,UPI,1,300.36,,300.36,0.0,300.36,197.75,102.61,0.3416,118.1,2,5.0
ORD00936,2023-06-21,CUST0149,Central,Madhya Pradesh,Small Business,Home Appliances,Blender,Store,,1,872.85,0.05,872.85,43.64,829.21,520.45,308.76,0.3724,268.99,10,2.7
ORD00937,2022-05-25,CUST0057,West,Maharashtra,Consumer,Clothing,Backpack,Online,UPI,2,113.62,0.1,227.24,22.72,204.52,119.19,85.33,0.4172,117.63,3,4.7
ORD00938,2025-05-20,CUST0156,East,Jharkhand,Consumer,Home Appliances,Blender,Store,Credit Card,4,381.67,0.1,1526.68,152.67,1374.01,911.67,462.35,0.3365,111.59,9,3.3
ORD00939,2022-01-25,CUST0597,West,Rajasthan,Consumer,Electronics,Monitor,Online,UPI,6,270.74,0.1,1624.44,162.44,1462.0,810.78,651.21,0.4454,42.56,1,4.0
ORD00940,2025-11-18,CUST0536,West,Rajasthan,Corporate,Furniture,Office Chair,Online,Debit Card,4,513.29,0.15,2053.16,307.97,1745.19,1174.68,570.51,0.3269,292.18,7,4.7
ORD00941,2022-03-08,CUST0115,East,Bihar,Small Business,Electronics,Laptop,Store,UPI,6,1023.04,0.05,6138.24,306.91,5831.33,4348.72,1482.61,0.2542,237.99,10,3.2
ORD00942,2022-08-21,CUST0604,North,Punjab,Corporate,Clothing,T-Shirt,Online,Net Banking,2,756.6,0.05,1513.2,75.66,1437.54,1163.55,273.99,0.1906,234.46,6,4.2
ORD00943,2022-04-19,CUST0331,West,Gujarat,Corporate,Home Appliances,Air Cooler,Online,UPI,9,1400.37,0.15,12603.33,1890.5,10712.83,6119.44,4593.39,0.4288,127.44,2,2.8
ORD00944,2025-03-15,CUST0191,West,Gujarat,Corporate,Clothing,Jeans,Store,Net Banking,3,330.93,0.1,992.79,99.28,893.51,559.29,334.22,0.3741,41.94,5,3.8
ORD00945,2022-04-21,CUST0534,Central,Madhya Pradesh,Consumer,Clothing,Jacket,Store,UPI,7,555.85,0.0,3890.95,0.0,3890.95,2659.14,1231.81,0.3166,93.79,2,4.9
ORD00946,2022-08-16,CUST0366,North,Uttar Pradesh,Corporate,Furniture,Cabinet,Online,UPI,1,504.83,0.15,504.83,75.72,429.11,255.75,173.36,0.404,258.81,9,3.9
ORD00947,2022-04-21,CUST0494,West,Gujarat,Corporate,Clothing,Jacket,Online,Net Banking,8,365.41,0.1,2923.28,292.33,2630.95,1530.01,1100.94,0.4185,70.48,5,4.6
ORD00948,2022-02-03,CUST0546,East,Odisha,Corporate,Furniture,Desk,Online,Credit Card,4,1489.86,0.0,5959.44,0.0,5959.44,4005.49,1953.95,0.3279,270.39,6,4.5
ORD00949,2023-09-15,CUST0249,South,Andhra Pradesh,Small Business,Home Appliances,Microwave,Store,Credit Card,5,590.03,0.15,2950.15,442.52,2507.63,1772.38,735.24,0.2932,170.01,4,3.2
ORD00950,2025-10-24,CUST0886,North,Haryana,Corporate,Home Appliances,Air Cooler,Online,Credit Card,7,1411.66,0.1,9881.62,988.16,8893.46,6860.91,2032.55,0.2285,220.07,1,3.1
ORD00951,2024-01-18,CUST0037,South,Tamil Nadu,Corporate,Furniture,Desk,Partner,Debit Card,3,594.85,0.05,1784.55,89.23,1695.32,1389.16,306.16,0.1806,147.02,3,4.4
ORD00952,2023-08-18,CUST0297,South,Andhra Pradesh,Small Business,Electronics,Smartphone,Online,Credit Card,9,318.08,0.1,2862.72,286.27,2576.45,1955.66,620.79,0.2409,281.05,5,4.3
ORD00953,2023-03-01,CUST0465,South,Andhra Pradesh,Small Business,Home Appliances,Coffee Maker,Online,Cash,9,192.02,0.1,1728.18,172.82,1555.36,948.4,606.96,0.3902,87.1,3,3.4
ORD00954,2023-09-05,CUST0847,West,Goa,Corporate,Electronics,Monitor,Online,UPI,8,1285.51,0.2,10284.08,2056.82,8227.26,6186.52,2040.74,0.248,180.28,8,3.8
ORD00955,2023-11-23,CUST0221,West,Rajasthan,Consumer,Home Appliances,Vacuum Cleaner,Online,UPI,1,62.66,0.15,62.66,9.4,53.26,37.02,16.24,0.305,39.35,2,4.1
ORD00956,2025-07-29,CUST0738,East,Jharkhand,Consumer,Home Appliances,Coffee Maker,Store,Debit Card,2,1447.13,0.05,2894.26,144.71,2749.55,1846.92,902.63,0.3283,154.52,2,3.6
ORD00957,2025-09-05,CUST0873,Central,Chhattisgarh,Corporate,Office Supplies,Stapler,Online,Debit Card,2,636.01,0.0,1272.02,0.0,1272.02,1020.98,251.04,0.1974,292.36,1,4.6
ORD00958,2022-11-11,CUST0811,South,Telangana,Consumer,Clothing,T-Shirt,Partner,Debit Card,3,382.35,0.2,1147.05,229.41,917.64,678.65,238.99,0.2604,44.68,1,4.0
ORD00959,2024-05-26,CUST0790,South,Karnataka,Consumer,Clothing,T-Shirt,Online,,2,931.91,0.15,1863.82,279.57,1584.25,1162.93,421.32,0.2659,161.88,4,3.9
ORD00960,2025-11-01,CUST0859,West,Maharashtra,Consumer,Electronics,Headphones,Online,UPI,1,212.38,0.0,212.38,0.0,212.38,117.48,94.9,0.4468,188.65,8,3.8
ORD00961,2025-08-05,CUST0486,North,Delhi,Corporate,Clothing,Backpack,Online,UPI,5,122.14,0.0,610.7,0.0,610.7,478.53,132.17,0.2164,280.89,8,4.3
ORD00962,2025-12-31,CUST0399,South,Andhra Pradesh,Consumer,Electronics,Smartphone,Partner,UPI,6,1244.26,0.15,7465.56,1119.83,6345.73,4849.35,1496.38,0.2358,103.28,8,3.9
ORD00963,2023-10-24,CUST0533,South,Andhra Pradesh,Consumer,Home Appliances,Vacuum Cleaner,Store,Net Banking,7,645.64,0.15,4519.48,677.92,3841.56,2422.93,1418.63,0.3693,160.82,1,2.9
ORD00964,2022-10-04,CUST0052,North,Punjab,Consumer,Office Supplies,Printer Paper,Online,Credit Card,10,784.61,0.0,7846.1,0.0,7846.1,4934.18,2911.92,0.3711,296.41,1,5.0
ORD00965,2023-09-16,CUST0772,West,Goa,Corporate,Office Supplies,Pens,Partner,Net Banking,7,277.39,0.15,1941.73,291.26,1650.47,931.59,718.88,0.4356,235.33,7,2.7
ORD00966,2023-05-31,CUST0431,South,Karnataka,Consumer,Home Appliances,Blender,Online,UPI,2,106.22,0.05,212.44,10.62,201.82,113.77,88.05,0.4363,246.92,7,4.8
ORD00967,2025-10-05,CUST0914,East,Bihar,Consumer,Furniture,Cabinet,Store,UPI,7,561.15,0.05,3928.05,196.4,3731.65,2726.05,1005.6,0.2695,238.54,10,3.5
ORD00968,2024-04-22,CUST0839,North,Delhi,Corporate,Furniture,Cabinet,Store,Debit Card,2,766.63,0.05,1533.26,76.66,1456.6,874.37,582.22,0.3997,164.26,5,3.7
ORD00969,2022-12-16,CUST0208,West,Goa,Corporate,Clothing,Shoes,Store,Debit Card,2,1151.66,0.1,2303.32,230.33,2072.99,1657.06,415.93,0.2006,141.62,8,5.0
ORD00970,2024-04-02,CUST0886,South,Tamil Nadu,Consumer,Electronics,Smartphone,Partner,Credit Card,6,759.06,0.15,4554.36,683.15,3871.21,3009.67,861.54,0.2226,91.35,6,2.6
ORD00971,2025-03-06,CUST0419,West,Goa,Corporate,Office Supplies,Printer Paper,Partner,Cash,6,1177.02,0.1,7062.12,706.21,6355.91,4094.47,2261.44,0.3558,150.47,1,3.9
ORD00972,2024-01-29,CUST0460,South,Andhra Pradesh,Consumer,Clothing,Shoes,Partner,UPI,8,186.42,0.05,1491.36,74.57,1416.79,924.62,492.17,0.3474,25.74,7,4.8
ORD00973,2024-06-17,CUST0519,North,Delhi,Corporate,Home Appliances,Air Cooler,Online,Cash,5,109.98,0.2,549.9,109.98,439.92,280.83,159.09,0.3616,47.19,8,3.6
ORD00974,2022-08-31,CUST0169,East,Bihar,Consumer,Office Supplies,File Folder,Online,UPI,5,250.91,0.0,1254.55,0.0,1254.55,721.3,533.25,0.4251,100.43,8,4.2
ORD00975,2023-06-27,CUST0650,North,Punjab,Consumer,Electronics,Tablet,Store,Credit Card,10,1161.44,0.15,11614.4,1742.16,9872.24,5513.51,4358.73,0.4415,113.42,10,4.7
ORD00976,2024-11-29,CUST0702,South,Andhra Pradesh,Corporate,Electronics,Smartphone,Store,UPI,1,1142.61,0.15,1142.61,171.39,971.22,652.73,318.49,0.3279,218.1,9,3.9
ORD00977,2022-08-17,CUST0961,South,Tamil Nadu,Corporate,Furniture,Cabinet,Online,Credit Card,4,224.93,0.05,899.72,44.99,854.73,687.74,167.0,0.1954,68.05,3,4.8
ORD00978,2023-07-02,CUST0140,Central,Chhattisgarh,Consumer,Clothing,Backpack,Online,Cash,1,61.02,0.0,61.02,0.0,61.02,48.67,12.35,0.2023,242.82,2,
ORD00979,2024-07-08,CUST0347,North,Haryana,Consumer,Home Appliances,Blender,Store,Net Banking,10,1032.64,0.2,10326.4,2065.28,8261.12,6349.96,1911.16,0.2313,244.22,8,3.7
ORD00980,2025-05-31,CUST0668,West,Maharashtra,Small Business,Office Supplies,Stapler,Partner,UPI,5,1285.09,0.1,6425.45,642.55,5782.9,4162.08,1620.83,0.2803,184.37,4,4.3
ORD00981,2022-01-06,CUST0058,North,Delhi,Corporate,Electronics,Smartphone,Online,UPI,8,1134.85,0.0,9078.8,0.0,9078.8,7092.18,1986.62,0.2188,157.62,2,
ORD00982,2025-09-07,CUST0696,South,Karnataka,Consumer,Office Supplies,Notebook,Online,UPI,1,316.16,0.2,316.16,63.23,252.93,174.28,78.64,0.3109,150.87,2,3.6
ORD00983,2023-04-13,CUST0766,South,Karnataka,Corporate,Home Appliances,Blender,Online,Cash,3,881.9,0.05,2645.7,132.28,2513.42,1504.64,1008.78,0.4014,137.75,2,3.8
ORD00984,2022-03-16,CUST0658,Central,Madhya Pradesh,Consumer,Office Supplies,Notebook,Online,Debit Card,1,1139.69,0.05,1139.69,56.98,1082.71,795.49,287.21,0.2653,44.8,5,3.3
ORD00985,2022-01-04,CUST0449,South,Telangana,Consumer,Clothing,Jeans,Store,Net Banking,6,394.91,0.1,2369.46,236.95,2132.51,1702.97,429.54,0.2014,203.52,8,3.8
ORD00986,2023-10-08,CUST0185,North,Uttar Pradesh,Consumer,Furniture,Office Chair,Partner,UPI,10,798.67,0.15,7986.7,1198.0,6788.7,3769.72,3018.98,0.4447,181.64,9,3.7
ORD00987,2022-04-28,CUST0178,South,Telangana,Consumer,Office Supplies,Notebook,Online,Cash,1,481.97,0.05,481.97,24.1,457.87,282.91,174.96,0.3821,24.41,6,4.2
ORD00988,2024-05-30,CUST0983,North,Punjab,Consumer,Furniture,Desk,Store,Net Banking,10,349.98,0.0,3499.8,0.0,3499.8,2175.71,1324.09,0.3783,76.75,8,2.9
ORD00989,2023-05-19,CUST0487,North,Uttar Pradesh,Consumer,Home Appliances,Coffee Maker,Store,Cash,3,1454.84,0.1,4364.52,436.45,3928.07,2265.48,1662.59,0.4233,142.17,6,3.9
ORD00990,2024-08-04,CUST0465,East,Odisha,Consumer,Furniture,Bookshelf,Online,UPI,5,1370.18,0.1,6850.9,685.09,6165.81,3766.59,2399.22,0.3891,272.37,1,4.5
ORD00991,2023-07-28,CUST0127,North,Delhi,Consumer,Office Supplies,File Folder,Store,Credit Card,5,676.82,0.2,3384.1,676.82,2707.28,1769.68,937.6,0.3463,297.28,9,4.3
ORD00992,2022-07-13,CUST0045,North,Punjab,Consumer,Office Supplies,Notebook,Store,UPI,2,218.12,0.1,436.24,43.62,392.62,315.57,77.05,0.1962,230.37,10,4.5
ORD00993,2024-04-26,CUST0190,West,Maharashtra,Consumer,Electronics,Smartphone,Store,UPI,3,1095.94,0.1,3287.82,328.78,2959.04,2314.77,644.27,0.2177,229.82,7,4.4
ORD00994,2023-12-16,CUST0362,South,Tamil Nadu,Corporate,Office Supplies,Printer Paper,Online,Net Banking,9,394.72,0.0,3552.48,0.0,3552.48,2861.24,691.24,0.1946,136.28,2,4.5
ORD00995,2025-11-16,CUST0366,North,Uttar Pradesh,Consumer,Furniture,Desk,Store,Credit Card,1,265.25,0.2,265.25,53.05,212.2,123.62,88.58,0.4174,179.87,3,3.4
ORD00996,2024-11-15,CUST0193,South,Tamil Nadu,Corporate,Electronics,Smartphone,Online,UPI,1,581.57,0.05,581.57,29.08,552.49,308.05,244.44,0.4424,85.19,2,3.5
ORD00997,2025-12-29,CUST0567,West,Gujarat,Consumer,Office Supplies,Pens,Online,Credit Card,2,801.83,0.1,1603.66,160.37,1443.29,836.63,606.66,0.4203,226.68,9,4.5
ORD00998,2022-06-22,CUST0294,South,Karnataka,Consumer,Office Supplies,Stapler,Online,Net Banking,8,159.7,0.2,1277.6,255.52,1022.08,814.45,207.63,0.2031,36.74,8,2.8
ORD00999,2025-08-16,CUST0772,East,Jharkhand,Corporate,Home Appliances,Microwave,Online,Credit Card,6,864.04,0.15,5184.24,777.64,4406.6,2611.01,1795.59,0.4075,136.83,5,2.9
ORD01000,2022-11-22,CUST0527,North,Delhi,Small Business,Electronics,Monitor,Online,UPI,4,37.79,0.1,151.16,15.12,136.04,95.86,40.19,0.2954,252.78,4,3.8
ORD01001,2025-12-04,CUST0149,East,Odisha,Consumer,Home Appliances,Coffee Maker,Online,Debit Card,7,1339.43,0.15,9376.01,1406.4,7969.61,4873.0,3096.61,0.3886,294.36,7,4.0
ORD01002,2025-02-15,CUST0149,South,Tamil Nadu,Consumer,Home Appliances,Air Cooler,Store,Debit Card,6,1382.3,0.2,8293.8,1658.76,6635.04,3686.24,2948.8,0.4444,215.04,9,3.6
ORD01003,2024-04-15,CUST0251,West,Goa,Corporate,Home Appliances,Air Cooler,Store,Cash,9,1103.61,0.15,9932.49,1489.87,8442.62,4836.33,3606.28,0.4272,75.23,8,2.9
ORD01004,2023-12-25,CUST0435,West,Rajasthan,Small Business,Clothing,Jeans,Online,Credit Card,6,707.83,0.1,4246.98,424.7,3822.28,2834.78,987.5,0.2584,179.9,8,4.7
ORD01005,2022-08-13,CUST0766,West,Gujarat,Small Business,Home Appliances,Vacuum Cleaner,Online,Credit Card,2,393.52,0.15,787.04,118.06,668.98,400.88,268.1,0.4008,176.94,2,3.6
ORD01006,2023-06-16,CUST0214,South,Andhra Pradesh,Consumer,Furniture,Cabinet,Store,Credit Card,3,1120.01,0.0,3360.03,0.0,3360.03,2055.89,1304.14,0.3881,290.41,10,3.1
ORD01007,2022-04-23,CUST0620,South,Karnataka,Consumer,Office Supplies,Printer Paper,Online,UPI,9,1398.72,0.1,12588.48,1258.85,11329.63,7385.33,3944.31,0.3481,255.25,9,2.4
ORD01008,2022-05-20,CUST0974,South,Karnataka,Corporate,Clothing,Jeans,Online,UPI,7,250.42,0.05,1752.94,87.65,1665.29,1211.43,453.87,0.2725,33.72,2,4.5
ORD01009,2023-07-13,CUST0035,North,Delhi,Corporate,Home Appliances,Microwave,Store,Debit Card,6,706.75,0.1,4240.5,424.05,3816.45,2582.71,1233.74,0.3233,81.63,8,
ORD01010,2022-01-01,CUST0381,North,Uttar Pradesh,Corporate,Office Supplies,Stapler,Online,UPI,5,483.16,0.15,2415.8,362.37,2053.43,1653.1,400.33,0.195,255.74,5,3.5
ORD01011,2022-03-31,CUST0772,West,Gujarat,Small Business,Electronics,Tablet,Online,Credit Card,3,544.76,0.0,1634.28,0.0,1634.28,1090.44,543.84,0.3328,292.29,6,4.5
ORD01012,2023-10-16,CUST0227,South,Karnataka,Corporate,Electronics,Headphones,Online,Net Banking,4,617.55,0.0,2470.2,0.0,2470.2,1491.42,978.78,0.3962,102.51,10,4.3
ORD01013,2022-11-16,CUST0928,South,Andhra Pradesh,Consumer,Office Supplies,Pens,Online,Net Banking,1,1428.42,0.05,1428.42,71.42,1357.0,942.79,414.21,0.3052,213.4,9,4.1
ORD01014,2022-05-19,CUST0220,East,Bihar,Consumer,Furniture,Office Chair,Partner,Cash,5,399.08,0.05,1995.4,99.77,1895.63,1273.37,622.26,0.3283,106.18,8,4.0
ORD01015,2024-04-24,CUST0140,East,West Bengal,Corporate,Office Supplies,Printer Paper,Online,Cash,7,746.62,0.1,5226.34,522.63,4703.71,3586.7,1117.0,0.2375,31.51,5,3.7
ORD01016,2022-09-16,CUST0566,North,Uttar Pradesh,Consumer,Office Supplies,Notebook,Online,Debit Card,2,1427.96,0.2,2855.92,571.18,2284.74,1833.46,451.27,0.1975,252.25,6,4.3
ORD01017,2024-06-20,CUST0798,West,Goa,Consumer,Clothing,Jeans,Store,Debit Card,8,721.94,0.15,5775.52,866.33,4909.19,3808.55,1100.64,0.2242,226.88,5,2.9
ORD01018,2023-11-21,CUST0265,North,Punjab,Consumer,Electronics,Laptop,Online,UPI,10,1297.45,0.05,12974.5,648.72,12325.78,8073.88,4251.89,0.345,34.92,9,3.8
ORD01019,2022-01-10,CUST0787,West,Gujarat,Consumer,Electronics,Smartphone,Online,Credit Card,6,102.27,0.0,613.62,0.0,613.62,373.3,240.32,0.3916,60.73,5,3.1
ORD01020,2022-09-18,CUST0336,West,Maharashtra,Consumer,Home Appliances,Air Cooler,Store,Debit Card,10,1430.25,0.1,14302.5,1430.25,12872.25,10258.05,2614.2,0.2031,299.87,6,4.2
ORD01021,2022-06-21,CUST0926,West,Maharashtra,Small Business,Office Supplies,Stapler,Partner,Credit Card,3,293.48,0.15,880.44,132.07,748.37,489.59,258.78,0.3458,202.21,1,4.5
ORD01022,2024-06-16,CUST0961,East,Bihar,Consumer,Office Supplies,Stapler,Online,UPI,2,1470.2,0.1,2940.4,294.04,2646.36,2005.82,640.54,0.242,244.12,8,4.0
ORD01023,2022-01-13,CUST0622,North,Uttar Pradesh,Consumer,Furniture,Sofa,Online,UPI,8,275.73,0.05,2205.84,110.29,2095.55,1712.42,383.12,0.1828,128.82,8,3.9
ORD01024,2025-04-06,CUST0557,South,Karnataka,Consumer,Electronics,Laptop,Store,Credit Card,4,674.88,0.0,2699.52,0.0,2699.52,1905.62,793.9,0.2941,165.11,8,3.1
ORD01025,2022-11-17,CUST0279,West,Gujarat,Consumer,Furniture,Desk,Online,Credit Card,7,473.29,0.05,3313.03,165.65,3147.38,2138.86,1008.52,0.3204,193.57,7,4.2
ORD01026,2025-09-04,CUST0332,South,Karnataka,Small Business,Clothing,Shoes,Online,UPI,7,658.35,0.1,4608.45,460.84,4147.6,3064.94,1082.67,0.261,245.69,7,4.5
ORD01027,2022-11-25,CUST0773,Central,Madhya Pradesh,Small Business,Home Appliances,Microwave,Online,Credit Card,10,387.03,0.15,3870.3,580.54,3289.75,1981.62,1308.13,0.3976,114.89,6,3.9
ORD01028,2024-02-24,CUST0724,South,Karnataka,Consumer,Furniture,Desk,Online,Cash,9,1448.5,0.2,13036.5,2607.3,10429.2,7110.89,3318.31,0.3182,208.23,7,3.6
ORD01029,2024-02-16,CUST0195,South,Telangana,Corporate,Electronics,Laptop,Online,Credit Card,10,469.0,0.1,4690.0,469.0,4221.0,2677.5,1543.5,0.3657,237.18,9,3.4
ORD01030,2024-06-29,CUST0631,South,Andhra Pradesh,Consumer,Clothing,Shoes,Online,UPI,8,985.11,0.15,7880.88,1182.13,6698.75,3981.34,2717.4,0.4057,245.44,5,4.7
ORD01031,2025-12-13,CUST0706,South,Tamil Nadu,Small Business,Office Supplies,Pens,Store,Debit Card,8,219.11,0.25,1752.88,438.22,1314.66,939.64,375.02,0.2853,159.79,9,5.0
ORD01032,2025-01-23,CUST0043,East,Bihar,Consumer,Clothing,T-Shirt,Online,Credit Card,7,1239.22,0.15,8674.54,1301.18,7373.36,5201.47,2171.89,0.2946,152.54,9,4.0
ORD01033,2022-11-14,CUST0980,West,Maharashtra,Consumer,Furniture,Sofa,Online,UPI,10,820.62,0.15,8206.2,1230.93,6975.27,5269.99,1705.28,0.2445,49.27,4,4.0
ORD01034,2022-08-24,CUST0258,West,Goa,Corporate,Electronics,Tablet,Online,UPI,5,1469.48,0.2,7347.4,1469.48,5877.92,4618.29,1259.63,0.2143,159.36,9,4.1
ORD01035,2022-11-30,CUST0688,West,Maharashtra,Small Business,Furniture,Desk,Store,Net Banking,9,643.75,0.05,5793.75,289.69,5504.06,3354.73,2149.33,0.3905,216.54,8,4.5
ORD01036,2023-01-11,CUST0442,Central,Madhya Pradesh,Consumer,Office Supplies,Stapler,Online,UPI,7,305.24,0.0,2136.68,0.0,2136.68,1624.99,511.69,0.2395,277.76,5,4.5
ORD01037,2025-03-06,CUST0296,West,Maharashtra,Corporate,Office Supplies,File Folder,Online,Credit Card,3,528.84,0.25,1586.52,396.63,1189.89,772.47,417.42,0.3508,55.06,10,4.8
ORD01038,2023-08-11,CUST0611,North,Haryana,Consumer,Electronics,Laptop,Online,Credit Card,6,1109.39,0.1,6656.34,665.63,5990.71,4311.98,1678.73,0.2802,291.29,3,4.1
ORD01039,2023-05-28,CUST0437,West,Maharashtra,Small Business,Home Appliances,Microwave,Online,Debit Card,3,993.77,0.15,2981.31,447.2,2534.11,1975.51,558.61,0.2204,85.54,9,5.0
ORD01040,2025-08-12,CUST0955,South,Karnataka,Consumer,Clothing,Backpack,Partner,Credit Card,6,1170.85,0.15,7025.1,1053.76,5971.33,3697.27,2274.06,0.3808,69.24,3,4.4
ORD01041,2025-09-05,CUST0708,North,Delhi,Small Business,Clothing,Backpack,Store,UPI,8,124.1,0.05,992.8,49.64,943.16,671.77,271.39,0.2877,52.06,3,3.9
ORD01042,2024-07-06,CUST0959,West,Rajasthan,Consumer,Office Supplies,Printer Paper,Online,Cash,9,876.85,0.1,7891.65,789.17,7102.48,4827.46,2275.02,0.3203,297.24,3,4.7
ORD01043,2025-10-04,CUST0629,South,Telangana,Consumer,Furniture,Office Chair,Store,UPI,2,1399.27,0.1,2798.54,279.85,2518.69,1922.91,595.78,0.2365,177.09,1,5.0
ORD01044,2024-05-22,CUST0676,North,Haryana,Small Business,Furniture,Cabinet,Online,UPI,6,175.23,0.05,1051.38,52.57,998.81,737.38,261.43,0.2617,95.77,6,3.6
ORD01045,2025-06-06,CUST0808,North,Haryana,Small Business,Home Appliances,Vacuum Cleaner,Online,UPI,3,155.09,0.0,465.27,0.0,465.27,352.58,112.69,0.2422,108.91,3,3.8
ORD01046,2022-09-27,CUST0902,North,Haryana,Corporate,Furniture,Bookshelf,Online,Net Banking,7,1079.16,,7554.12,755.41,6798.71,4267.85,2530.86,0.3723,286.08,10,4.1
ORD01047,2024-03-08,CUST0398,Central,Chhattisgarh,Consumer,Clothing,Backpack,Store,Credit Card,4,483.05,0.0,1932.2,0.0,1932.2,1430.17,502.03,0.2598,271.99,3,3.6
ORD01048,2025-08-07,CUST0975,North,Uttar Pradesh,Consumer,Furniture,Desk,Online,Net Banking,5,992.99,0.05,4964.95,248.25,4716.7,3365.69,1351.02,0.2864,118.0,9,4.6
ORD01049,2023-12-26,CUST0125,South,Tamil Nadu,Consumer,Home Appliances,Microwave,Online,Net Banking,10,824.9,0.0,8249.0,0.0,8249.0,5554.08,2694.92,0.3267,37.8,7,3.8
ORD01050,2025-04-03,CUST0497,South,Tamil Nadu,Consumer,Clothing,Jacket,Online,Credit Card,6,1479.31,0.15,8875.86,1331.38,7544.48,4920.15,2624.33,0.3478,253.39,8,3.7
ORD01051,2022-01-05,CUST0869,South,Andhra Pradesh,Corporate,Furniture,Cabinet,Online,Debit Card,8,1335.25,0.2,10682.0,2136.4,8545.6,5465.18,3080.42,0.3605,276.04,1,4.3
ORD01052,2024-04-30,CUST0801,Central,Chhattisgarh,Consumer,Clothing,Backpack,Store,Cash,2,1021.94,0.1,2043.88,204.39,1839.49,1016.53,822.97,0.4474,254.51,8,5.0
ORD01053,2025-11-03,CUST0364,North,Uttar Pradesh,Corporate,Office Supplies,Stapler,Store,Net Banking,4,403.59,0.1,1614.36,161.44,1452.92,865.62,587.3,0.4042,275.63,8,3.3
ORD01054,2022-03-19,CUST0147,East,West Bengal,Corporate,Office Supplies,File Folder,Store,Debit Card,4,403.93,0.25,1615.72,403.93,1211.79,685.78,526.01,0.4341,181.25,8,3.3
ORD01055,2025-12-04,CUST0460,West,Maharashtra,Consumer,Office Supplies,Printer Paper,Store,UPI,6,1325.13,0.0,7950.78,0.0,7950.78,6194.11,1756.67,0.2209,255.1,6,4.1
ORD01056,2023-07-28,CUST0171,Central,Chhattisgarh,Corporate,Furniture,Bookshelf,Partner,Debit Card,4,884.23,0.05,3536.92,176.85,3360.07,2628.33,731.74,0.2178,284.3,10,3.1
ORD01057,2022-05-12,CUST0310,West,Maharashtra,Corporate,Home Appliances,Air Cooler,Online,UPI,5,1187.08,0.05,5935.4,296.77,5638.63,4389.52,1249.11,0.2215,269.17,5,3.6
ORD01058,2023-08-24,CUST0713,West,Goa,Corporate,Clothing,Jacket,Online,Debit Card,5,683.05,0.05,3415.25,170.76,3244.49,2500.98,743.51,0.2292,184.41,4,3.9
ORD01059,2024-12-01,CUST0979,North,Punjab,Consumer,Electronics,Monitor,Online,Debit Card,8,168.06,0.05,1344.48,67.22,1277.26,778.82,498.44,0.3902,229.03,9,4.6
ORD01060,2022-03-30,CUST0352,South,Tamil Nadu,Corporate,Office Supplies,Printer Paper,Online,UPI,4,509.04,0.05,2036.16,101.81,1934.35,1320.74,613.61,0.3172,221.96,7,3.2
ORD01061,2023-02-06,CUST0860,South,Telangana,Consumer,Office Supplies,File Folder,Online,Net Banking,6,254.31,0.05,1525.86,76.29,1449.57,1152.58,296.99,0.2049,244.83,1,3.9
ORD01062,2022-10-23,CUST0348,Central,Chhattisgarh,Consumer,Electronics,Smartphone,Online,Net Banking,7,1176.02,0.1,8232.14,823.21,7408.93,5594.78,1814.14,0.2449,84.08,1,3.6
ORD01063,2025-08-11,CUST0892,North,Uttar Pradesh,Corporate,Electronics,Tablet,Online,Credit Card,8,1055.26,0.05,8442.08,422.1,8019.98,4414.93,3605.05,0.4495,20.61,1,3.5
ORD01064,2023-09-08,CUST0351,North,Haryana,Corporate,Furniture,Sofa,Online,Net Banking,9,146.29,0.1,1316.61,131.66,1184.95,798.71,386.24,0.326,162.77,4,4.1
ORD01065,2024-03-10,CUST0573,South,Andhra Pradesh,Consumer,Clothing,Jeans,Partner,Debit Card,10,937.76,0.1,9377.6,937.76,8439.84,4666.23,3773.61,0.4471,234.35,9,4.3
ORD01066,2023-02-26,CUST0996,North,Punjab,Corporate,Office Supplies,Printer Paper,Online,Debit Card,8,1313.09,0.0,10504.72,0.0,10504.72,6573.63,3931.09,0.3742,55.03,3,3.9
ORD01067,2024-11-12,CUST0141,North,Uttar Pradesh,Small Business,Home Appliances,Microwave,Online,Cash,4,1050.59,0.15,4202.36,630.35,3572.01,2384.87,1187.14,0.3323,169.18,10,4.2
ORD01068,2023-07-29,CUST0170,Central,Madhya Pradesh,Consumer,Furniture,Desk,Store,UPI,4,774.0,0.1,3096.0,309.6,2786.4,2204.27,582.13,0.2089,108.03,1,3.3
ORD01069,2022-05-23,CUST0225,South,Telangana,Small Business,Furniture,Office Chair,Online,Credit Card,10,478.12,0.0,4781.2,0.0,4781.2,3474.42,1306.78,0.2733,254.71,1,4.3
ORD01070,2024-09-19,CUST0746,West,Gujarat,Corporate,Home Appliances,Coffee Maker,Online,Credit Card,5,1332.34,0.0,6661.7,0.0,6661.7,4315.92,2345.78,0.3521,48.07,3,4.4
ORD01071,2023-10-27,CUST0786,West,Rajasthan,Corporate,Home Appliances,Coffee Maker,Online,UPI,3,642.87,0.15,1928.61,289.29,1639.32,1118.8,520.52,0.3175,257.41,7,4.4
ORD01072,2022-05-25,CUST0221,South,Telangana,Consumer,Home Appliances,Coffee Maker,Store,Net Banking,2,1285.26,0.15,2570.52,385.58,2184.94,1683.92,501.02,0.2293,191.01,8,2.7
ORD01073,2025-06-02,CUST0365,North,Uttar Pradesh,Consumer,Electronics,Laptop,Store,Cash,2,1177.75,0.1,2355.5,235.55,2119.95,1337.49,782.46,0.3691,277.44,4,4.4
ORD01074,2024-10-03,CUST0743,South,Telangana,Small Business,Office Supplies,File Folder,Store,Net Banking,9,1227.1,0.05,11043.9,552.2,10491.7,7512.68,2979.02,0.2839,281.98,2,4.3
ORD01075,2023-05-18,CUST0840,South,Telangana,Consumer,Electronics,Monitor,Online,Net Banking,8,1484.85,0.1,11878.8,1187.88,10690.92,6636.99,4053.93,0.3792,246.49,7,4.7
ORD01076,2024-03-31,CUST0113,West,Maharashtra,Consumer,Office Supplies,Printer Paper,Online,UPI,6,1126.91,0.1,6761.46,676.15,6085.31,4135.52,1949.79,0.3204,168.43,9,3.3
ORD01077,2022-04-14,CUST0249,South,Telangana,Corporate,Electronics,Laptop,Online,Net Banking,9,65.55,0.2,589.95,117.99,471.96,262.72,209.24,0.4433,59.92,10,4.2
ORD01078,2024-11-28,CUST0470,North,Delhi,Consumer,Clothing,Backpack,Partner,Credit Card,5,320.07,0.1,1600.35,160.04,1440.31,1123.61,316.7,0.2199,83.12,6,3.8
ORD01079,2022-07-17,CUST0449,East,West Bengal,Corporate,Office Supplies,Pens,Store,Cash,10,67.26,0.05,672.6,33.63,638.97,359.77,279.2,0.4369,136.97,2,3.0
ORD01080,2023-08-02,CUST0048,Central,Madhya Pradesh,Corporate,Furniture,Desk,Online,Debit Card,1,297.02,0.0,297.02,0.0,297.02,181.35,115.67,0.3894,224.13,9,4.1
ORD01081,2023-01-26,CUST0351,West,Maharashtra,Small Business,Office Supplies,Printer Paper,Store,Cash,8,106.24,0.0,849.92,0.0,849.92,543.99,305.93,0.36,172.56,7,2.9
ORD01082,2025-04-17,CUST0084,West,Maharashtra,Corporate,Office Supplies,File Folder,Online,Credit Card,3,759.9,0.15,2279.7,341.96,1937.74,1392.84,544.91,0.2812,142.72,9,3.8
ORD01083,2023-07-08,CUST0676,West,Gujarat,Consumer,Office Supplies,Pens,Partner,UPI,9,56.89,0.0,512.01,0.0,512.01,381.14,130.87,0.2556,153.71,2,3.9
ORD01084,2024-11-04,CUST0599,South,Andhra Pradesh,Consumer,Clothing,T-Shirt,Store,UPI,1,716.78,0.1,716.78,71.68,645.1,368.82,276.28,0.4283,227.62,10,3.6
ORD01085,2025-08-05,CUST0977,West,Maharashtra,Corporate,Electronics,Tablet,Online,Cash,3,1349.78,0.15,4049.34,607.4,3441.94,1933.46,1508.48,0.4383,29.62,4,4.1
ORD01086,2023-04-23,CUST0173,North,Uttar Pradesh,Consumer,Furniture,Desk,Store,Net Banking,1,1126.64,0.05,1126.64,56.33,1070.31,819.56,250.74,0.2343,143.94,6,3.2
ORD01087,2025-06-08,CUST0906,West,Gujarat,Small Business,Electronics,Smartphone,Online,Debit Card,1,1416.77,0.15,1416.77,212.52,1204.25,893.9,310.35,0.2577,180.36,10,3.5
ORD01088,2024-07-11,CUST0905,West,Goa,Corporate,Electronics,Smartphone,Online,UPI,6,351.57,0.1,2109.42,210.94,1898.48,1470.41,428.07,0.2255,184.84,7,5.0
ORD01089,2023-02-24,CUST0942,North,Haryana,Consumer,Home Appliances,Coffee Maker,Store,Debit Card,4,803.66,0.1,3214.64,321.46,2893.18,2119.73,773.45,0.2673,193.23,3,3.7
ORD01090,2022-06-06,CUST0145,West,Goa,Small Business,Clothing,Shoes,Online,Credit Card,10,488.09,0.2,4880.9,976.18,3904.72,2939.37,965.35,0.2472,34.97,10,3.7
ORD01091,2023-07-04,CUST0762,Central,Chhattisgarh,Consumer,Home Appliances,Air Cooler,Online,Credit Card,4,748.32,0.15,2993.28,448.99,2544.29,1659.74,884.55,0.3477,176.23,5,3.5
ORD01092,2025-01-25,CUST0451,South,Karnataka,Consumer,Clothing,Shoes,Store,Credit Card,5,842.26,0.05,4211.3,210.57,4000.74,2837.92,1162.81,0.2907,174.15,4,4.6
ORD01093,2024-10-17,CUST0545,West,Goa,Corporate,Electronics,Monitor,Store,UPI,3,68.74,0.15,206.22,30.93,175.29,134.53,40.76,0.2325,259.36,5,4.2
ORD01094,2024-09-23,CUST0321,North,Uttar Pradesh,Small Business,Electronics,Tablet,Online,Cash,2,361.39,0.15,722.78,108.42,614.36,366.45,247.91,0.4035,232.82,6,3.4
ORD01095,2025-12-05,CUST0148,East,Jharkhand,Consumer,Clothing,Jeans,Online,Cash,10,1061.59,0.15,10615.9,1592.38,9023.52,5993.08,3030.44,0.3358,28.74,6,4.1
ORD01096,2024-08-08,CUST0706,East,Odisha,Consumer,Electronics,Monitor,Store,Credit Card,8,1162.8,0.1,9302.4,930.24,8372.16,6278.55,2093.61,0.2501,175.66,7,4.6
ORD01097,2022-10-16,CUST0126,East,West Bengal,Consumer,Electronics,Headphones,Online,Credit Card,7,860.64,0.05,6024.48,301.22,5723.26,3970.86,1752.39,0.3062,213.46,6,4.4
ORD01098,2025-07-01,CUST0912,Central,Chhattisgarh,Consumer,Furniture,Office Chair,Partner,Credit Card,10,417.18,0.05,4171.8,208.59,3963.21,2909.18,1054.03,0.266,182.44,6,4.5
ORD01099,2022-07-15,CUST0969,Central,Madhya Pradesh,Consumer,Home Appliances,Vacuum Cleaner,Online,Debit Card,4,616.55,0.15,2466.2,369.93,2096.27,1318.71,777.56,0.3709,209.38,4,5.0
ORD01100,2023-08-21,CUST0910,West,Rajasthan,Consumer,Home Appliances,Vacuum Cleaner,Online,Credit Card,2,157.61,0.0,315.22,0.0,315.22,176.12,139.1,0.4413,52.66,2,3.2
ORD01101,2023-06-01,CUST0641,South,Tamil Nadu,Corporate,Home Appliances,Coffee Maker,Online,Debit Card,9,1430.47,0.15,12874.23,1931.13,10943.1,6104.82,4838.28,0.4421,67.39,10,4.3
ORD01102,2024-05-14,CUST0675,Central,Chhattisgarh,Small Business,Office Supplies,Pens,Online,UPI,8,1304.99,0.05,10439.92,522.0,9917.92,7979.47,1938.45,0.1954,183.17,7,3.5
ORD01103,2025-02-15,CUST0466,North,Uttar Pradesh,Consumer,Furniture,Cabinet,Store,UPI,4,112.42,0.1,449.68,44.97,404.71,325.8,78.91,0.195,244.19,7,3.5
ORD01104,2024-03-16,CUST0129,Central,Madhya Pradesh,Consumer,Home Appliances,Microwave,Online,UPI,5,262.24,0.1,1311.2,131.12,1180.08,716.36,463.72,0.393,27.28,3,4.1
ORD01105,2025-03-28,CUST0683,South,Andhra Pradesh,Small Business,Home Appliances,Blender,Online,Debit Card,10,877.93,0.1,8779.3,877.93,7901.37,4660.35,3241.02,0.4102,142.15,5,3.4
ORD01106,2024-03-25,CUST0837,North,Delhi,Corporate,Furniture,Desk,Store,UPI,6,360.16,0.15,2160.96,324.14,1836.82,1019.25,817.57,0.4451,297.78,6,3.9
ORD01107,2022-08-16,CUST0075,West,Goa,Small Business,Electronics,Headphones,Online,Net Banking,4,1402.59,0.1,5610.36,561.04,5049.32,3092.4,1956.92,0.3876,234.41,10,4.8
ORD01108,2022-08-04,CUST0486,South,Telangana,Consumer,Home Appliances,Air Cooler,Online,Debit Card,2,1137.05,0.05,2274.1,113.7,2160.4,1383.25,777.15,0.3597,146.05,9,4.5
ORD01109,2024-08-05,CUST0768,South,Karnataka,Consumer,Electronics,Laptop,Online,Credit Card,5,420.84,0.0,2104.2,0.0,2104.2,1294.37,809.83,0.3849,47.45,3,3.2
ORD01110,2022-01-15,CUST0216,South,Telangana,Consumer,Home Appliances,Blender,Online,Debit Card,1,24.06,0.15,24.06,3.61,20.45,15.65,4.8,0.2347,120.57,3,3.1
ORD01111,2025-03-26,CUST0743,North,Delhi,Corporate,Clothing,Shoes,Online,Credit Card,7,1202.18,0.2,8415.26,1683.05,6732.21,5064.95,1667.26,0.2477,63.24,5,3.9
ORD01112,2025-07-08,CUST0237,North,Uttar Pradesh,Consumer,Office Supplies,Pens,Online,UPI,9,644.77,0.0,5802.93,0.0,5802.93,3318.54,2484.39,0.4281,277.82,2,3.6
ORD01113,2025-03-26,CUST0096,North,Delhi,Corporate,Home Appliances,Coffee Maker,Online,Credit Card,3,968.93,0.05,2906.79,145.34,2761.45,2038.71,722.74,0.2617,211.98,3,4.3
ORD01114,2022-02-16,CUST0183,South,Tamil Nadu,Consumer,Clothing,Shoes,Store,UPI,6,441.16,0.05,2646.96,132.35,2514.61,1736.49,778.13,0.3094,259.6,6,3.4
ORD01115,2022-11-20,CUST0912,North,Punjab,Consumer,Furniture,Office Chair,Online,Credit Card,9,227.17,0.2,2044.53,408.91,1635.62,957.96,677.66,0.4143,271.29,3,4.1
ORD01116,2024-04-23,CUST0633,West,Maharashtra,Corporate,Clothing,Jeans,Store,UPI,4,1017.84,0.05,4071.36,203.57,3867.79,2899.59,968.21,0.2503,189.93,1,4.2
ORD01117,2022-05-10,CUST0195,South,Tamil Nadu,Consumer,Furniture,Office Chair,Store,Credit Card,6,683.73,0.0,4102.38,0.0,4102.38,2351.62,1750.76,0.4268,21.85,7,3.9
ORD01118,2025-12-05,CUST0250,Central,Madhya Pradesh,Corporate,Home Appliances,Coffee Maker,Online,UPI,3,364.23,0.0,1092.69,0.0,1092.69,653.24,439.45,0.4022,175.7,7,4.0
ORD01119,2022-04-05,CUST0623,Central,Chhattisgarh,Consumer,Furniture,Cabinet,Online,Credit Card,9,219.38,0.15,1974.42,296.16,1678.26,990.66,687.6,0.4097,244.7,2,5.0
ORD01120,2023-09-19,CUST0447,South,Karnataka,Consumer,Clothing,T-Shirt,Online,Credit Card,7,877.01,0.2,6139.07,1227.81,4911.26,3946.39,964.87,0.1965,108.06,5,3.9
ORD01121,2024-01-25,CUST0072,West,Maharashtra,Consumer,Office Supplies,Stapler,Online,Net Banking,7,1092.44,0.05,7647.08,382.35,7264.73,5365.02,1899.71,0.2615,279.77,9,4.5
ORD01122,2025-08-08,CUST0992,West,Gujarat,Consumer,Electronics,Headphones,Partner,UPI,4,436.57,0.0,1746.28,0.0,1746.28,1154.37,591.91,0.339,299.11,3,3.3
ORD01123,2024-03-04,CUST0918,Central,Madhya Pradesh,Consumer,Electronics,Smartphone,Store,Credit Card,6,1106.69,0.1,6640.14,664.01,5976.13,4613.54,1362.59,0.228,173.79,8,3.6
ORD01124,2025-07-30,CUST0952,East,West Bengal,Corporate,Office Supplies,Printer Paper,Partner,UPI,8,286.94,0.05,2295.52,114.78,2180.74,1326.57,854.18,0.3917,168.75,4,3.5
ORD01125,2022-03-10,CUST0052,North,Uttar Pradesh,Small Business,Electronics,Monitor,Store,UPI,6,517.55,0.0,3105.3,0.0,3105.3,2488.57,616.73,0.1986,203.45,3,4.6
ORD01126,2022-01-11,CUST0496,West,Goa,Consumer,Home Appliances,Vacuum Cleaner,Online,UPI,6,1121.15,0.2,6726.9,1345.38,5381.52,3972.58,1408.94,0.2618,178.57,2,4.3
ORD01127,2025-07-01,CUST0977,West,Gujarat,Consumer,Home Appliances,Blender,Online,Debit Card,4,995.31,0.2,3981.24,796.25,3184.99,2232.96,952.04,0.2989,64.93,9,4.5
ORD01128,2024-05-21,CUST0155,West,Goa,Small Business,Clothing,Jacket,Online,Net Banking,8,416.73,0.25,3333.84,833.46,2500.38,1911.68,588.7,0.2354,95.91,5,3.9
ORD01129,2023-07-04,CUST0320,South,Andhra Pradesh,Consumer,Clothing,T-Shirt,Store,Credit Card,10,196.37,0.1,1963.7,196.37,1767.33,1279.71,487.62,0.2759,76.5,9,3.0
ORD01130,2025-03-03,CUST0301,Central,Madhya Pradesh,Consumer,Furniture,Sofa,Partner,Debit Card,8,78.07,0.05,624.56,31.23,593.33,468.45,124.88,0.2105,40.2,8,4.3
ORD01131,2023-12-13,CUST0195,Central,Chhattisgarh,Consumer,Clothing,Jacket,Online,Debit Card,9,1259.3,0.15,11333.7,1700.05,9633.64,7455.2,2178.44,0.2261,59.31,3,4.2
ORD01132,2022-01-23,CUST0026,South,Karnataka,Corporate,Home Appliances,Vacuum Cleaner,Online,Net Banking,6,126.59,0.0,759.54,0.0,759.54,458.32,301.22,0.3966,292.25,4,4.7
ORD01133,2024-03-25,CUST0227,North,Delhi,Consumer,Clothing,T-Shirt,Online,Cash,2,185.55,0.05,371.1,18.56,352.54,216.71,135.83,0.3853,175.39,6,4.3
ORD01134,2022-12-12,CUST0397,North,Delhi,Corporate,Electronics,Tablet,Store,Net Banking,4,368.0,0.05,1472.0,73.6,1398.4,793.7,604.7,0.4324,55.25,10,4.1
ORD01135,2022-10-29,CUST0209,West,Rajasthan,Consumer,Furniture,Desk,Partner,Net Banking,4,676.82,0.25,2707.28,676.82,2030.46,1237.47,792.99,0.3905,219.67,5,4.3
ORD01136,2022-12-29,CUST0414,West,Goa,Consumer,Furniture,Office Chair,Online,Cash,8,1187.83,0.15,9502.64,1425.4,8077.24,5191.58,2885.66,0.3573,153.5,10,4.5
ORD01137,2023-01-31,CUST0733,West,Maharashtra,Consumer,Home Appliances,Coffee Maker,Online,UPI,5,382.51,0.0,1912.55,0.0,1912.55,1066.79,845.76,0.4422,82.91,10,4.5
ORD01138,2022-08-06,CUST0846,South,Tamil Nadu,Corporate,Clothing,T-Shirt,Online,Net Banking,4,822.11,0.0,3288.44,0.0,3288.44,2088.29,1200.15,0.365,284.2,3,3.7
ORD01139,2022-05-21,CUST0798,East,Odisha,Corporate,Electronics,Headphones,Online,Cash,8,149.2,0.15,1193.6,179.04,1014.56,769.36,245.2,0.2417,82.87,5,3.2
ORD01140,2024-08-15,CUST0997,South,Telangana,Consumer,Clothing,T-Shirt,Store,Credit Card,3,704.8,0.15,2114.4,317.16,1797.24,1396.26,400.98,0.2231,47.33,5,4.4
ORD01141,2025-05-18,CUST0253,East,Odisha,Consumer,Office Supplies,Notebook,Online,UPI,2,278.79,0.15,557.58,83.64,473.94,261.8,212.14,0.4476,77.62,9,4.0
ORD01142,2024-09-11,CUST0428,West,Maharashtra,Corporate,Clothing,Shoes,Store,UPI,4,328.62,0.0,1314.48,0.0,1314.48,725.5,588.98,0.4481,275.34,4,3.9
ORD01143,2024-09-19,CUST0944,Central,Chhattisgarh,Small Business,Home Appliances,Blender,Online,Cash,1,559.74,0.1,559.74,55.97,503.77,296.97,206.79,0.4105,260.18,8,4.6
ORD01144,2024-04-07,CUST0614,Central,Chhattisgarh,Consumer,Clothing,Backpack,Online,Net Banking,1,1145.6,0.1,1145.6,114.56,1031.04,809.98,221.06,0.2144,270.41,4,3.9
ORD01145,2023-11-14,CUST0265,Central,Chhattisgarh,Corporate,Furniture,Bookshelf,Online,Net Banking,5,1119.82,0.2,5599.1,1119.82,4479.28,3031.15,1448.13,0.3233,276.53,10,4.3
ORD01146,2024-09-30,CUST0176,South,Karnataka,Consumer,Electronics,Smartphone,Store,,1,631.23,0.0,631.23,0.0,631.23,514.69,116.54,0.1846,41.7,2,4.8
ORD01147,2022-12-22,CUST0352,East,West Bengal,Consumer,Home Appliances,Microwave,Store,UPI,4,191.23,0.1,764.92,76.49,688.43,543.57,144.86,0.2104,219.17,3,4.3
ORD01148,2024-10-04,CUST0184,West,Goa,Consumer,Office Supplies,Pens,Online,Credit Card,8,431.83,0.0,3454.64,0.0,3454.64,2730.32,724.32,0.2097,206.07,4,3.6
ORD01149,2025-09-09,CUST0324,Central,Madhya Pradesh,Corporate,Electronics,Headphones,Online,Credit Card,8,765.45,0.1,6123.6,612.36,5511.24,3222.36,2288.88,0.4153,298.01,8,3.8
ORD01150,2025-03-02,CUST0902,North,Punjab,Consumer,Electronics,Smartphone,Online,UPI,2,1306.08,0.05,2612.16,130.61,2481.55,1683.27,798.29,0.3217,220.11,9,4.0
ORD01151,2024-06-06,CUST0499,South,Telangana,Small Business,Furniture,Cabinet,Online,Debit Card,3,1452.86,0.15,4358.58,653.79,3704.79,3031.52,673.27,0.1817,241.77,6,4.4
ORD01152,2022-05-07,CUST0193,North,Haryana,Corporate,Furniture,Desk,Store,UPI,3,961.64,0.05,2884.92,144.25,2740.67,1617.66,1123.01,0.4098,220.2,8,4.3
ORD01153,2025-02-03,CUST0857,West,Maharashtra,Small Business,Furniture,Desk,Online,Debit Card,1,535.77,0.1,535.77,53.58,482.19,339.97,142.23,0.295,193.76,10,3.6
ORD01154,2024-10-05,CUST1000,South,Tamil Nadu,Consumer,Home Appliances,Vacuum Cleaner,Online,Cash,3,1044.78,0.1,3134.34,313.43,2820.91,1813.72,1007.19,0.357,174.85,5,4.3
ORD01155,2023-08-27,CUST0486,South,Andhra Pradesh,Consumer,Clothing,Shoes,Store,Debit Card,8,514.3,0.2,4114.4,822.88,3291.52,2155.03,1136.49,0.3453,291.39,5,5.0
ORD01156,2025-11-02,CUST0195,North,Haryana,Small Business,Electronics,Headphones,Online,Net Banking,6,943.83,0.15,5662.98,849.45,4813.53,3805.17,1008.37,0.2095,282.18,8,4.2
ORD01157,2024-10-10,CUST0021,South,Tamil Nadu,Corporate,Clothing,Jeans,Online,Cash,5,376.99,0.0,1884.95,0.0,1884.95,1335.93,549.02,0.2913,142.6,4,3.7
ORD01158,2022-02-20,CUST0334,Central,Chhattisgarh,Small Business,Clothing,Shoes,Online,UPI,10,411.48,0.0,4114.8,0.0,4114.8,3106.14,1008.66,0.2451,99.56,3,4.8
ORD01159,2024-11-18,CUST0798,South,Andhra Pradesh,Consumer,Furniture,Bookshelf,Store,Debit Card,9,126.71,0.1,1140.39,114.04,1026.35,751.06,275.29,0.2682,162.54,10,3.6
ORD01160,2025-08-12,CUST0569,West,Rajasthan,Consumer,Clothing,Jacket,Store,Net Banking,7,638.91,0.1,4472.37,447.24,4025.13,2788.75,1236.38,0.3072,228.91,2,4.8
ORD01161,2025-08-13,CUST0055,West,Rajasthan,Corporate,Electronics,Tablet,Online,UPI,6,932.99,0.05,5597.94,279.9,5318.04,4061.72,1256.32,0.2362,132.27,8,3.9
ORD01162,2024-02-18,CUST0002,Central,Madhya Pradesh,Consumer,Electronics,Headphones,Store,Debit Card,5,1186.36,0.15,5931.8,889.77,5042.03,4094.62,947.41,0.1879,170.42,5,4.4
ORD01163,2025-12-01,CUST0304,North,Uttar Pradesh,Corporate,Office Supplies,File Folder,Online,Credit Card,5,1218.37,0.0,6091.85,0.0,6091.85,4940.74,1151.11,0.189,103.64,6,3.6
ORD01164,2024-03-24,CUST0534,Central,Chhattisgarh,Consumer,Home Appliances,Microwave,Store,Debit Card,10,1488.78,0.25,14887.8,3721.95,11165.85,8521.24,2644.61,0.2368,139.76,9,4.3
ORD01165,2025-11-29,CUST0141,East,Jharkhand,Consumer,Clothing,Jacket,Partner,Credit Card,9,145.32,0.0,1307.88,0.0,1307.88,891.42,416.46,0.3184,288.04,3,4.2
ORD01166,2025-10-01,CUST0089,Central,Madhya Pradesh,Consumer,Home Appliances,Blender,Store,Debit Card,10,747.31,0.0,7473.1,0.0,7473.1,4439.42,3033.68,0.4059,80.16,4,4.6
ORD01167,2023-02-24,CUST0880,Central,Chhattisgarh,Consumer,Home Appliances,Vacuum Cleaner,Store,Debit Card,6,789.24,0.05,4735.44,236.77,4498.67,2528.28,1970.38,0.438,296.85,2,3.8
ORD01168,2025-04-20,CUST0811,South,Tamil Nadu,Consumer,Home Appliances,Microwave,Online,UPI,4,1209.73,0.1,4838.92,483.89,4355.03,2667.41,1687.62,0.3875,80.35,6,4.8
ORD01169,2024-09-09,CUST0587,North,Uttar Pradesh,Corporate,Home Appliances,Blender,Store,Cash,4,410.54,0.05,1642.16,82.11,1560.05,1001.35,558.7,0.3581,109.39,9,4.3
ORD01170,2024-04-04,CUST0586,South,Tamil Nadu,Consumer,Electronics,Headphones,Store,UPI,4,118.02,0.15,472.08,70.81,401.27,234.77,166.5,0.4149,44.41,2,2.7
ORD01171,2024-10-21,CUST0305,East,Bihar,Consumer,Clothing,Shoes,Online,Cash,6,480.93,0.05,2885.58,144.28,2741.3,1674.08,1067.23,0.3893,230.59,5,4.2
ORD01172,2023-07-21,CUST0748,North,Haryana,Small Business,Office Supplies,Pens,Store,Net Banking,1,1476.13,0.0,1476.13,0.0,1476.13,845.17,630.96,0.4274,24.94,10,2.5
ORD01173,2023-01-06,CUST0165,North,Delhi,Consumer,Home Appliances,Blender,Partner,UPI,9,1350.67,0.2,12156.03,2431.21,9724.82,6723.67,3001.15,0.3086,240.6,1,3.2
ORD01174,2024-07-24,CUST0217,East,Bihar,Consumer,Office Supplies,Printer Paper,Online,Debit Card,2,601.94,0.2,1203.88,240.78,963.1,562.55,400.55,0.4159,181.6,4,3.8
ORD01175,2023-10-23,CUST0364,North,Punjab,Corporate,Electronics,Tablet,Online,Debit Card,2,1316.26,0.1,2632.52,263.25,2369.27,1778.25,591.02,0.2495,229.65,8,2.9
ORD01176,2025-12-25,CUST0803,North,Haryana,Small Business,Electronics,Laptop,Store,Net Banking,5,63.64,0.15,318.2,47.73,270.47,173.05,97.42,0.3602,239.27,3,3.5
ORD01177,2024-08-26,CUST0531,South,Karnataka,Consumer,Furniture,Sofa,Store,Cash,4,481.59,0.0,1926.36,0.0,1926.36,1409.05,517.31,0.2685,54.83,4,3.9
ORD01178,2025-08-25,CUST0284,North,Haryana,Consumer,Home Appliances,Vacuum Cleaner,Partner,UPI,3,1094.32,0.05,3282.96,164.15,3118.81,2458.5,660.31,0.2117,25.99,2,3.9
ORD01179,2025-03-06,CUST0362,South,Andhra Pradesh,Corporate,Furniture,Desk,Store,Credit Card,5,343.86,0.05,1719.3,85.97,1633.34,936.27,697.07,0.4268,67.25,9,3.4
ORD01180,2022-07-21,CUST0368,East,West Bengal,Consumer,Office Supplies,Stapler,Store,Net Banking,7,309.61,0.25,2167.27,541.82,1625.45,1328.04,297.41,0.183,127.54,5,4.1
ORD01181,2025-12-30,CUST0441,East,Jharkhand,Corporate,Clothing,Jacket,Store,Debit Card,10,1294.78,0.1,12947.8,1294.78,11653.02,8439.3,3213.72,0.2758,40.53,3,4.8
ORD01182,2022-11-09,CUST0883,Central,Chhattisgarh,Small Business,Furniture,Sofa,Online,Credit Card,2,929.69,0.0,1859.38,0.0,1859.38,1049.45,809.93,0.4356,147.89,10,3.9
ORD01183,2022-04-27,CUST0445,East,Odisha,Small Business,Electronics,Monitor,Store,Net Banking,6,1483.7,0.05,8902.2,445.11,8457.09,5368.4,3088.69,0.3652,99.83,7,3.7
ORD01184,2024-07-25,CUST0939,East,Bihar,Consumer,Home Appliances,Air Cooler,Online,UPI,4,214.98,0.0,859.92,0.0,859.92,678.72,181.2,0.2107,121.87,1,4.2
ORD01185,2023-07-29,CUST0377,South,Karnataka,Consumer,Office Supplies,File Folder,Online,UPI,2,543.85,0.05,1087.7,54.39,1033.32,734.67,298.65,0.289,283.3,9,3.4
ORD01186,2022-09-01,CUST0496,West,Maharashtra,Small Business,Electronics,Laptop,Online,Cash,1,477.15,0.1,477.15,47.72,429.43,269.49,159.94,0.3724,222.8,7,4.6
ORD01187,2023-06-21,CUST0188,Central,Madhya Pradesh,Consumer,Clothing,Shoes,Online,UPI,8,1322.0,0.05,10576.0,528.8,10047.2,8077.28,1969.92,0.1961,204.28,1,4.7
ORD01188,2022-03-16,CUST0650,Central,Chhattisgarh,Consumer,Home Appliances,Microwave,Online,UPI,5,394.12,0.0,1970.6,0.0,1970.6,1502.7,467.9,0.2374,203.0,4,5.0
ORD01189,2023-01-21,CUST0847,West,Goa,Corporate,Clothing,Shoes,Online,Debit Card,10,539.89,0.0,5398.9,0.0,5398.9,4041.59,1357.31,0.2514,175.51,7,4.3
ORD01190,2025-05-18,CUST0864,North,Haryana,Consumer,Clothing,Jeans,Online,Debit Card,2,227.11,0.1,454.22,45.42,408.8,322.9,85.9,0.2101,163.63,4,3.4
ORD01191,2023-04-20,CUST0963,South,Telangana,Consumer,Home Appliances,Coffee Maker,Online,Net Banking,8,1166.47,0.15,9331.76,1399.76,7932.0,6011.19,1920.81,0.2422,267.0,7,4.6
ORD01192,2023-02-22,CUST0792,North,Punjab,Small Business,Home Appliances,Coffee Maker,Online,Debit Card,3,367.99,0.1,1103.97,110.4,993.57,623.39,370.19,0.3726,41.0,3,3.0
ORD01193,2022-12-13,CUST0714,Central,Chhattisgarh,Consumer,Clothing,T-Shirt,Store,Credit Card,7,116.46,0.15,815.22,122.28,692.94,490.36,202.58,0.2924,100.79,4,4.7
ORD01194,2023-10-02,CUST0384,West,Rajasthan,Consumer,Office Supplies,Printer Paper,Partner,Credit Card,2,661.14,0.0,1322.28,0.0,1322.28,1027.96,294.32,0.2226,49.16,3,4.1
ORD01195,2024-07-27,CUST0428,West,Rajasthan,Consumer,Home Appliances,Vacuum Cleaner,Store,UPI,7,596.32,0.0,4174.24,0.0,4174.24,2499.66,1674.58,0.4012,23.09,4,
ORD01196,2024-08-12,CUST0158,South,Telangana,Corporate,Electronics,Tablet,Online,UPI,4,278.75,0.15,1115.0,167.25,947.75,562.98,384.77,0.406,23.88,10,3.8
ORD01197,2024-05-25,CUST0745,West,Gujarat,Consumer,Furniture,Desk,Store,UPI,10,213.39,0.05,2133.9,106.7,2027.2,1201.98,825.23,0.4071,26.72,3,3.9
ORD01198,2024-02-02,CUST0627,South,Andhra Pradesh,Consumer,Office Supplies,Printer Paper,Online,UPI,1,1346.39,0.1,1346.39,134.64,1211.75,730.02,481.73,0.3976,210.89,10,4.7
ORD01199,2025-04-17,CUST0225,North,Haryana,Corporate,Home Appliances,Microwave,Online,Credit Card,5,115.75,0.2,578.75,115.75,463.0,267.55,195.45,0.4221,51.19,10,2.9
ORD01200,2025-04-20,CUST0557,South,Telangana,Small Business,Home Appliances,Blender,Store,UPI,4,162.48,0.1,649.92,64.99,584.93,454.0,130.93,0.2238,76.67,5,4.2
ORD01201,2023-10-26,CUST0729,East,West Bengal,Consumer,Office Supplies,Printer Paper,Store,Cash,8,378.9,0.0,3031.2,0.0,3031.2,2336.89,694.31,0.2291,137.32,4,4.5
ORD01202,2022-01-25,CUST0999,East,Jharkhand,Small Business,Furniture,Bookshelf,Store,Credit Card,1,1429.97,0.2,1429.97,285.99,1143.98,675.94,468.04,0.4091,95.39,3,3.3
ORD01203,2025-04-18,CUST0630,Central,Chhattisgarh,Consumer,Clothing,T-Shirt,Store,UPI,2,141.8,0.0,283.6,0.0,283.6,210.0,73.6,0.2595,248.68,5,5.0
ORD01204,2023-12-11,CUST0828,North,Haryana,Corporate,Electronics,Laptop,Online,UPI,5,1226.78,0.15,6133.9,920.08,5213.81,3750.21,1463.6,0.2807,194.57,10,4.7
ORD01205,2025-03-30,CUST0372,East,Jharkhand,Consumer,Home Appliances,Blender,Partner,UPI,10,1339.7,0.05,13397.0,669.85,12727.15,7949.03,4778.12,0.3754,113.33,9,3.6
ORD01206,2022-06-26,CUST0309,East,West Bengal,Consumer,Furniture,Bookshelf,Store,Credit Card,10,576.13,0.1,5761.3,576.13,5185.17,3170.16,2015.01,0.3886,108.98,1,4.1
ORD01207,2022-10-12,CUST0359,South,Telangana,Corporate,Electronics,Headphones,Store,Cash,2,451.43,0.1,902.86,90.29,812.57,501.89,310.68,0.3823,211.43,4,3.4
ORD01208,2022-03-04,CUST0793,West,Rajasthan,Consumer,Office Supplies,File Folder,Store,UPI,1,1020.91,0.1,1020.91,102.09,918.82,686.61,232.21,0.2527,67.79,7,3.8
ORD01209,2024-09-29,CUST0102,West,Goa,Consumer,Home Appliances,Microwave,Online,Net Banking,6,1058.41,0.15,6350.46,952.57,5397.89,3434.22,1963.67,0.3638,98.55,4,3.1
ORD01210,2023-10-24,CUST0460,West,Goa,Consumer,Clothing,Jacket,Online,Credit Card,10,1173.27,0.2,11732.7,2346.54,9386.16,5866.81,3519.35,0.375,118.96,8,
ORD01211,2023-10-28,CUST0132,Central,Chhattisgarh,Corporate,Office Supplies,Pens,Online,UPI,4,1248.39,0.0,4993.56,0.0,4993.56,2776.77,2216.79,0.4439,147.3,7,3.2
ORD01212,2022-06-05,CUST0860,West,Gujarat,Consumer,Home Appliances,Blender,Online,Net Banking,5,413.57,0.15,2067.85,310.18,1757.67,1397.74,359.93,0.2048,73.35,5,3.4
ORD01213,2024-12-08,CUST0724,South,Andhra Pradesh,Consumer,Furniture,Cabinet,Online,Debit Card,3,1035.14,0.0,3105.42,0.0,3105.42,2339.1,766.32,0.2468,64.03,10,4.3
ORD01214,2024-08-24,CUST0202,West,Rajasthan,Consumer,Electronics,Laptop,Online,Debit Card,10,215.34,0.0,2153.4,0.0,2153.4,1459.25,694.15,0.3223,297.19,4,4.2
ORD01215,2024-04-28,CUST0287,South,Karnataka,Consumer,Electronics,Headphones,Partner,UPI,6,773.44,0.25,4640.64,1160.16,3480.48,2800.36,680.12,0.1954,275.7,8,3.5
ORD01216,2025-01-12,CUST0147,South,Tamil Nadu,Consumer,Home Appliances,Blender,Partner,Credit Card,4,925.14,0.1,3700.56,370.06,3330.5,2095.73,1234.77,0.3707,166.61,1,3.1
ORD01217,2025-10-16,CUST0770,North,Uttar Pradesh,Consumer,Office Supplies,Notebook,Store,UPI,6,255.17,0.0,1531.02,0.0,1531.02,1120.97,410.05,0.2678,234.35,2,4.3
ORD01218,2023-11-20,CUST0772,West,Maharashtra,Consumer,Clothing,T-Shirt,Online,Credit Card,5,128.61,0.1,643.05,64.31,578.75,365.99,212.75,0.3676,208.72,5,4.4
ORD01219,2022-05-28,CUST0847,West,Goa,Consumer,Furniture,Bookshelf,Online,Credit Card,2,304.2,0.05,608.4,30.42,577.98,366.98,211.0,0.3651,41.03,10,4.6
ORD01220,2022-12-08,CUST0294,South,Karnataka,Corporate,Home Appliances,Coffee Maker,Store,UPI,4,639.57,0.1,2558.28,255.83,2302.45,1791.47,510.98,0.2219,165.01,7,4.6
ORD01221,2023-04-21,CUST0033,West,Goa,Corporate,Furniture,Sofa,Online,Credit Card,2,1333.44,0.1,2666.88,266.69,2400.19,1830.14,570.06,0.2375,71.5,9,4.2
ORD01222,2024-12-22,CUST0018,Central,Chhattisgarh,Small Business,Electronics,Tablet,Store,Cash,5,804.89,0.2,4024.45,804.89,3219.56,2026.42,1193.14,0.3706,183.54,3,3.9
ORD01223,2025-10-15,CUST0872,North,Punjab,Consumer,Clothing,Jacket,Partner,Net Banking,3,1126.51,0.0,3379.53,0.0,3379.53,1933.01,1446.52,0.428,37.3,5,3.7
ORD01224,2023-07-15,CUST0672,South,Tamil Nadu,Small Business,Furniture,Sofa,Online,UPI,6,273.6,0.05,1641.6,82.08,1559.52,1008.3,551.22,0.3535,65.61,2,4.4
ORD01225,2022-11-23,CUST0992,West,Goa,Consumer,Home Appliances,Air Cooler,Store,Net Banking,5,172.38,0.0,861.9,0.0,861.9,650.92,210.98,0.2448,238.88,6,3.4
ORD01226,2025-03-10,CUST0973,South,Telangana,Small Business,Clothing,Jeans,Online,Net Banking,2,370.83,0.0,741.66,0.0,741.66,428.05,313.61,0.4229,256.11,6,4.3
ORD01227,2024-09-16,CUST0115,West,Goa,Consumer,Office Supplies,Stapler,Store,Debit Card,10,481.11,0.2,4811.1,962.22,3848.88,2815.33,1033.55,0.2685,274.09,4,3.0
ORD01228,2022-08-03,CUST0208,North,Haryana,Consumer,Home Appliances,Microwave,Online,Net Banking,8,828.93,0.2,6631.44,1326.29,5305.15,4192.32,1112.83,0.2098,271.08,2,4.4
ORD01229,2023-03-11,CUST0161,East,Bihar,Consumer,Furniture,Cabinet,Online,Credit Card,6,1323.65,0.15,7941.9,1191.29,6750.62,4039.51,2711.11,0.4016,273.97,8,4.1
ORD01230,2024-08-09,CUST0290,West,Rajasthan,Consumer,Clothing,Backpack,Store,Debit Card,9,647.75,0.1,5829.75,582.98,5246.78,4107.15,1139.62,0.2172,46.52,8,3.5
ORD01231,2023-12-24,CUST0819,West,Gujarat,Small Business,Home Appliances,Blender,Store,UPI,3,785.42,0.15,2356.26,353.44,2002.82,1129.33,873.49,0.4361,204.66,1,4.0
ORD01232,2025-09-03,CUST0319,West,Maharashtra,Corporate,Clothing,Shoes,Store,UPI,4,21.85,0.0,87.4,0.0,87.4,63.81,23.59,0.2699,216.3,2,3.9
ORD01233,2022-02-01,CUST0462,Central,Madhya Pradesh,Small Business,Clothing,Jacket,Online,Credit Card,8,64.47,0.0,515.76,0.0,515.76,393.82,121.94,0.2364,95.09,4,5.0
ORD01234,2023-11-01,CUST0559,West,Gujarat,Corporate,Clothing,T-Shirt,Store,Debit Card,7,139.4,0.05,975.8,48.79,927.01,621.18,305.83,0.3299,298.02,1,3.8
ORD01235,2022-10-12,CUST0962,West,Gujarat,Consumer,Furniture,Desk,Store,UPI,8,1053.01,0.15,8424.08,1263.61,7160.47,4332.13,2828.34,0.395,100.03,6,4.2
ORD01236,2025-08-21,CUST0909,North,Punjab,Consumer,Home Appliances,Air Cooler,Partner,Debit Card,9,736.99,0.1,6632.91,663.29,5969.62,4773.77,1195.85,0.2003,180.97,2,4.3
ORD01237,2023-03-05,CUST0052,East,West Bengal,Small Business,Electronics,Monitor,Partner,Net Banking,8,301.55,0.1,2412.4,241.24,2171.16,1205.84,965.32,0.4446,264.26,3,3.8
ORD01238,2022-10-13,CUST0861,North,Delhi,Corporate,Electronics,Headphones,Store,UPI,8,895.01,0.05,7160.08,358.0,6802.08,4760.56,2041.51,0.3001,100.97,9,4.9
ORD01239,2025-03-13,CUST0052,West,Goa,Corporate,Furniture,Desk,Store,Credit Card,6,823.75,0.1,4942.5,494.25,4448.25,2894.34,1553.91,0.3493,189.82,7,4.1
ORD01240,2025-12-18,CUST0171,South,Tamil Nadu,Consumer,Furniture,Bookshelf,Store,Credit Card,2,146.87,0.2,293.74,58.75,234.99,158.5,76.49,0.3255,221.6,4,2.7
ORD01241,2024-11-08,CUST0618,East,Jharkhand,Consumer,Clothing,Jacket,Online,UPI,7,966.01,0.05,6762.07,338.1,6423.97,4463.84,1960.13,0.3051,195.48,10,4.0
ORD01242,2022-01-18,CUST0610,South,Tamil Nadu,Small Business,Home Appliances,Vacuum Cleaner,Online,UPI,4,1154.22,0.1,4616.88,461.69,4155.19,2885.29,1269.9,0.3056,133.67,1,5.0
ORD01243,2024-02-08,CUST0445,West,Maharashtra,Consumer,Home Appliances,Vacuum Cleaner,Store,Credit Card,3,440.53,0.05,1321.59,66.08,1255.51,759.56,495.95,0.395,284.53,4,3.7
ORD01244,2023-08-13,CUST0721,Central,Chhattisgarh,Consumer,Office Supplies,Stapler,Store,Debit Card,4,1035.92,0.15,4143.68,621.55,3522.13,2583.55,938.58,0.2665,191.45,10,4.3
ORD01245,2025-10-26,CUST0131,South,Telangana,Consumer,Office Supplies,Pens,Store,Debit Card,4,311.58,0.1,1246.32,124.63,1121.69,622.73,498.96,0.4448,82.82,6,3.6
ORD01246,2025-04-13,CUST0734,Central,Madhya Pradesh,Corporate,Electronics,Headphones,Online,Credit Card,3,1138.74,0.05,3416.22,170.81,3245.41,1803.54,1441.87,0.4443,245.72,8,3.9
ORD01247,2024-10-06,CUST0964,South,Telangana,Consumer,Office Supplies,Pens,Online,UPI,9,1368.98,0.1,12320.82,1232.08,11088.74,7531.38,3557.36,0.3208,203.65,9,4.7
ORD01248,2022-07-13,CUST0223,East,West Bengal,Consumer,Office Supplies,Pens,Online,Net Banking,3,671.17,0.0,2013.51,0.0,2013.51,1402.03,611.48,0.3037,50.66,4,4.5
ORD01249,2023-05-17,CUST0315,Central,Chhattisgarh,Consumer,Electronics,Smartphone,Online,UPI,2,378.26,0.2,756.52,151.3,605.22,377.79,227.43,0.3758,97.88,6,4.2
ORD01250,2024-09-14,CUST0639,South,Karnataka,Consumer,Electronics,Headphones,Online,Net Banking,1,607.78,0.25,607.78,151.94,455.84,318.61,137.23,0.301,64.28,2,4.1
ORD01251,2025-02-10,CUST0950,Central,Chhattisgarh,Consumer,Office Supplies,Stapler,Partner,Credit Card,1,386.37,0.1,386.37,38.64,347.73,239.71,108.02,0.3107,40.35,2,3.9
ORD01252,2022-04-24,CUST0837,North,Delhi,Consumer,Home Appliances,Coffee Maker,Online,Debit Card,5,16.84,0.05,84.2,4.21,79.99,51.54,28.45,0.3557,84.46,6,4.2
ORD01253,2025-05-30,CUST0126,North,Punjab,Small Business,Office Supplies,Printer Paper,Online,UPI,5,980.93,0.15,4904.65,735.7,4168.95,3026.57,1142.38,0.274,97.88,9,4.7
ORD01254,2024-08-04,CUST0512,Central,Chhattisgarh,Small Business,Clothing,Shoes,Online,UPI,9,78.15,0.1,703.35,70.34,633.02,511.88,121.13,0.1914,150.63,3,4.0
ORD01255,2024-04-10,CUST0130,North,Delhi,Consumer,Clothing,Jeans,Partner,UPI,4,327.43,0.05,1309.72,65.49,1244.23,849.21,395.02,0.3175,291.39,4,4.2
ORD01256,2025-07-11,CUST0708,Central,Madhya Pradesh,Corporate,Clothing,Jeans,Partner,UPI,5,1087.84,0.0,5439.2,0.0,5439.2,4145.94,1293.26,0.2378,284.12,9,3.3
ORD01257,2024-07-13,CUST0044,Central,Madhya Pradesh,Corporate,Furniture,Desk,Online,UPI,6,1003.6,0.2,6021.6,1204.32,4817.28,2971.54,1845.74,0.3831,231.03,9,3.5
ORD01258,2022-02-24,CUST0384,North,Uttar Pradesh,Consumer,Clothing,T-Shirt,Partner,Credit Card,10,123.89,0.15,1238.9,185.84,1053.06,795.83,257.24,0.2443,201.02,5,4.8
ORD01259,2024-03-10,CUST0806,East,Jharkhand,Consumer,Home Appliances,Air Cooler,Online,UPI,7,995.18,0.15,6966.26,1044.94,5921.32,4294.17,1627.15,0.2748,285.24,9,4.5
ORD01260,2024-02-17,CUST0188,North,Haryana,Consumer,Furniture,Desk,Online,UPI,9,1396.9,0.1,12572.1,1257.21,11314.89,8177.48,3137.41,0.2773,59.89,5,4.3
ORD01261,2022-06-11,CUST0244,South,Telangana,Consumer,Furniture,Office Chair,Store,Cash,6,125.64,0.15,753.84,113.08,640.76,506.92,133.84,0.2089,112.49,5,4.7
ORD01262,2025-11-04,CUST0923,North,Uttar Pradesh,Consumer,Clothing,T-Shirt,Online,UPI,1,632.3,0.1,632.3,63.23,569.07,348.84,220.23,0.387,174.93,7,4.2
ORD01263,2022-03-28,CUST0603,South,Telangana,Small Business,Office Supplies,Pens,Store,UPI,8,1098.21,0.05,8785.68,439.28,8346.4,5420.83,2925.57,0.3505,247.9,6,4.2
ORD01264,2022-02-24,CUST0894,South,Telangana,Consumer,Electronics,Monitor,Partner,UPI,2,1006.57,0.15,2013.14,301.97,1711.17,979.52,731.65,0.4276,194.66,10,3.8
ORD01265,2025-04-16,CUST0527,South,Telangana,Corporate,Office Supplies,Stapler,Store,Net Banking,9,351.37,0.25,3162.33,790.58,2371.75,1769.45,602.3,0.2539,246.48,7,4.2
ORD01266,2025-11-15,CUST0935,Central,Madhya Pradesh,Consumer,Office Supplies,Pens,Online,Cash,7,257.15,0.2,1800.05,360.01,1440.04,1120.13,319.91,0.2222,62.86,10,3.4
ORD01267,2025-10-04,CUST0934,West,Gujarat,Consumer,Furniture,Sofa,Online,Net Banking,7,1179.61,0.15,8257.27,1238.59,7018.68,4629.35,2389.33,0.3404,73.97,2,3.5
ORD01268,2024-10-28,CUST0694,West,Gujarat,Consumer,Furniture,Office Chair,Online,UPI,10,1435.02,0.15,14350.2,2152.53,12197.67,7883.88,4313.79,0.3537,227.36,9,3.5
ORD01269,2024-04-12,CUST0319,East,West Bengal,Consumer,Furniture,Office Chair,Online,Credit Card,10,1154.86,0.15,11548.6,1732.29,9816.31,7144.66,2671.65,0.2722,117.53,6,5.0
ORD01270,2022-11-09,CUST0954,West,Goa,Corporate,Home Appliances,Air Cooler,Online,UPI,5,1445.36,0.2,7226.8,1445.36,5781.44,3297.79,2483.65,0.4296,142.11,9,4.0
ORD01271,2024-01-29,CUST0574,South,Andhra Pradesh,Corporate,Home Appliances,Vacuum Cleaner,Online,UPI,8,913.42,0.1,7307.36,730.74,6576.62,4138.91,2437.71,0.3707,241.67,1,4.2
ORD01272,2023-03-19,CUST0590,West,Maharashtra,Consumer,Electronics,Monitor,Store,Net Banking,10,1394.71,0.0,13947.1,0.0,13947.1,9049.96,4897.14,0.3511,39.61,2,3.6
ORD01273,2022-11-24,CUST0274,Central,Madhya Pradesh,Corporate,Furniture,Sofa,Store,Credit Card,1,1040.3,0.15,1040.3,156.04,884.26,610.15,274.1,0.31,67.03,7,3.9
ORD01274,2024-12-13,CUST0763,South,Tamil Nadu,Small Business,Clothing,Backpack,Online,UPI,3,1364.69,0.2,4094.07,818.81,3275.26,2222.83,1052.43,0.3213,102.83,2,3.7
ORD01275,2024-01-31,CUST0925,West,Rajasthan,Corporate,Furniture,Bookshelf,Online,Debit Card,9,254.96,0.05,2294.64,114.73,2179.91,1321.77,858.13,0.3937,267.38,6,3.3
ORD01276,2025-06-16,CUST0071,West,Rajasthan,Consumer,Home Appliances,Blender,Online,Net Banking,1,1226.11,0.15,1226.11,183.92,1042.19,725.38,316.81,0.304,133.37,2,3.5
ORD01277,2025-06-06,CUST0953,Central,Chhattisgarh,Corporate,Furniture,Bookshelf,Online,Credit Card,8,307.17,0.05,2457.36,122.87,2334.49,1867.56,466.93,0.2,90.59,10,3.0
ORD01278,2023-08-02,CUST0998,West,Gujarat,Consumer,Home Appliances,Coffee Maker,Online,UPI,6,55.73,0.2,334.38,66.88,267.5,149.08,118.42,0.4427,209.96,5,4.1
ORD01279,2024-12-10,CUST0024,South,Tamil Nadu,Small Business,Furniture,Office Chair,Online,Debit Card,10,783.62,0.15,7836.2,1175.43,6660.77,4886.89,1773.88,0.2663,28.48,6,4.6
ORD01280,2024-10-03,CUST0294,South,Tamil Nadu,Consumer,Clothing,T-Shirt,Store,Credit Card,5,487.6,0.1,2438.0,243.8,2194.2,1576.91,617.29,0.2813,237.03,7,3.8
ORD01281,2025-07-11,CUST0134,North,Delhi,Consumer,Electronics,Laptop,Partner,UPI,6,79.64,0.15,477.84,71.68,406.16,324.77,81.4,0.2004,215.41,1,4.3
ORD01282,2025-12-12,CUST0404,West,Goa,Consumer,Clothing,Jacket,Online,Credit Card,5,1470.75,0.15,7353.75,1103.06,6250.69,4527.02,1723.67,0.2758,35.42,2,3.8
ORD01283,2022-04-06,CUST0758,North,Uttar Pradesh,Consumer,Home Appliances,Microwave,Store,UPI,9,1004.7,0.2,9042.3,1808.46,7233.84,5199.02,2034.82,0.2813,159.45,2,4.5
ORD01284,2025-01-16,CUST0938,Central,Madhya Pradesh,Small Business,Office Supplies,File Folder,Online,Cash,2,1354.19,0.2,2708.38,541.68,2166.7,1642.03,524.67,0.2422,133.16,1,3.9
ORD01285,2025-01-06,CUST0484,North,Punjab,Consumer,Clothing,Backpack,Partner,Cash,10,1498.64,0.0,14986.4,0.0,14986.4,9326.15,5660.25,0.3777,64.28,3,4.9
ORD01286,2025-08-04,CUST0202,North,Uttar Pradesh,Consumer,Furniture,Bookshelf,Online,Credit Card,6,597.07,0.0,3582.42,0.0,3582.42,2546.56,1035.86,0.2892,63.13,6,3.8
ORD01287,2025-02-17,CUST0534,East,Odisha,Small Business,Electronics,Smartphone,Online,Net Banking,4,393.28,0.15,1573.12,235.97,1337.15,922.96,414.19,0.3098,64.86,9,5.0
ORD01288,2024-03-24,CUST0161,West,Maharashtra,Consumer,Furniture,Bookshelf,Online,Debit Card,3,288.07,0.2,864.21,172.84,691.37,462.1,229.27,0.3316,187.91,3,3.2
ORD01289,2023-05-06,CUST0727,North,Uttar Pradesh,Consumer,Furniture,Office Chair,Online,Cash,5,780.05,0.05,3900.25,195.01,3705.24,2117.4,1587.84,0.4285,67.91,3,4.1
ORD01290,2023-03-28,CUST0046,South,Andhra Pradesh,Corporate,Clothing,Jacket,Store,Net Banking,2,915.03,0.0,1830.06,0.0,1830.06,1151.13,678.93,0.371,36.69,2,3.7
ORD01291,2022-06-14,CUST0498,East,West Bengal,Consumer,Electronics,Tablet,Partner,Credit Card,3,716.55,0.05,2149.65,107.48,2042.17,1277.57,764.6,0.3744,288.12,2,4.3
ORD01292,2022-07-01,CUST0438,South,Tamil Nadu,Consumer,Office Supplies,Pens,Store,Debit Card,7,590.07,0.05,4130.49,206.52,3923.97,2925.5,998.46,0.2545,30.97,7,3.3
ORD01293,2023-04-14,CUST0105,North,Haryana,Consumer,Furniture,Bookshelf,Online,Debit Card,1,264.88,0.15,264.88,39.73,225.15,179.8,45.35,0.2014,205.89,4,3.4
ORD01294,2024-06-28,CUST0682,West,Goa,Corporate,Electronics,Smartphone,Store,Net Banking,2,671.16,0.0,1342.32,0.0,1342.32,821.92,520.4,0.3877,282.09,6,3.6
ORD01295,2024-01-05,CUST0947,East,Jharkhand,Small Business,Office Supplies,File Folder,Store,Debit Card,3,141.59,0.05,424.77,21.24,403.53,230.07,173.46,0.4299,30.62,8,3.5
ORD01296,2024-04-02,CUST0964,North,Uttar Pradesh,Consumer,Furniture,Sofa,Store,UPI,10,1299.6,0.2,12996.0,2599.2,10396.8,8525.26,1871.54,0.18,290.4,5,3.8
ORD01297,2024-08-01,CUST0085,West,Maharashtra,Consumer,Electronics,Headphones,Store,UPI,7,84.65,0.0,592.55,0.0,592.55,436.49,156.06,0.2634,160.65,3,3.0
ORD01298,2022-01-07,CUST0824,Central,Chhattisgarh,Consumer,Clothing,Backpack,Store,Cash,4,580.26,0.15,2321.04,348.16,1972.88,1557.29,415.59,0.2107,239.82,2,4.3
ORD01299,2022-11-26,CUST0077,West,Gujarat,Small Business,Furniture,Sofa,Store,Cash,8,163.7,0.05,1309.6,65.48,1244.12,732.6,511.52,0.4112,195.03,6,4.4
ORD01300,2024-02-14,CUST0554,East,Jharkhand,Consumer,Furniture,Office Chair,Store,Debit Card,8,1165.85,0.15,9326.8,1399.02,7927.78,6074.32,1853.46,0.2338,192.72,8,2.8
ORD01301,2022-05-31,CUST0525,Central,Madhya Pradesh,Small Business,Electronics,Headphones,Online,UPI,1,479.41,0.0,479.41,0.0,479.41,368.95,110.46,0.2304,240.85,10,4.6
ORD01302,2025-01-13,CUST0822,Central,Chhattisgarh,Consumer,Furniture,Office Chair,Online,Net Banking,5,182.96,0.05,914.8,45.74,869.06,513.53,355.53,0.4091,38.32,4,3.4
ORD01303,2022-05-27,CUST0908,West,Rajasthan,Small Business,Office Supplies,File Folder,Store,Net Banking,1,804.26,0.1,804.26,80.43,723.83,429.65,294.18,0.4064,129.87,2,3.7
ORD01304,2025-11-05,CUST0984,South,Andhra Pradesh,Corporate,Furniture,Sofa,Partner,Credit Card,7,1375.67,0.2,9629.69,1925.94,7703.75,4851.61,2852.15,0.3702,291.48,3,4.0
ORD01305,2024-07-03,CUST0291,East,West Bengal,Corporate,Home Appliances,Air Cooler,Online,Debit Card,4,1364.34,0.1,5457.36,545.74,4911.62,2988.88,1922.74,0.3915,35.28,3,3.8
ORD01306,2025-08-01,CUST0339,West,Rajasthan,Consumer,Office Supplies,Notebook,Partner,Debit Card,8,385.73,0.0,3085.84,0.0,3085.84,2509.9,575.94,0.1866,93.58,9,3.4
ORD01307,2023-12-01,CUST0521,North,Haryana,Corporate,Electronics,Laptop,Online,Debit Card,8,1083.69,0.15,8669.52,1300.43,7369.09,4775.13,2593.96,0.352,208.19,10,3.6
ORD01308,2022-03-23,CUST0013,South,Karnataka,Consumer,Office Supplies,Pens,Online,Credit Card,9,59.97,0.0,539.73,0.0,539.73,407.79,131.94,0.2444,48.12,4,3.9
ORD01309,2023-05-29,CUST0534,West,Maharashtra,Consumer,Home Appliances,Blender,Online,UPI,6,210.8,0.2,1264.8,252.96,1011.84,776.45,235.39,0.2326,170.27,6,3.8
ORD01310,2024-03-25,CUST0552,West,Maharashtra,Consumer,Home Appliances,Air Cooler,Partner,UPI,7,756.72,0.05,5297.04,264.85,5032.19,3292.08,1740.11,0.3458,219.74,9,3.7
ORD01311,2023-12-10,CUST0932,South,Karnataka,Small Business,Furniture,Desk,Online,UPI,7,354.7,0.1,2482.9,248.29,2234.61,1640.87,593.74,0.2657,232.08,10,3.7
ORD01312,2024-01-16,CUST0373,West,Goa,Corporate,Furniture,Desk,Online,UPI,5,1200.42,0.0,6002.1,0.0,6002.1,3475.85,2526.25,0.4209,177.13,8,4.3
ORD01313,2024-10-19,CUST0476,North,Delhi,Consumer,Clothing,Shoes,Online,Credit Card,7,1397.64,0.1,9783.48,978.35,8805.13,5786.55,3018.58,0.3428,160.18,9,4.0
ORD01314,2025-11-10,CUST0127,South,Karnataka,Corporate,Office Supplies,Notebook,Online,Net Banking,9,21.43,0.1,192.87,19.29,173.58,140.81,32.78,0.1888,219.89,6,3.1
ORD01315,2023-12-08,CUST0681,West,Goa,Consumer,Clothing,Jacket,Partner,Cash,4,360.88,0.1,1443.52,144.35,1299.17,773.66,525.51,0.4045,60.62,2,4.0
ORD01316,2023-04-16,CUST0775,South,Andhra Pradesh,Small Business,Home Appliances,Coffee Maker,Online,UPI,2,667.74,0.0,1335.48,0.0,1335.48,873.59,461.89,0.3459,210.55,5,4.6
ORD01317,2025-02-16,CUST0734,North,Haryana,Corporate,Furniture,Sofa,Store,Net Banking,8,851.17,0.2,6809.36,1361.87,5447.49,4158.83,1288.65,0.2366,277.39,10,4.1
ORD01318,2023-01-31,CUST0223,Central,Madhya Pradesh,Corporate,Furniture,Sofa,Partner,Credit Card,7,1375.12,0.15,9625.84,1443.88,8181.96,5970.09,2211.88,0.2703,211.17,3,4.9
ORD01319,2022-09-18,CUST0823,South,Andhra Pradesh,Consumer,Furniture,Cabinet,Online,Net Banking,6,1339.45,0.1,8036.7,803.67,7233.03,5211.47,2021.56,0.2795,33.02,3,3.0
ORD01320,2024-03-15,CUST0971,South,Andhra Pradesh,Small Business,Electronics,Smartphone,Store,Credit Card,7,961.2,0.1,6728.4,672.84,6055.56,4725.63,1329.93,0.2196,161.68,10,3.7
ORD01321,2024-07-22,CUST0633,Central,Madhya Pradesh,Small Business,Home Appliances,Vacuum Cleaner,Online,Debit Card,3,397.22,0.15,1191.66,178.75,1012.91,565.06,447.85,0.4421,223.36,1,5.0
ORD01322,2025-07-03,CUST0222,West,Gujarat,Corporate,Furniture,Desk,Online,Debit Card,6,1178.18,0.0,7069.08,0.0,7069.08,5359.88,1709.2,0.2418,32.11,4,4.3
ORD01323,2024-06-23,CUST0591,West,Rajasthan,Consumer,Home Appliances,Coffee Maker,Store,UPI,10,315.94,0.2,3159.4,631.88,2527.52,1992.41,535.11,0.2117,233.42,7,3.2
ORD01324,2025-06-03,CUST0397,Central,Madhya Pradesh,Corporate,Furniture,Cabinet,Store,Debit Card,7,1448.28,0.05,10137.96,506.9,9631.06,5339.14,4291.92,0.4456,98.85,3,4.3
ORD01325,2024-12-12,CUST0099,North,Delhi,Corporate,Office Supplies,Pens,Online,UPI,7,23.67,0.15,165.69,24.85,140.84,98.72,42.12,0.2991,184.86,7,3.9
ORD01326,2024-07-28,CUST0483,West,Goa,Consumer,Home Appliances,Coffee Maker,Online,Debit Card,5,861.11,0.1,4305.55,430.56,3875.0,2495.96,1379.04,0.3559,290.58,6,4.5
ORD01327,2024-05-03,CUST0404,East,Bihar,Consumer,Clothing,Backpack,Partner,Net Banking,3,146.27,0.1,438.81,43.88,394.93,222.62,172.31,0.4363,298.58,1,3.9
ORD01328,2025-10-19,CUST0235,West,Maharashtra,Consumer,Electronics,Monitor,Store,UPI,2,620.29,0.2,1240.58,248.12,992.46,657.8,334.67,0.3372,197.63,5,4.6
ORD01329,2025-07-27,CUST0186,East,West Bengal,Corporate,Clothing,Shoes,Online,Credit Card,7,957.88,0.05,6705.16,335.26,6369.9,4611.1,1758.81,0.2761,157.62,6,3.9
ORD01330,2023-08-16,CUST0279,West,Goa,Consumer,Home Appliances,Blender,Online,Debit Card,4,1039.05,0.15,4156.2,623.43,3532.77,2819.62,713.15,0.2019,69.75,9,4.2
ORD01331,2023-12-15,CUST0693,East,West Bengal,Consumer,Furniture,Sofa,Online,Net Banking,2,1181.57,0.1,2363.14,236.31,2126.83,1526.09,600.74,0.2825,78.33,10,4.8
ORD01332,2025-03-27,CUST0805,East,Bihar,Corporate,Home Appliances,Air Cooler,Online,Debit Card,8,896.09,0.0,7168.72,0.0,7168.72,5601.07,1567.65,0.2187,140.18,6,4.1
ORD01333,2023-09-24,CUST0788,West,Gujarat,Consumer,Electronics,Smartphone,Online,UPI,2,388.21,0.1,776.42,77.64,698.78,407.26,291.51,0.4172,216.64,8,3.3
ORD01334,2022-02-28,CUST0376,West,Rajasthan,Consumer,Home Appliances,Air Cooler,Online,UPI,6,1335.54,0.15,8013.24,1201.99,6811.25,4133.35,2677.91,0.3932,235.4,2,3.4
ORD01335,2022-05-08,CUST0403,West,Rajasthan,Consumer,Furniture,Bookshelf,Online,Debit Card,4,1219.49,0.05,4877.96,243.9,4634.06,3762.76,871.3,0.188,82.13,1,4.7
ORD01336,2024-01-06,CUST0236,East,Jharkhand,Small Business,Clothing,Jeans,Store,Debit Card,9,252.68,0.1,2274.12,227.41,2046.71,1616.08,430.63,0.2104,169.92,1,2.7
ORD01337,2023-12-22,CUST0658,East,Odisha,Corporate,Office Supplies,Notebook,Online,UPI,5,1242.37,0.1,6211.85,621.18,5590.66,3429.94,2160.73,0.3865,185.65,7,3.6
ORD01338,2025-02-12,CUST0068,West,Goa,Consumer,Clothing,Shoes,Store,Credit Card,4,1459.38,0.1,5837.52,583.75,5253.77,3770.43,1483.33,0.2823,270.06,8,5.0
ORD01339,2025-05-17,CUST0957,West,Goa,Small Business,Furniture,Cabinet,Online,Debit Card,8,961.27,0.2,7690.16,1538.03,6152.13,3986.03,2166.1,0.3521,265.4,8,3.8
ORD01340,2023-06-10,CUST0968,West,Goa,Consumer,Furniture,Desk,Online,Credit Card,3,433.48,0.0,1300.44,0.0,1300.44,879.78,420.66,0.3235,248.87,3,4.2
ORD01341,2023-06-05,CUST0814,Central,Madhya Pradesh,Small Business,Electronics,Laptop,Online,Debit Card,9,915.79,,8242.11,824.21,7417.9,5804.04,1613.86,0.2176,164.67,5,3.5
ORD01342,2023-07-06,CUST0990,West,Rajasthan,Consumer,Home Appliances,Coffee Maker,Store,Debit Card,8,523.66,0.1,4189.28,418.93,3770.35,2822.65,947.71,0.2514,38.22,7,4.3
ORD01343,2022-08-25,CUST0176,East,Bihar,Consumer,Home Appliances,Microwave,Online,Cash,8,1018.78,0.05,8150.24,407.51,7742.73,4756.97,2985.75,0.3856,113.65,9,4.5
ORD01344,2025-07-28,CUST0532,West,Goa,Consumer,Clothing,Shoes,Online,UPI,10,824.03,0.2,8240.3,1648.06,6592.24,4188.17,2404.07,0.3647,194.08,5,3.8
ORD01345,2025-10-14,CUST0584,Central,Chhattisgarh,Consumer,Office Supplies,File Folder,Online,,5,1395.29,0.0,6976.45,0.0,6976.45,4382.76,2593.69,0.3718,198.53,4,4.1
ORD01346,2025-05-09,CUST0453,West,Goa,Consumer,Office Supplies,Stapler,Online,Credit Card,1,932.59,0.0,932.59,0.0,932.59,709.49,223.1,0.2392,257.74,4,3.3
ORD01347,2025-07-25,CUST0617,West,Rajasthan,Corporate,Electronics,Tablet,Online,Credit Card,10,332.76,0.15,3327.6,499.14,2828.46,1929.93,898.53,0.3177,126.23,6,3.7
ORD01348,2025-06-12,CUST0930,West,Goa,Small Business,Furniture,Desk,Store,Net Banking,9,1091.79,0.05,9826.11,491.31,9334.8,7530.35,1804.46,0.1933,282.25,9,4.0
ORD01349,2023-05-09,CUST0872,East,Odisha,Consumer,Electronics,Monitor,Online,UPI,2,461.8,0.15,923.6,138.54,785.06,604.89,180.17,0.2295,65.71,1,5.0
ORD01350,2022-01-04,CUST0519,South,Tamil Nadu,Consumer,Home Appliances,Vacuum Cleaner,Store,Credit Card,1,419.5,0.15,419.5,62.92,356.58,216.45,140.13,0.393,33.96,1,3.1
ORD01351,2023-10-28,CUST0818,South,Telangana,Consumer,Furniture,Office Chair,Partner,Debit Card,6,596.79,0.05,3580.74,179.04,3401.7,2592.79,808.91,0.2378,69.47,1,4.3
ORD01352,2023-03-18,CUST0053,Central,Madhya Pradesh,Consumer,Electronics,Tablet,Online,UPI,1,32.82,0.0,32.82,0.0,32.82,22.54,10.28,0.3134,149.45,4,4.6
ORD01353,2022-01-29,CUST0982,West,Goa,Corporate,Clothing,Shoes,Store,Net Banking,10,1454.17,0.0,14541.7,0.0,14541.7,8994.07,5547.63,0.3815,250.41,4,3.8
ORD01354,2025-02-06,CUST0329,East,Bihar,Consumer,Home Appliances,Blender,Store,Credit Card,10,805.51,0.05,8055.1,402.76,7652.34,4959.48,2692.86,0.3519,63.07,8,4.4
ORD01355,2023-09-02,CUST0267,Central,Madhya Pradesh,Corporate,Office Supplies,Printer Paper,Partner,UPI,10,1163.64,0.05,11636.4,581.82,11054.58,8981.56,2073.02,0.1875,173.49,5,4.6
ORD01356,2024-03-15,CUST0716,East,Odisha,Consumer,Electronics,Smartphone,Online,UPI,7,397.91,,2785.37,557.07,2228.3,1516.73,711.56,0.3193,237.45,10,5.0
ORD01357,2022-03-16,CUST0392,East,Odisha,Consumer,Home Appliances,Vacuum Cleaner,Store,Cash,7,1123.73,0.15,7866.11,1179.92,6686.19,4976.49,1709.7,0.2557,29.76,4,5.0
ORD01358,2024-04-17,CUST0032,West,Rajasthan,Consumer,Home Appliances,Air Cooler,Partner,Net Banking,1,857.25,0.0,857.25,0.0,857.25,581.91,275.34,0.3212,31.63,8,2.7
ORD01359,2025-03-15,CUST0191,West,Gujarat,Consumer,Office Supplies,Printer Paper,Online,Debit Card,10,644.85,0.2,6448.5,1289.7,5158.8,3354.87,1803.93,0.3497,157.37,7,3.7
ORD01360,2022-05-08,CUST0695,North,Haryana,Consumer,Office Supplies,Printer Paper,Online,UPI,5,1456.44,0.0,7282.2,0.0,7282.2,5571.13,1711.07,0.235,71.14,6,4.3
ORD01361,2022-02-11,CUST0187,East,Jharkhand,Corporate,Office Supplies,Notebook,Partner,Net Banking,3,748.36,0.15,2245.08,336.76,1908.32,1486.67,421.65,0.221,146.16,2,4.1
ORD01362,2025-10-11,CUST0831,East,West Bengal,Consumer,Electronics,Tablet,Store,UPI,2,991.33,0.0,1982.66,0.0,1982.66,1128.95,853.71,0.4306,32.3,5,4.5
ORD01363,2022-02-10,CUST0401,South,Tamil Nadu,Consumer,Office Supplies,File Folder,Online,Net Banking,5,37.78,0.0,188.9,0.0,188.9,118.12,70.78,0.3747,293.52,2,4.2
ORD01364,2024-07-22,CUST0154,East,Bihar,Corporate,Clothing,Backpack,Store,Cash,5,462.66,0.15,2313.3,347.0,1966.31,1351.1,615.21,0.3129,203.17,6,4.2
ORD01365,2022-02-03,CUST0051,South,Karnataka,Consumer,Home Appliances,Microwave,Online,Credit Card,2,1334.71,0.1,2669.42,266.94,2402.48,1526.67,875.81,0.3645,212.27,9,4.1
ORD01366,2024-11-06,CUST0289,North,Delhi,Corporate,Office Supplies,Pens,Online,Credit Card,6,1142.05,0.1,6852.3,685.23,6167.07,4696.64,1470.43,0.2384,162.72,9,4.2
ORD01367,2025-03-22,CUST0538,South,Karnataka,Consumer,Home Appliances,Microwave,Online,Net Banking,7,812.08,0.1,5684.56,568.46,5116.1,2972.34,2143.76,0.419,250.97,6,4.4
ORD01368,2024-09-24,CUST0278,North,Uttar Pradesh,Consumer,Furniture,Desk,Store,Debit Card,1,1351.74,0.0,1351.74,0.0,1351.74,1034.63,317.11,0.2346,253.35,4,4.3
ORD01369,2025-11-02,CUST0451,East,Odisha,Small Business,Furniture,Sofa,Store,Credit Card,3,737.04,0.15,2211.12,331.67,1879.45,1347.25,532.21,0.2832,64.55,10,2.5
ORD01370,2023-08-11,CUST0863,Central,Chhattisgarh,Corporate,Office Supplies,Printer Paper,Online,Debit Card,4,856.26,0.15,3425.04,513.76,2911.28,1828.66,1082.62,0.3719,235.15,9,3.3
ORD01371,2022-12-08,CUST0334,West,Rajasthan,Consumer,Home Appliances,Blender,Store,Net Banking,2,582.5,0.0,1165.0,0.0,1165.0,749.1,415.9,0.357,178.67,5,4.1
ORD01372,2022-01-27,CUST0210,South,Tamil Nadu,Consumer,Furniture,Sofa,Online,Credit Card,10,935.76,0.05,9357.6,467.88,8889.72,5328.35,3561.37,0.4006,233.47,8,4.3
ORD01373,2025-08-03,CUST0765,North,Uttar Pradesh,Small Business,Office Supplies,File Folder,Store,UPI,5,488.72,0.1,2443.6,244.36,2199.24,1359.56,839.68,0.3818,277.24,9,4.3
ORD01374,2023-10-08,CUST0511,South,Telangana,Consumer,Home Appliances,Microwave,Online,Credit Card,4,587.46,0.1,2349.84,234.98,2114.86,1572.74,542.12,0.2563,113.83,5,2.9
ORD01375,2024-01-01,CUST0506,East,Odisha,Consumer,Office Supplies,Pens,Online,Credit Card,2,1449.99,0.1,2899.98,290.0,2609.98,1700.37,909.61,0.3485,179.86,6,3.5
ORD01376,2022-06-17,CUST0482,South,Telangana,Corporate,Home Appliances,Blender,Partner,Debit Card,1,180.29,0.15,180.29,27.04,153.25,112.73,40.52,0.2644,240.5,4,4.2
ORD01377,2023-09-02,CUST0360,East,West Bengal,Corporate,Furniture,Desk,Online,Credit Card,8,171.3,0.25,1370.4,342.6,1027.8,707.96,319.84,0.3112,296.3,1,4.4
ORD01378,2022-09-25,CUST0703,South,Karnataka,Corporate,Office Supplies,Pens,Store,Net Banking,2,79.32,0.05,158.64,7.93,150.71,88.8,61.91,0.4108,191.52,1,4.2
ORD01379,2024-03-31,CUST0145,West,Gujarat,Corporate,Furniture,Office Chair,Online,Net Banking,4,490.27,0.1,1961.08,196.11,1764.97,1208.56,556.41,0.3153,221.94,5,4.0
ORD01380,2023-03-31,CUST0553,South,Telangana,Corporate,Office Supplies,Printer Paper,Online,Net Banking,10,606.37,0.15,6063.7,909.56,5154.14,3887.5,1266.65,0.2458,256.98,3,4.2
ORD01381,2024-06-24,CUST0076,South,Tamil Nadu,Small Business,Electronics,Monitor,Online,Credit Card,5,155.36,0.1,776.8,77.68,699.12,440.71,258.41,0.3696,230.36,7,4.4
ORD01382,2025-11-25,CUST0807,West,Rajasthan,Corporate,Furniture,Desk,Store,UPI,2,830.46,0.05,1660.92,83.05,1577.87,1143.93,433.94,0.275,283.85,4,2.9
ORD01383,2024-07-10,CUST0673,South,Tamil Nadu,Consumer,Furniture,Cabinet,Online,Credit Card,10,881.2,0.1,8812.0,881.2,7930.8,4788.13,3142.67,0.3963,84.32,4,3.7
ORD01384,2024-09-07,CUST0288,North,Haryana,Consumer,Clothing,Backpack,Store,Debit Card,9,1130.27,0.15,10172.43,1525.86,8646.57,5072.41,3574.16,0.4134,274.18,4,4.3
ORD01385,2023-12-03,CUST0149,East,West Bengal,Corporate,Furniture,Desk,Store,UPI,2,1464.31,0.1,2928.62,292.86,2635.76,1706.02,929.73,0.3527,77.99,6,3.8
ORD01386,2023-09-26,CUST0437,East,Odisha,Small Business,Home Appliances,Blender,Online,UPI,6,934.74,0.05,5608.44,280.42,5328.02,3490.3,1837.71,0.3449,178.24,9,4.0
ORD01387,2022-05-10,CUST0704,West,Gujarat,Consumer,Office Supplies,File Folder,Online,Credit Card,7,180.8,0.1,1265.6,126.56,1139.04,860.51,278.53,0.2445,166.41,9,3.7
ORD01388,2024-10-16,CUST0334,South,Karnataka,Consumer,Electronics,Smartphone,Online,Debit Card,6,146.46,0.2,878.76,175.75,703.01,473.98,229.03,0.3258,252.77,5,3.7
ORD01389,2025-10-18,CUST0066,South,Tamil Nadu,Small Business,Home Appliances,Microwave,Partner,Cash,4,1169.66,0.2,4678.64,935.73,3742.91,2140.7,1602.22,0.4281,131.59,8,4.1
ORD01390,2024-03-29,CUST0177,South,Tamil Nadu,Corporate,Home Appliances,Microwave,Online,Debit Card,1,980.75,0.15,980.75,147.11,833.64,601.2,232.43,0.2788,60.09,4,3.3
ORD01391,2023-11-24,CUST0327,North,Delhi,Consumer,Home Appliances,Air Cooler,Online,Cash,2,255.44,0.15,510.88,76.63,434.25,293.85,140.39,0.3233,217.9,8,4.1
ORD01392,2025-08-08,CUST0975,Central,Chhattisgarh,Corporate,Home Appliances,Microwave,Online,Cash,10,391.24,0.0,3912.4,0.0,3912.4,2502.15,1410.25,0.3605,189.86,10,3.6
ORD01393,2025-10-26,CUST0543,West,Gujarat,Small Business,Electronics,Smartphone,Store,UPI,10,1129.11,0.1,11291.1,1129.11,10161.99,7790.17,2371.82,0.2334,251.58,9,2.9
ORD01394,2024-03-04,CUST0860,South,Tamil Nadu,Small Business,Clothing,Jeans,Store,Debit Card,6,855.74,0.0,5134.44,0.0,5134.44,3037.97,2096.47,0.4083,232.42,8,4.5
ORD01395,2022-01-29,CUST0937,East,Jharkhand,Corporate,Furniture,Bookshelf,Partner,Net Banking,8,883.73,0.15,7069.84,1060.48,6009.36,4786.86,1222.5,0.2034,270.55,8,5.0
ORD01396,2022-05-29,CUST0968,South,Andhra Pradesh,Consumer,Home Appliances,Microwave,Partner,Credit Card,3,326.86,0.05,980.58,49.03,931.55,596.38,335.18,0.3598,254.95,9,4.1
ORD01397,2025-08-12,CUST0199,Central,Chhattisgarh,Small Business,Furniture,Cabinet,Online,Debit Card,7,949.15,0.15,6644.05,996.61,5647.44,3808.94,1838.5,0.3255,212.09,10,4.1
ORD01398,2022-01-11,CUST0420,North,Punjab,Consumer,Furniture,Cabinet,Online,Net Banking,9,1159.38,0.15,10434.42,1565.16,8869.26,7103.33,1765.93,0.1991,150.4,8,3.7
ORD01399,2023-11-07,CUST0074,North,Delhi,Small Business,Home Appliances,Air Cooler,Store,Debit Card,4,1329.6,0.2,5318.4,1063.68,4254.72,3214.59,1040.13,0.2445,25.7,4,4.9
ORD01400,2025-02-10,CUST0423,East,West Bengal,Consumer,Clothing,Jacket,Partner,Credit Card,7,1109.03,0.15,7763.21,1164.48,6598.73,3761.68,2837.05,0.4299,106.13,5,5.0
ORD01401,2022-07-06,CUST0111,East,Jharkhand,Consumer,Furniture,Cabinet,Online,UPI,7,870.92,0.1,6096.44,609.64,5486.8,3874.45,1612.35,0.2939,223.71,10,4.1
ORD01402,2024-03-17,CUST0894,East,Bihar,Consumer,Office Supplies,Stapler,Online,UPI,10,1014.79,0.1,10147.9,1014.79,9133.11,5788.55,3344.56,0.3662,36.66,6,4.8
ORD01403,2024-01-14,CUST0094,North,Uttar Pradesh,Consumer,Furniture,Office Chair,Partner,Credit Card,9,735.39,0.05,6618.51,330.93,6287.58,4321.41,1966.18,0.3127,231.85,5,4.1
ORD01404,2025-06-04,CUST0877,South,Andhra Pradesh,Corporate,Home Appliances,Vacuum Cleaner,Online,Debit Card,3,351.94,0.0,1055.82,0.0,1055.82,792.5,263.32,0.2494,164.59,9,4.0
ORD01405,2025-08-26,CUST0360,East,Bihar,Small Business,Electronics,Monitor,Online,Credit Card,1,1325.08,0.0,1325.08,0.0,1325.08,906.31,418.77,0.316,262.98,2,4.1
ORD01406,2022-04-08,CUST0169,South,Telangana,Corporate,Furniture,Desk,Partner,Debit Card,8,805.94,0.0,6447.52,0.0,6447.52,3669.77,2777.75,0.4308,204.75,6,3.8
ORD01407,2022-02-24,CUST0297,Central,Chhattisgarh,Small Business,Clothing,T-Shirt,Store,Net Banking,4,897.56,0.2,3590.24,718.05,2872.19,1990.7,881.49,0.3069,243.56,10,5.0
ORD01408,2023-09-15,CUST0261,North,Delhi,Consumer,Office Supplies,Pens,Online,UPI,2,1485.31,0.0,2970.62,0.0,2970.62,1653.19,1317.43,0.4435,68.02,2,4.7
ORD01409,2023-10-26,CUST0725,East,Bihar,Corporate,Office Supplies,Stapler,Online,UPI,5,1477.75,0.15,7388.75,1108.31,6280.44,4045.04,2235.39,0.3559,68.42,8,3.5
ORD01410,2024-01-28,CUST0774,West,Maharashtra,Small Business,Electronics,Tablet,Online,Credit Card,4,885.67,0.0,3542.68,0.0,3542.68,2405.72,1136.96,0.3209,79.11,8,
ORD01411,2023-02-10,CUST0318,South,Andhra Pradesh,Corporate,Electronics,Laptop,Partner,Credit Card,1,65.43,0.25,65.43,16.36,49.07,35.53,13.54,0.2759,113.33,5,4.1
ORD01412,2022-03-10,CUST0272,West,Gujarat,Consumer,Furniture,Office Chair,Partner,Credit Card,7,603.28,0.05,4222.96,211.15,4011.81,2754.81,1257.0,0.3133,273.24,10,4.4
ORD01413,2025-08-28,CUST0208,West,Maharashtra,Corporate,Home Appliances,Vacuum Cleaner,Store,Debit Card,4,1406.88,0.1,5627.52,562.75,5064.77,2993.41,2071.36,0.409,236.81,8,3.9
ORD01414,2025-08-05,CUST0344,North,Uttar Pradesh,Corporate,Clothing,Jacket,Online,Credit Card,8,443.14,0.1,3545.12,354.51,3190.61,2557.91,632.7,0.1983,122.1,5,3.5
ORD01415,2024-01-21,CUST0878,Central,Chhattisgarh,Consumer,Office Supplies,Pens,Online,Debit Card,9,1498.91,0.15,13490.19,2023.53,11466.66,8319.99,3146.67,0.2744,277.17,4,3.4
ORD01416,2025-03-17,CUST0403,East,Bihar,Small Business,Electronics,Headphones,Store,Credit Card,8,140.21,0.05,1121.68,56.08,1065.6,677.27,388.32,0.3644,238.1,9,3.8
ORD01417,2025-06-21,CUST0083,South,Tamil Nadu,Small Business,Clothing,Jeans,Online,Net Banking,1,858.65,0.15,858.65,128.8,729.85,591.77,138.09,0.1892,203.7,8,4.3
ORD01418,2024-08-15,CUST0240,South,Telangana,Consumer,Home Appliances,Vacuum Cleaner,Store,Net Banking,8,780.44,0.15,6243.52,936.53,5306.99,4183.48,1123.51,0.2117,142.24,4,4.4
ORD01419,2022-12-31,CUST0635,South,Karnataka,Corporate,Office Supplies,Printer Paper,Store,UPI,5,394.2,0.05,1971.0,98.55,1872.45,1102.39,770.06,0.4113,202.46,2,5.0
ORD01420,2023-04-27,CUST0677,West,Maharashtra,Corporate,Office Supplies,Printer Paper,Online,Credit Card,1,1423.68,0.0,1423.68,0.0,1423.68,1034.97,388.71,0.273,186.1,2,2.4
ORD01421,2022-07-20,CUST0576,West,Rajasthan,Corporate,Home Appliances,Microwave,Partner,Net Banking,9,934.47,0.15,8410.23,1261.53,7148.7,5012.8,2135.9,0.2988,238.92,2,5.0
ORD01422,2022-06-03,CUST0443,West,Gujarat,Consumer,Office Supplies,File Folder,Online,Cash,9,356.89,0.05,3212.01,160.6,3051.41,1837.13,1214.28,0.3979,83.16,10,2.7
ORD01423,2022-03-14,CUST0609,Central,Chhattisgarh,Small Business,Home Appliances,Coffee Maker,Store,Credit Card,7,585.31,0.2,4097.17,819.43,3277.74,2009.38,1268.36,0.387,267.96,8,4.4
ORD01424,2023-12-14,CUST0069,West,Gujarat,Consumer,Office Supplies,Stapler,Online,UPI,7,1086.03,0.0,7602.21,0.0,7602.21,5338.42,2263.79,0.2978,185.72,6,4.2
ORD01425,2022-10-23,CUST0713,West,Gujarat,Consumer,Furniture,Sofa,Store,Net Banking,1,457.08,0.1,457.08,45.71,411.37,261.94,149.43,0.3633,245.89,1,3.4
ORD01426,2024-11-06,CUST0469,South,Karnataka,Small Business,Home Appliances,Coffee Maker,Store,UPI,9,1321.22,0.15,11890.98,1783.65,10107.33,7837.27,2270.06,0.2246,117.24,10,4.1
ORD01427,2025-05-25,CUST0647,East,Bihar,Corporate,Clothing,Backpack,Online,Debit Card,1,261.03,0.15,261.03,39.15,221.88,127.89,93.99,0.4236,129.74,4,3.6
ORD01428,2022-03-02,CUST0810,North,Uttar Pradesh,Small Business,Furniture,Office Chair,Online,UPI,7,407.79,0.05,2854.53,142.73,2711.8,2160.73,551.07,0.2032,282.44,3,4.8
ORD01429,2024-07-27,CUST0921,West,Rajasthan,Consumer,Clothing,T-Shirt,Online,UPI,9,230.17,0.2,2071.53,414.31,1657.22,1287.58,369.65,0.2231,194.15,10,3.3
ORD01430,2022-02-11,CUST0824,South,Tamil Nadu,Consumer,Office Supplies,File Folder,Online,Debit Card,9,169.71,0.15,1527.39,229.11,1298.28,972.97,325.31,0.2506,108.97,7,4.3
ORD01431,2022-01-25,CUST0943,North,Delhi,Small Business,Clothing,Jacket,Store,Cash,5,460.97,0.1,2304.85,230.49,2074.37,1287.96,786.41,0.3791,43.0,10,4.5
ORD01432,2024-11-28,CUST0341,North,Punjab,Consumer,Furniture,Bookshelf,Online,UPI,6,1498.78,0.1,8992.68,899.27,8093.41,6013.72,2079.69,0.257,141.62,5,3.0
ORD01433,2022-05-11,CUST0876,South,Andhra Pradesh,Small Business,Home Appliances,Microwave,Online,Credit Card,2,155.08,0.1,310.16,31.02,279.14,186.6,92.55,0.3315,257.74,1,3.3
ORD01434,2025-06-06,CUST0461,East,Jharkhand,Small Business,Electronics,Smartphone,Online,UPI,2,331.31,0.2,662.62,132.52,530.1,382.26,147.84,0.2789,90.4,6,3.5
ORD01435,2022-04-18,CUST0434,East,Jharkhand,Corporate,Clothing,Backpack,Store,UPI,10,418.35,0.2,4183.5,836.7,3346.8,2123.18,1223.62,0.3656,260.88,4,3.0
ORD01436,2022-06-21,CUST0341,West,Goa,Consumer,Electronics,Headphones,Store,Credit Card,9,934.41,0.05,8409.69,420.48,7989.21,6197.08,1792.13,0.2243,65.26,10,4.6
ORD01437,2025-12-29,CUST0458,East,Odisha,Corporate,Clothing,Jacket,Online,Debit Card,1,1121.84,0.05,1121.84,56.09,1065.75,597.84,467.91,0.439,56.38,6,4.3
ORD01438,2022-04-12,CUST0472,West,Gujarat,Small Business,Clothing,Jeans,Store,Cash,10,1131.62,0.25,11316.2,2829.05,8487.15,6252.43,2234.72,0.2633,189.59,7,4.4
ORD01439,2024-05-15,CUST0091,South,Andhra Pradesh,Consumer,Home Appliances,Vacuum Cleaner,Store,UPI,5,27.82,0.05,139.1,6.96,132.14,102.24,29.9,0.2263,245.3,9,4.5
ORD01440,2023-06-08,CUST0289,North,Haryana,Consumer,Office Supplies,Printer Paper,Online,Credit Card,7,983.0,0.25,6881.0,1720.25,5160.75,3739.15,1421.6,0.2755,238.41,1,4.1
ORD01441,2022-10-02,CUST0794,East,Jharkhand,Consumer,Furniture,Cabinet,Store,Credit Card,10,951.64,0.1,9516.4,951.64,8564.76,5154.6,3410.16,0.3982,172.21,6,3.0
ORD01442,2024-12-03,CUST0996,East,Bihar,Consumer,Furniture,Cabinet,Online,UPI,6,783.72,0.0,4702.32,0.0,4702.32,2948.1,1754.22,0.3731,198.83,8,3.8
ORD01443,2024-03-27,CUST0273,North,Uttar Pradesh,Small Business,Furniture,Cabinet,Online,UPI,6,578.12,0.05,3468.72,173.44,3295.28,2270.53,1024.75,0.311,92.3,4,4.6
ORD01444,2024-08-14,CUST0533,South,Tamil Nadu,Small Business,Office Supplies,Notebook,Online,Debit Card,6,1199.2,0.1,7195.2,719.52,6475.68,4137.64,2338.04,0.361,174.34,10,3.8
ORD01445,2024-11-06,CUST0514,North,Uttar Pradesh,Small Business,Electronics,Smartphone,Online,UPI,8,525.66,0.15,4205.28,630.79,3574.49,1970.71,1603.77,0.4487,78.16,9,4.1
ORD01446,2022-11-26,CUST0591,East,Jharkhand,Corporate,Furniture,Sofa,Store,Credit Card,7,356.57,0.05,2495.99,124.8,2371.19,1330.2,1040.99,0.439,279.94,4,4.6
ORD01447,2022-01-12,CUST0556,South,Andhra Pradesh,Corporate,Electronics,Headphones,Online,Credit Card,5,475.49,0.05,2377.45,118.87,2258.58,1710.42,548.16,0.2427,209.86,4,4.7
ORD01448,2025-09-03,CUST0706,West,Goa,Consumer,Office Supplies,File Folder,Online,UPI,10,667.88,0.2,6678.8,1335.76,5343.04,3059.43,2283.61,0.4274,178.1,9,5.0
ORD01449,2022-08-04,CUST0583,West,Gujarat,Corporate,Office Supplies,Stapler,Online,Credit Card,2,332.88,0.0,665.76,0.0,665.76,532.98,132.78,0.1994,89.2,4,4.0
ORD01450,2022-12-05,CUST0548,South,Telangana,Corporate,Home Appliances,Vacuum Cleaner,Store,Net Banking,10,917.24,0.1,9172.4,917.24,8255.16,5527.15,2728.01,0.3305,134.51,9,3.8
ORD01451,2023-10-23,CUST0558,Central,Chhattisgarh,Small Business,Furniture,Desk,Store,Credit Card,6,1328.05,0.1,7968.3,796.83,7171.47,5412.38,1759.09,0.2453,238.46,1,4.0
ORD01452,2025-01-09,CUST0946,East,Jharkhand,Small Business,Home Appliances,Blender,Online,UPI,10,899.26,0.0,8992.6,0.0,8992.6,5250.66,3741.94,0.4161,87.03,8,3.7
ORD01453,2023-01-09,CUST0747,West,Rajasthan,Small Business,Furniture,Desk,Store,Debit Card,5,678.3,0.0,3391.5,0.0,3391.5,2713.73,677.77,0.1998,56.08,2,4.0
ORD01454,2024-09-02,CUST0224,West,Rajasthan,Small Business,Office Supplies,Pens,Partner,Debit Card,4,1198.35,0.05,4793.4,239.67,4553.73,2546.12,2007.61,0.4409,106.06,8,3.6
ORD01455,2023-12-11,CUST0579,West,Gujarat,Small Business,Office Supplies,Notebook,Online,Net Banking,10,1125.84,0.0,11258.4,0.0,11258.4,6320.21,4938.19,0.4386,242.45,5,4.6
ORD01456,2025-05-08,CUST0771,East,Jharkhand,Consumer,Clothing,Jacket,Store,UPI,5,560.08,0.1,2800.4,280.04,2520.36,1423.34,1097.02,0.4353,267.27,1,3.6
ORD01457,2023-04-11,CUST0498,South,Telangana,Small Business,Clothing,Jeans,Online,UPI,9,912.17,0.1,8209.53,820.95,7388.58,4270.01,3118.57,0.4221,136.02,1,5.0
ORD01458,2025-01-17,CUST0631,North,Punjab,Corporate,Office Supplies,Printer Paper,Online,UPI,2,1098.82,0.15,2197.64,329.65,1867.99,1272.93,595.06,0.3186,238.75,6,2.2
ORD01459,2025-07-15,CUST0929,North,Punjab,Consumer,Office Supplies,Printer Paper,Online,UPI,6,379.51,0.1,2277.06,227.71,2049.35,1563.32,486.04,0.2372,113.02,1,4.0
ORD01460,2023-05-04,CUST0557,South,Telangana,Consumer,Electronics,Headphones,Online,Net Banking,9,558.92,0.05,5030.28,251.51,4778.77,2995.98,1782.79,0.3731,162.46,2,4.6
ORD01461,2022-02-16,CUST0025,South,Andhra Pradesh,Corporate,Electronics,Laptop,Partner,UPI,10,172.08,0.0,1720.8,0.0,1720.8,1292.94,427.86,0.2486,25.65,3,3.3
ORD01462,2025-08-04,CUST0677,South,Tamil Nadu,Consumer,Home Appliances,Vacuum Cleaner,Online,UPI,5,1481.71,0.05,7408.55,370.43,7038.12,5341.91,1696.21,0.241,219.36,2,3.5
ORD01463,2024-02-17,CUST0164,North,Uttar Pradesh,Consumer,Clothing,Jeans,Store,Net Banking,6,142.53,0.1,855.18,85.52,769.66,612.06,157.6,0.2048,221.24,9,4.3
ORD01464,2024-11-05,CUST0291,West,Maharashtra,Corporate,Clothing,Backpack,Online,Cash,10,265.38,0.2,2653.8,530.76,2123.04,1253.28,869.76,0.4097,48.06,10,4.4
ORD01465,2023-12-12,CUST0787,Central,Madhya Pradesh,Small Business,Office Supplies,Notebook,Store,Debit Card,4,727.55,0.05,2910.2,145.51,2764.69,1621.75,1142.94,0.4134,120.47,6,3.5
ORD01466,2023-02-05,CUST0045,Central,Chhattisgarh,Small Business,Office Supplies,File Folder,Online,UPI,5,1299.93,0.1,6499.65,649.97,5849.68,3410.17,2439.52,0.417,155.39,9,3.9
ORD01467,2024-09-07,CUST0368,East,Odisha,Consumer,Home Appliances,Microwave,Store,Credit Card,8,543.48,0.15,4347.84,652.18,3695.66,2391.15,1304.52,0.353,236.75,5,
ORD01468,2025-01-14,CUST0211,West,Gujarat,Consumer,Clothing,Jeans,Online,Debit Card,1,1156.37,0.15,1156.37,173.46,982.91,670.49,312.43,0.3179,250.61,4,4.1
ORD01469,2022-09-07,CUST0737,Central,Chhattisgarh,Consumer,Electronics,Laptop,Partner,Debit Card,1,1018.91,0.25,1018.91,254.73,764.18,515.54,248.64,0.3254,221.36,2,3.3
ORD01470,2023-01-26,CUST0146,South,Telangana,Consumer,Furniture,Office Chair,Store,Net Banking,10,963.42,0.0,9634.2,0.0,9634.2,5967.45,3666.75,0.3806,80.44,4,3.1
ORD01471,2022-12-01,CUST0923,South,Tamil Nadu,Consumer,Home Appliances,Blender,Store,UPI,4,1269.85,0.0,5079.4,0.0,5079.4,3646.68,1432.72,0.2821,119.78,8,4.2
ORD01472,2023-09-21,CUST0350,Central,Madhya Pradesh,Small Business,Furniture,Cabinet,Online,UPI,10,36.04,0.05,360.4,18.02,342.38,219.58,122.8,0.3587,89.24,2,4.5
ORD01473,2022-05-17,CUST0799,East,Bihar,Corporate,Electronics,Tablet,Online,Credit Card,3,1394.79,0.0,4184.37,0.0,4184.37,2715.0,1469.37,0.3512,198.41,8,4.7
ORD01474,2024-06-01,CUST0935,East,West Bengal,Consumer,Electronics,Headphones,Partner,UPI,5,1246.4,0.1,6232.0,623.2,5608.8,3244.65,2364.15,0.4215,201.26,2,4.8
ORD01475,2023-11-19,CUST0835,North,Haryana,Consumer,Furniture,Cabinet,Online,Cash,10,1407.73,0.2,14077.3,2815.46,11261.84,7994.81,3267.03,0.2901,24.53,1,4.1
ORD01476,2024-04-06,CUST0406,North,Delhi,Consumer,Home Appliances,Coffee Maker,Online,Credit Card,8,1193.48,0.15,9547.84,1432.18,8115.66,5899.48,2216.18,0.2731,224.88,4,4.0
ORD01477,2023-12-28,CUST0948,West,Rajasthan,Consumer,Furniture,Office Chair,Online,Credit Card,1,1319.71,0.0,1319.71,0.0,1319.71,995.91,323.8,0.2454,84.26,7,4.2
ORD01478,2023-08-17,CUST0010,West,Gujarat,Consumer,Home Appliances,Air Cooler,Online,Debit Card,5,316.57,0.0,1582.85,0.0,1582.85,1256.91,325.94,0.2059,244.39,2,4.4
ORD01479,2025-05-31,CUST0885,South,Andhra Pradesh,Small Business,Home Appliances,Blender,Online,UPI,5,489.06,0.2,2445.3,489.06,1956.24,1480.52,475.72,0.2432,253.19,3,3.7
ORD01480,2024-09-16,CUST0520,North,Punjab,Consumer,Office Supplies,Printer Paper,Store,UPI,2,483.1,0.1,966.2,96.62,869.58,533.62,335.96,0.3863,243.15,6,4.1
ORD01481,2023-01-07,CUST0034,East,Bihar,Consumer,Clothing,Jacket,Online,UPI,5,177.11,0.2,885.55,177.11,708.44,434.72,273.72,0.3864,134.27,2,3.4
ORD01482,2024-07-23,CUST0234,East,Odisha,Consumer,Clothing,Shoes,Online,UPI,8,1098.43,0.15,8787.44,1318.12,7469.32,5953.6,1515.72,0.2029,117.52,9,1.8
ORD01483,2024-09-21,CUST0181,South,Tamil Nadu,Corporate,Electronics,Laptop,Online,Debit Card,10,217.21,0.25,2172.1,543.02,1629.07,1243.53,385.54,0.2367,141.83,6,3.8
ORD01484,2023-02-06,CUST0914,Central,Chhattisgarh,Consumer,Office Supplies,Pens,Online,Net Banking,7,92.98,0.2,650.86,130.17,520.69,396.35,124.34,0.2388,167.63,6,4.4
ORD01485,2023-09-07,CUST0524,North,Delhi,Consumer,Clothing,Jacket,Store,Credit Card,2,1166.54,0.1,2333.08,233.31,2099.77,1562.91,536.86,0.2557,89.98,8,3.0
ORD01486,2025-07-20,CUST0750,South,Andhra Pradesh,Consumer,Home Appliances,Blender,Online,Debit Card,6,1358.42,,8150.52,1222.58,6927.94,4310.18,2617.76,0.3779,280.86,1,4.4
ORD01487,2025-03-28,CUST0704,West,Rajasthan,Corporate,Home Appliances,Coffee Maker,Store,UPI,10,1149.72,0.1,11497.2,1149.72,10347.48,8058.63,2288.85,0.2212,161.14,10,4.3
ORD01488,2025-03-21,CUST0953,South,Andhra Pradesh,Consumer,Furniture,Office Chair,Online,Net Banking,1,1240.65,0.05,1240.65,62.03,1178.62,693.71,484.91,0.4114,40.5,3,3.5
ORD01489,2024-09-21,CUST0864,West,Maharashtra,Consumer,Furniture,Sofa,Online,Net Banking,10,899.5,0.05,8995.0,449.75,8545.25,5507.45,3037.8,0.3555,299.22,2,5.0
ORD01490,2023-09-12,CUST0386,West,Goa,Consumer,Home Appliances,Vacuum Cleaner,Online,UPI,10,1333.3,0.05,13333.0,666.65,12666.35,8151.41,4514.94,0.3565,155.55,1,3.7
ORD01491,2022-07-07,CUST0273,West,Rajasthan,Consumer,Home Appliances,Microwave,Online,Debit Card,3,752.6,0.0,2257.8,0.0,2257.8,1583.25,674.55,0.2988,285.16,6,3.1
ORD01492,2025-01-26,CUST0948,North,Uttar Pradesh,Consumer,Furniture,Desk,Store,Credit Card,6,1482.66,0.0,8895.96,0.0,8895.96,6005.93,2890.03,0.3249,129.28,4,4.3
ORD01493,2022-05-11,CUST0844,North,Punjab,Consumer,Clothing,Jacket,Online,Credit Card,9,168.57,0.1,1517.13,151.71,1365.42,920.49,444.92,0.3259,82.93,6,4.6
ORD01494,2024-03-15,CUST0327,South,Karnataka,Consumer,Electronics,Monitor,Store,Net Banking,1,1216.63,0.25,1216.63,304.16,912.47,638.24,274.23,0.3005,226.33,8,5.0
ORD01495,2025-04-09,CUST0335,East,Jharkhand,Consumer,Furniture,Desk,Partner,Net Banking,6,967.46,0.1,5804.76,580.48,5224.28,3459.33,1764.96,0.3378,141.1,7,4.0
ORD01496,2024-07-24,CUST0514,West,Goa,Consumer,Clothing,Jeans,Store,Cash,2,877.26,0.1,1754.52,175.45,1579.07,975.07,604.0,0.3825,266.81,3,4.6
ORD01497,2024-09-12,CUST0027,West,Gujarat,Consumer,Clothing,Jeans,Online,Credit Card,9,1092.83,0.05,9835.47,491.77,9343.7,6814.48,2529.22,0.2707,150.06,3,3.7
ORD01498,2022-07-02,CUST0922,West,Maharashtra,Consumer,Clothing,T-Shirt,Online,UPI,2,1262.83,0.0,2525.66,0.0,2525.66,1928.27,597.39,0.2365,114.74,6,4.4
ORD01499,2024-09-09,CUST0665,Central,Chhattisgarh,Small Business,Office Supplies,Notebook,Partner,UPI,3,1296.38,0.15,3889.14,583.37,3305.77,2245.7,1060.06,0.3207,290.67,1,5.0
ORD01500,2022-12-30,CUST0140,West,Goa,Corporate,Office Supplies,Notebook,Store,UPI,2,275.44,0.15,550.88,82.63,468.25,339.65,128.6,0.2746,252.5,3,5.0
ORD01501,2022-02-08,CUST0913,South,Telangana,Small Business,Clothing,Backpack,Store,UPI,4,307.6,0.05,1230.4,61.52,1168.88,811.84,357.04,0.3055,77.57,8,3.6
ORD01502,2023-05-12,CUST0705,South,Karnataka,Small Business,Home Appliances,Vacuum Cleaner,Online,Net Banking,4,39.01,0.1,156.04,15.6,140.44,79.48,60.96,0.4341,156.88,3,4.9
ORD01503,2025-10-04,CUST0095,West,Gujarat,Small Business,Office Supplies,Notebook,Store,Debit Card,10,210.79,0.15,2107.9,316.18,1791.72,1190.12,601.6,0.3358,51.73,1,3.4
ORD01504,2024-09-08,CUST0168,North,Delhi,Corporate,Furniture,Cabinet,Store,Credit Card,1,406.87,0.0,406.87,0.0,406.87,224.86,182.01,0.4473,50.17,10,3.6
ORD01505,2024-07-09,CUST0517,North,Uttar Pradesh,Corporate,Office Supplies,Pens,Online,Credit Card,8,1085.74,0.05,8685.92,434.3,8251.62,6013.02,2238.6,0.2713,258.95,9,3.7
ORD01506,2025-11-21,CUST0732,East,Jharkhand,Consumer,Home Appliances,Microwave,Store,Credit Card,5,721.51,0.15,3607.55,541.13,3066.42,2107.25,959.16,0.3128,280.91,2,4.5
ORD01507,2023-12-23,CUST0028,West,Maharashtra,Consumer,Electronics,Smartphone,Online,Debit Card,8,1140.49,0.15,9123.92,1368.59,7755.33,4531.01,3224.32,0.4158,226.87,7,4.1
ORD01508,2025-03-30,CUST0761,North,Haryana,Corporate,Office Supplies,Stapler,Online,Credit Card,6,737.51,0.0,4425.06,0.0,4425.06,3081.58,1343.48,0.3036,296.99,8,3.1
ORD01509,2022-01-16,CUST0584,West,Maharashtra,Small Business,Clothing,T-Shirt,Store,Debit Card,2,840.06,0.05,1680.12,84.01,1596.11,1265.04,331.07,0.2074,32.68,3,
ORD01510,2023-05-08,CUST0308,West,Gujarat,Consumer,Clothing,Shoes,Online,UPI,7,179.93,0.15,1259.51,188.93,1070.58,687.24,383.34,0.3581,112.82,7,4.8
ORD01511,2025-12-20,CUST0398,East,Jharkhand,Corporate,Clothing,T-Shirt,Online,Net Banking,10,1168.19,0.05,11681.9,584.1,11097.81,9047.37,2050.44,0.1848,56.99,10,4.1
ORD01512,2025-02-05,CUST0134,North,Delhi,Consumer,Electronics,Smartphone,Online,Net Banking,9,1140.82,0.15,10267.38,1540.11,8727.27,7060.65,1666.62,0.191,238.97,4,4.5
ORD01513,2024-06-12,CUST0786,North,Uttar Pradesh,Consumer,Home Appliances,Air Cooler,Online,Debit Card,7,471.73,0.0,3302.11,0.0,3302.11,2516.32,785.79,0.238,269.32,2,3.5
ORD01514,2022-11-07,CUST0293,West,Maharashtra,Consumer,Furniture,Cabinet,Online,Credit Card,5,502.94,0.0,2514.7,0.0,2514.7,1935.63,579.07,0.2303,145.19,4,4.6
ORD01515,2024-01-09,CUST0970,West,Goa,Consumer,Home Appliances,Blender,Partner,Credit Card,4,341.23,0.05,1364.92,68.25,1296.67,856.9,439.77,0.3392,252.18,8,3.6
ORD01516,2025-04-08,CUST0704,Central,Chhattisgarh,Consumer,Electronics,Headphones,Online,Cash,8,1223.55,0.2,9788.4,1957.68,7830.72,5157.99,2672.73,0.3413,257.33,2,4.1
ORD01517,2023-06-30,CUST0495,East,West Bengal,Corporate,Clothing,Shoes,Online,UPI,6,1124.31,0.15,6745.86,1011.88,5733.98,4631.26,1102.72,0.1923,59.11,6,3.5
ORD01518,2023-02-18,CUST0355,North,Delhi,Small Business,Home Appliances,Blender,Store,Credit Card,5,919.58,,4597.9,919.58,3678.32,2386.76,1291.56,0.3511,125.56,10,3.3
ORD01519,2022-09-08,CUST0547,North,Punjab,Small Business,Furniture,Desk,Online,Net Banking,7,369.65,0.1,2587.55,258.76,2328.79,1341.75,987.05,0.4238,72.65,3,3.4
ORD01520,2024-01-29,CUST0638,West,Rajasthan,Consumer,Clothing,Jeans,Online,Debit Card,3,270.2,0.15,810.6,121.59,689.01,407.36,281.65,0.4088,207.61,3,3.7
ORD01521,2025-03-10,CUST0017,North,Delhi,Small Business,Furniture,Bookshelf,Online,Net Banking,9,89.65,0.2,806.85,161.37,645.48,478.82,166.66,0.2582,128.45,6,4.1
ORD01522,2025-07-21,CUST0110,South,Andhra Pradesh,Consumer,Office Supplies,File Folder,Online,Debit Card,4,82.73,0.05,330.92,16.55,314.37,205.41,108.96,0.3466,206.98,3,3.5
ORD01523,2025-12-10,CUST0475,East,West Bengal,Consumer,Furniture,Office Chair,Online,Debit Card,4,292.9,0.25,1171.6,292.9,878.7,530.58,348.12,0.3962,265.25,2,5.0
ORD01524,2024-11-28,CUST0600,North,Uttar Pradesh,Corporate,Clothing,Shoes,Online,UPI,8,164.29,0.2,1314.32,262.86,1051.46,809.33,242.13,0.2303,135.57,2,3.8
ORD01525,2024-03-24,CUST0010,South,Telangana,Consumer,Office Supplies,Notebook,Online,Net Banking,6,840.82,0.25,5044.92,1261.23,3783.69,2580.26,1203.43,0.3181,292.14,3,3.2
ORD01526,2022-01-29,CUST0563,South,Tamil Nadu,Consumer,Clothing,Jeans,Store,Net Banking,1,546.76,0.2,546.76,109.35,437.41,307.61,129.8,0.2967,134.41,2,2.7
ORD01527,2024-08-15,CUST0112,South,Tamil Nadu,Consumer,Clothing,Backpack,Online,UPI,2,675.74,0.15,1351.48,202.72,1148.76,679.57,469.19,0.4084,79.85,6,5.0
ORD01528,2023-04-22,CUST0849,North,Punjab,Corporate,Office Supplies,File Folder,Partner,Credit Card,9,897.19,0.2,8074.71,1614.94,6459.77,3889.06,2570.71,0.398,168.2,4,4.3
ORD01529,2022-11-14,CUST0564,West,Maharashtra,Consumer,Furniture,Bookshelf,Store,Debit Card,6,993.77,0.1,5962.62,596.26,5366.36,3133.85,2232.51,0.416,131.73,1,3.4
ORD01530,2022-09-02,CUST0749,West,Rajasthan,Corporate,Electronics,Smartphone,Online,Cash,7,977.58,0.15,6843.06,1026.46,5816.6,4007.21,1809.39,0.3111,55.0,3,3.8
ORD01531,2024-01-18,CUST0320,South,Telangana,Corporate,Electronics,Headphones,Partner,UPI,9,402.37,0.05,3621.33,181.07,3440.26,2612.63,827.63,0.2406,26.49,10,3.6
ORD01532,2023-11-28,CUST0289,West,Goa,Corporate,Electronics,Monitor,Online,Net Banking,3,1217.3,0.15,3651.9,547.78,3104.12,2321.0,783.12,0.2523,228.32,3,4.5
ORD01533,2022-09-29,CUST0609,South,Karnataka,Small Business,Electronics,Smartphone,Online,Debit Card,5,1377.8,0.15,6889.0,1033.35,5855.65,3633.62,2222.03,0.3795,281.2,4,5.0
ORD01534,2025-06-16,CUST0785,East,West Bengal,Consumer,Home Appliances,Vacuum Cleaner,Online,UPI,5,484.17,0.15,2420.85,363.13,2057.72,1604.86,452.87,0.2201,143.33,6,3.5
ORD01535,2023-01-12,CUST0466,Central,Chhattisgarh,Consumer,Electronics,Laptop,Store,Debit Card,10,40.34,0.15,403.4,60.51,342.89,198.37,144.52,0.4215,38.31,1,4.4
ORD01536,2022-09-23,CUST0380,West,Goa,Consumer,Office Supplies,Printer Paper,Online,UPI,7,1350.24,0.1,9451.68,945.17,8506.51,4940.53,3565.99,0.4192,227.38,2,4.0
ORD01537,2024-07-14,CUST0177,West,Rajasthan,Consumer,Electronics,Headphones,Online,Net Banking,2,1386.47,0.1,2772.94,277.29,2495.65,1944.89,550.76,0.2207,262.78,10,3.7
ORD01538,2024-07-09,CUST0364,North,Delhi,Corporate,Clothing,Shoes,Online,UPI,4,90.66,0.0,362.64,0.0,362.64,223.38,139.26,0.384,110.62,3,3.8
ORD01539,2025-10-14,CUST0742,North,Uttar Pradesh,Consumer,Electronics,Smartphone,Store,UPI,4,22.36,0.0,89.44,0.0,89.44,66.29,23.15,0.2588,82.16,5,3.3
ORD01540,2022-12-06,CUST0127,Central,Chhattisgarh,Consumer,Furniture,Bookshelf,Online,Debit Card,8,1227.36,0.1,9818.88,981.89,8836.99,4882.01,3954.98,0.4475,114.38,7,4.2
ORD01541,2023-01-24,CUST0263,South,Karnataka,Corporate,Office Supplies,File Folder,Online,Credit Card,10,462.67,0.1,4626.7,462.67,4164.03,2395.45,1768.58,0.4247,274.33,1,4.2
ORD01542,2023-07-31,CUST0986,South,Tamil Nadu,Corporate,Office Supplies,Printer Paper,Online,Cash,3,1373.15,,4119.45,0.0,4119.45,2943.38,1176.07,0.2855,137.03,2,4.4
ORD01543,2022-01-03,CUST0880,West,Maharashtra,Corporate,Home Appliances,Air Cooler,Store,Debit Card,2,336.86,0.05,673.72,33.69,640.03,383.54,256.49,0.4007,203.16,4,4.1
ORD01544,2025-12-23,CUST0961,West,Gujarat,Small Business,Clothing,T-Shirt,Online,Net Banking,9,1293.81,0.05,11644.29,582.21,11062.08,6168.41,4893.67,0.4424,40.82,10,3.4
ORD01545,2025-03-11,CUST0895,Central,Madhya Pradesh,Corporate,Office Supplies,Stapler,Online,UPI,4,116.94,0.15,467.76,70.16,397.6,268.8,128.79,0.3239,98.83,1,4.4
ORD01546,2023-01-11,CUST0446,South,Karnataka,Corporate,Furniture,Cabinet,Store,Net Banking,9,402.05,0.1,3618.45,361.84,3256.61,2081.75,1174.85,0.3608,83.85,1,3.5
ORD01547,2022-11-20,CUST0459,Central,Madhya Pradesh,Consumer,Electronics,Headphones,Online,Cash,6,1460.1,0.0,8760.6,0.0,8760.6,6715.96,2044.64,0.2334,37.53,9,4.0
ORD01548,2022-05-26,CUST0266,North,Punjab,Small Business,Office Supplies,File Folder,Store,UPI,1,358.33,0.15,358.33,53.75,304.58,234.86,69.72,0.2289,53.77,6,3.4
ORD01549,2022-10-20,CUST0287,North,Punjab,Corporate,Furniture,Desk,Partner,Net Banking,3,212.52,0.05,637.56,31.88,605.68,433.6,172.08,0.2841,136.65,2,4.6
ORD01550,2023-03-08,CUST0025,West,Rajasthan,Consumer,Electronics,Headphones,Store,Credit Card,7,1287.73,0.15,9014.11,1352.12,7661.99,4820.31,2841.69,0.3709,176.24,10,3.6
ORD01551,2023-12-06,CUST0185,North,Punjab,Consumer,Home Appliances,Vacuum Cleaner,Online,UPI,9,189.93,0.0,1709.37,0.0,1709.37,1153.21,556.16,0.3254,107.34,7,5.0
ORD01552,2024-08-06,CUST0065,South,Telangana,Corporate,Office Supplies,Pens,Online,Net Banking,8,159.72,0.25,1277.76,319.44,958.32,708.78,249.54,0.2604,137.46,10,3.7
ORD01553,2023-08-08,CUST0427,West,Gujarat,Small Business,Office Supplies,Stapler,Online,Debit Card,5,495.29,0.0,2476.45,0.0,2476.45,1408.39,1068.06,0.4313,232.66,6,4.3
ORD01554,2023-02-03,CUST0504,South,Andhra Pradesh,Consumer,Furniture,Sofa,Partner,UPI,8,958.46,0.15,7667.68,1150.15,6517.53,4169.75,2347.78,0.3602,89.21,6,4.4
ORD01555,2024-03-27,CUST0131,North,Uttar Pradesh,Consumer,Clothing,T-Shirt,Partner,Net Banking,2,1070.46,0.1,2140.92,214.09,1926.83,1487.59,439.24,0.228,29.55,8,3.2
ORD01556,2025-09-29,CUST0823,South,Tamil Nadu,Small Business,Home Appliances,Air Cooler,Online,Net Banking,3,1323.64,0.0,3970.92,0.0,3970.92,2619.33,1351.59,0.3404,91.96,10,2.8
ORD01557,2024-08-21,CUST0304,East,West Bengal,Small Business,Clothing,T-Shirt,Store,Debit Card,8,818.25,0.0,6546.0,0.0,6546.0,4704.35,1841.65,0.2813,277.99,3,3.4
ORD01558,2025-03-09,CUST0833,East,Odisha,Consumer,Office Supplies,Notebook,Store,UPI,9,599.23,0.05,5393.07,269.65,5123.42,2951.14,2172.28,0.424,25.05,10,4.1
ORD01559,2022-07-06,CUST0455,West,Gujarat,Consumer,Clothing,T-Shirt,Online,Debit Card,10,547.87,0.15,5478.7,821.8,4656.89,3538.32,1118.57,0.2402,56.1,2,3.4
ORD01560,2022-03-02,CUST0747,West,Goa,Corporate,Electronics,Laptop,Online,,8,1272.65,0.0,10181.2,0.0,10181.2,5875.83,4305.37,0.4229,38.22,9,3.5
ORD01561,2024-07-27,CUST0113,East,Odisha,Consumer,Home Appliances,Blender,Online,UPI,4,1089.87,0.15,4359.48,653.92,3705.56,2900.01,805.54,0.2174,125.54,5,5.0
ORD01562,2025-11-04,CUST0883,West,Goa,Small Business,Clothing,Jacket,Online,UPI,6,1359.56,0.15,8157.36,1223.6,6933.76,4013.14,2920.62,0.4212,201.37,6,3.7
ORD01563,2023-12-11,CUST0572,North,Uttar Pradesh,Consumer,Electronics,Laptop,Partner,Debit Card,5,1446.59,0.05,7232.95,361.65,6871.3,5432.05,1439.26,0.2095,274.9,7,4.5
ORD01564,2024-03-17,CUST0526,South,Tamil Nadu,Consumer,Furniture,Bookshelf,Partner,Credit Card,4,460.58,0.0,1842.32,0.0,1842.32,1194.22,648.1,0.3518,242.34,2,3.8
ORD01565,2025-09-04,CUST0087,West,Rajasthan,Consumer,Clothing,T-Shirt,Online,Credit Card,9,801.57,0.2,7214.13,1442.83,5771.3,4147.39,1623.91,0.2814,90.2,6,3.9
ORD01566,2025-08-18,CUST0496,South,Karnataka,Consumer,Home Appliances,Vacuum Cleaner,Online,Credit Card,10,953.25,0.05,9532.5,476.62,9055.88,7050.62,2005.25,0.2214,197.76,1,3.7
ORD01567,2025-09-29,CUST0849,Central,Madhya Pradesh,Consumer,Electronics,Headphones,Online,UPI,3,258.32,0.0,774.96,0.0,774.96,428.37,346.59,0.4472,205.88,9,3.9
ORD01568,2022-01-11,CUST0014,East,Bihar,Consumer,Clothing,Shoes,Store,Net Banking,1,94.22,0.15,94.22,14.13,80.09,49.79,30.29,0.3783,45.34,6,3.2
ORD01569,2024-12-21,CUST0393,West,Gujarat,Corporate,Furniture,Bookshelf,Store,Credit Card,7,1303.63,0.05,9125.41,456.27,8669.14,6894.14,1774.99,0.2047,139.6,7,3.5
ORD01570,2022-08-14,CUST0853,South,Tamil Nadu,Consumer,Clothing,T-Shirt,Online,Credit Card,10,810.25,0.1,8102.5,810.25,7292.25,4775.02,2517.23,0.3452,107.15,5,3.6
ORD01571,2025-03-22,CUST0685,South,Karnataka,Small Business,Electronics,Smartphone,Store,UPI,8,862.6,0.0,6900.8,0.0,6900.8,5111.57,1789.23,0.2593,63.99,2,4.4
ORD01572,2023-07-18,CUST0514,South,Tamil Nadu,Consumer,Clothing,Jacket,Online,UPI,3,839.05,0.25,2517.15,629.29,1887.86,1109.69,778.17,0.4122,36.43,4,4.9
ORD01573,2024-02-11,CUST0756,West,Goa,Corporate,Home Appliances,Coffee Maker,Online,Credit Card,3,1136.12,0.1,3408.36,340.84,3067.52,2248.99,818.54,0.2668,27.6,5,4.8
ORD01574,2025-08-26,CUST0160,East,Bihar,Consumer,Office Supplies,Printer Paper,Partner,,6,231.07,0.25,1386.42,346.6,1039.82,592.44,447.38,0.4302,260.44,10,3.8
ORD01575,2024-06-03,CUST0776,Central,Chhattisgarh,Consumer,Electronics,Tablet,Online,Credit Card,2,926.86,0.05,1853.72,92.69,1761.03,1309.64,451.39,0.2563,112.58,2,3.4
ORD01576,2025-06-20,CUST0292,South,Andhra Pradesh,Corporate,Electronics,Monitor,Online,Debit Card,6,712.18,0.05,4273.08,213.65,4059.43,2587.59,1471.84,0.3626,158.06,9,3.9
ORD01577,2025-10-21,CUST0218,North,Delhi,Corporate,Electronics,Laptop,Online,Credit Card,5,1346.98,0.2,6734.9,1346.98,5387.92,3641.04,1746.88,0.3242,101.66,2,4.2
ORD01578,2025-09-15,CUST0421,South,Karnataka,Corporate,Electronics,Tablet,Online,Debit Card,7,786.64,0.05,5506.48,275.32,5231.16,3111.96,2119.19,0.4051,66.44,2,4.0
ORD01579,2025-02-04,CUST0783,West,Rajasthan,Corporate,Clothing,Jacket,Store,UPI,9,1415.26,0.1,12737.34,1273.73,11463.61,8248.29,3215.32,0.2805,93.16,2,4.5
ORD01580,2022-08-14,CUST0546,Central,Chhattisgarh,Corporate,Home Appliances,Blender,Store,UPI,9,539.58,0.0,4856.22,0.0,4856.22,3113.53,1742.69,0.3589,67.6,2,3.3
ORD01581,2024-04-04,CUST0661,South,Karnataka,Consumer,Furniture,Office Chair,Partner,Credit Card,1,1450.84,0.25,1450.84,362.71,1088.13,711.11,377.02,0.3465,232.21,5,4.0
ORD01582,2022-08-06,CUST0983,West,Rajasthan,Small Business,Home Appliances,Coffee Maker,Online,UPI,7,1314.61,0.0,9202.27,0.0,9202.27,6681.7,2520.57,0.2739,274.1,7,4.0
ORD01583,2024-07-25,CUST0521,South,Telangana,Corporate,Electronics,Monitor,Online,UPI,3,882.63,0.15,2647.89,397.18,2250.71,1346.58,904.13,0.4017,141.66,1,3.9
ORD01584,2024-01-23,CUST0040,West,Gujarat,Small Business,Clothing,T-Shirt,Online,Cash,4,540.26,0.1,2161.04,216.1,1944.94,1517.13,427.8,0.22,250.42,9,3.6
ORD01585,2023-05-21,CUST0766,Central,Madhya Pradesh,Small Business,Clothing,T-Shirt,Store,Debit Card,2,573.25,0.0,1146.5,0.0,1146.5,859.42,287.08,0.2504,139.22,6,3.1
ORD01586,2022-09-16,CUST0026,South,Tamil Nadu,Consumer,Electronics,Headphones,Online,UPI,1,1162.54,0.0,1162.54,0.0,1162.54,820.74,341.8,0.294,145.1,1,3.1
ORD01587,2022-02-23,CUST0491,South,Tamil Nadu,Consumer,Clothing,T-Shirt,Store,UPI,10,877.24,0.2,8772.4,1754.48,7017.92,4103.03,2914.89,0.4154,155.83,1,5.0
ORD01588,2024-12-06,CUST0918,Central,Chhattisgarh,Corporate,Electronics,Monitor,Online,Credit Card,3,611.36,0.15,1834.08,275.11,1558.97,1146.65,412.32,0.2645,249.67,9,3.2
ORD01589,2023-12-28,CUST0397,Central,Chhattisgarh,Corporate,Home Appliances,Blender,Online,Cash,10,959.54,0.15,9595.4,1439.31,8156.09,4525.71,3630.38,0.4451,282.17,9,3.6
ORD01590,2023-11-20,CUST0025,East,Jharkhand,Corporate,Office Supplies,Stapler,Online,UPI,9,1103.85,0.1,9934.65,993.46,8941.18,6859.56,2081.63,0.2328,228.44,1,3.6
ORD01591,2025-01-27,CUST0199,East,Bihar,Corporate,Clothing,Jacket,Partner,UPI,1,49.01,0.05,49.01,2.45,46.56,29.43,17.13,0.368,268.76,1,3.7
ORD01592,2024-11-09,CUST0371,South,Andhra Pradesh,Consumer,Electronics,Monitor,Online,Credit Card,3,148.45,0.15,445.35,66.8,378.55,220.18,158.37,0.4184,199.96,5,5.0
ORD01593,2023-02-23,CUST0091,East,Odisha,Consumer,Electronics,Monitor,Online,Debit Card,5,155.31,0.1,776.55,77.66,698.9,415.43,283.46,0.4056,254.99,5,4.3
ORD01594,2023-11-21,CUST0399,West,Goa,Consumer,Clothing,Backpack,Online,UPI,3,359.42,0.15,1078.26,161.74,916.52,742.42,174.1,0.19,175.91,7,3.7
ORD01595,2024-04-29,CUST0460,West,Rajasthan,Corporate,Furniture,Cabinet,Online,Debit Card,4,649.08,0.05,2596.32,129.82,2466.5,1871.91,594.59,0.2411,236.36,4,4.0
ORD01596,2022-03-03,CUST0557,South,Karnataka,Corporate,Electronics,Smartphone,Online,UPI,4,1208.42,0.25,4833.68,1208.42,3625.26,2226.73,1398.53,0.3858,217.47,10,4.5
ORD01597,2025-03-14,CUST0225,South,Andhra Pradesh,Consumer,Clothing,Jacket,Online,Debit Card,1,536.38,0.0,536.38,0.0,536.38,434.54,101.84,0.1899,229.79,1,4.7
ORD01598,2022-08-04,CUST0789,South,Tamil Nadu,Corporate,Electronics,Tablet,Online,UPI,6,40.95,0.0,245.7,0.0,245.7,144.43,101.27,0.4122,85.63,6,4.3
ORD01599,2022-01-03,CUST0089,North,Haryana,Consumer,Furniture,Cabinet,Online,UPI,7,732.79,0.2,5129.53,1025.91,4103.62,3069.73,1033.9,0.2519,63.05,10,5.0
ORD01600,2022-06-09,CUST0296,North,Delhi,Consumer,Office Supplies,File Folder,Online,Credit Card,7,1494.99,0.1,10464.93,1046.49,9418.44,6850.21,2568.22,0.2727,202.85,3,3.5
ORD01601,2024-02-20,CUST0175,South,Andhra Pradesh,Corporate,Furniture,Desk,Online,UPI,6,533.3,0.05,3199.8,159.99,3039.81,2346.12,693.69,0.2282,155.21,7,3.8
ORD01602,2025-02-17,CUST0342,North,Uttar Pradesh,Consumer,Home Appliances,Blender,Store,Debit Card,7,1442.46,0.15,10097.22,1514.58,8582.64,5604.97,2977.67,0.3469,234.1,1,4.1
ORD01603,2024-06-11,CUST0573,North,Delhi,Corporate,Clothing,Jacket,Online,Debit Card,3,165.5,0.1,496.5,49.65,446.85,294.25,152.6,0.3415,61.02,4,4.2
ORD01604,2025-01-17,CUST0270,East,Bihar,Small Business,Furniture,Sofa,Online,Credit Card,5,272.05,0.0,1360.25,0.0,1360.25,977.52,382.73,0.2814,285.35,10,3.6
ORD01605,2022-11-25,CUST0712,North,Uttar Pradesh,Small Business,Office Supplies,Pens,Online,Credit Card,7,1090.32,0.15,7632.24,1144.84,6487.4,4265.57,2221.83,0.3425,217.13,9,4.6
ORD01606,2023-08-03,CUST0344,North,Uttar Pradesh,Consumer,Electronics,Tablet,Online,Credit Card,10,759.3,0.05,7593.0,379.65,7213.35,4047.88,3165.47,0.4388,26.44,10,4.3
ORD01607,2025-10-12,CUST0835,South,Telangana,Consumer,Clothing,Backpack,Store,Cash,5,1151.21,0.0,5756.05,0.0,5756.05,4299.89,1456.16,0.253,181.43,6,3.7
ORD01608,2025-07-14,CUST0588,South,Telangana,Corporate,Furniture,Office Chair,Store,Debit Card,10,1297.38,0.05,12973.8,648.69,12325.11,8911.74,3413.37,0.2769,107.53,2,3.8
ORD01609,2024-08-09,CUST0175,East,Odisha,Corporate,Office Supplies,Pens,Store,Credit Card,2,387.86,0.1,775.72,77.57,698.15,463.85,234.3,0.3356,96.91,6,4.6
ORD01610,2025-09-08,CUST0470,North,Delhi,Corporate,Furniture,Cabinet,Online,Credit Card,6,1029.0,0.0,6174.0,0.0,6174.0,3900.51,2273.49,0.3682,272.61,9,3.7
ORD01611,2023-09-27,CUST0912,West,Rajasthan,Consumer,Home Appliances,Coffee Maker,Online,Credit Card,7,917.29,0.2,6421.03,1284.21,5136.82,3270.08,1866.74,0.3634,254.07,1,3.4
ORD01612,2024-09-14,CUST0839,Central,Chhattisgarh,Consumer,Clothing,Shoes,Online,UPI,2,1294.38,0.1,2588.76,258.88,2329.88,1747.59,582.29,0.2499,22.68,5,3.3
ORD01613,2025-05-03,CUST0786,West,Goa,Corporate,Electronics,Laptop,Online,Credit Card,10,653.7,0.05,6537.0,326.85,6210.15,4638.2,1571.95,0.2531,70.87,8,2.8
ORD01614,2024-07-09,CUST0941,East,Odisha,Corporate,Office Supplies,Pens,Online,UPI,8,92.03,0.15,736.24,110.44,625.8,482.56,143.24,0.2289,221.47,7,3.7
ORD01615,2024-01-08,CUST0023,Central,Madhya Pradesh,Consumer,Furniture,Desk,Online,Debit Card,5,867.67,0.15,4338.35,650.75,3687.6,2787.04,900.55,0.2442,257.49,10,2.5
ORD01616,2025-09-17,CUST0538,West,Rajasthan,Consumer,Clothing,Jacket,Store,Net Banking,8,1438.93,0.1,11511.44,1151.14,10360.3,7818.34,2541.95,0.2454,220.93,2,3.6
ORD01617,2022-06-19,CUST0230,North,Haryana,Corporate,Furniture,Bookshelf,Online,Debit Card,3,36.73,0.05,110.19,5.51,104.68,64.69,39.99,0.382,167.09,8,5.0
ORD01618,2023-06-05,CUST0706,South,Telangana,Consumer,Clothing,Shoes,Partner,UPI,2,371.78,0.0,743.56,0.0,743.56,429.36,314.2,0.4226,295.68,9,3.5
ORD01619,2022-02-09,CUST0130,Central,Madhya Pradesh,Consumer,Home Appliances,Vacuum Cleaner,Online,UPI,7,484.36,0.2,3390.52,678.1,2712.42,2049.7,662.72,0.2443,243.24,10,4.4
ORD01620,2025-07-08,CUST0150,South,Tamil Nadu,Consumer,Furniture,Sofa,Store,Debit Card,5,1152.27,0.05,5761.35,288.07,5473.28,3156.04,2317.24,0.4234,151.02,8,4.1
ORD01621,2025-11-19,CUST0627,North,Delhi,Consumer,Home Appliances,Air Cooler,Online,Net Banking,5,495.07,0.0,2475.35,0.0,2475.35,2017.83,457.52,0.1848,183.37,6,4.9
ORD01622,2024-08-12,CUST0166,West,Rajasthan,Corporate,Office Supplies,File Folder,Partner,UPI,8,370.04,0.1,2960.32,296.03,2664.29,2094.86,569.43,0.2137,32.55,9,3.6
ORD01623,2025-06-03,CUST0249,West,Gujarat,Consumer,Home Appliances,Blender,Online,Debit Card,9,978.11,0.0,8802.99,0.0,8802.99,6109.58,2693.41,0.306,290.13,8,4.0
ORD01624,2024-09-10,CUST0682,North,Punjab,Consumer,Clothing,Shoes,Online,UPI,8,83.91,0.25,671.28,167.82,503.46,324.78,178.68,0.3549,121.57,4,3.8
ORD01625,2025-02-21,CUST0668,East,West Bengal,Consumer,Office Supplies,Notebook,Online,Cash,10,268.34,0.2,2683.4,536.68,2146.72,1486.06,660.66,0.3078,205.23,6,4.0
ORD01626,2024-09-01,CUST0575,North,Punjab,Consumer,Furniture,Office Chair,Partner,UPI,2,620.92,,1241.84,124.18,1117.66,836.3,281.36,0.2517,206.75,5,3.3
ORD01627,2022-02-07,CUST0273,West,Gujarat,Corporate,Furniture,Desk,Partner,,10,543.07,0.15,5430.7,814.61,4616.1,3481.5,1134.59,0.2458,35.94,10,3.6
ORD01628,2022-11-24,CUST0243,South,Andhra Pradesh,Consumer,Clothing,Shoes,Online,Credit Card,7,530.54,0.1,3713.78,371.38,3342.4,1904.8,1437.6,0.4301,94.44,9,3.2
ORD01629,2025-06-28,CUST0368,South,Andhra Pradesh,Corporate,Electronics,Smartphone,Store,UPI,5,176.2,,881.0,132.15,748.85,574.6,174.25,0.2327,203.73,4,3.3
ORD01630,2025-04-14,CUST0978,West,Rajasthan,Consumer,Electronics,Tablet,Online,Cash,7,550.85,0.1,3855.95,385.6,3470.36,2509.78,960.58,0.2768,275.4,1,4.1
ORD01631,2024-07-02,CUST0699,East,West Bengal,Consumer,Furniture,Office Chair,Online,Debit Card,3,1200.02,0.0,3600.06,0.0,3600.06,2019.48,1580.58,0.439,238.02,9,5.0
ORD01632,2023-03-30,CUST0627,West,Maharashtra,Consumer,Clothing,Jacket,Online,Cash,4,629.56,0.2,2518.24,503.65,2014.59,1278.37,736.23,0.3654,182.44,9,4.6
ORD01633,2022-02-06,CUST0258,South,Tamil Nadu,Consumer,Electronics,Laptop,Partner,Credit Card,7,885.46,0.2,6198.22,1239.64,4958.58,3410.87,1547.7,0.3121,85.1,7,4.2
ORD01634,2025-09-01,CUST0867,South,Karnataka,Corporate,Home Appliances,Air Cooler,Online,Cash,2,257.92,0.25,515.84,128.96,386.88,232.47,154.41,0.3991,285.68,5,3.7
ORD01635,2024-08-30,CUST0335,West,Goa,Consumer,Furniture,Desk,Online,Debit Card,2,118.52,0.15,237.04,35.56,201.48,119.26,82.22,0.4081,133.03,7,3.1
ORD01636,2024-03-06,CUST0207,North,Punjab,Small Business,Home Appliances,Microwave,Online,Credit Card,1,1321.73,0.1,1321.73,132.17,1189.56,658.84,530.71,0.4461,61.97,9,3.2
ORD01637,2024-08-30,CUST0108,South,Telangana,Consumer,Clothing,Jacket,Online,Net Banking,1,507.09,0.05,507.09,25.35,481.74,383.52,98.22,0.2039,26.06,3,4.0
ORD01638,2023-08-16,CUST0884,South,Telangana,Consumer,Home Appliances,Vacuum Cleaner,Online,Debit Card,1,535.25,0.0,535.25,0.0,535.25,302.5,232.75,0.4349,286.04,5,5.0
ORD01639,2025-02-11,CUST0256,West,Maharashtra,Consumer,Electronics,Smartphone,Online,Credit Card,6,1318.37,0.0,7910.22,0.0,7910.22,5132.33,2777.89,0.3512,237.82,3,4.4
ORD01640,2024-11-29,CUST0621,Central,Madhya Pradesh,Corporate,Electronics,Smartphone,Online,Credit Card,5,1066.04,0.05,5330.2,266.51,5063.69,3066.36,1997.33,0.3944,80.59,8,4.1
ORD01641,2025-08-17,CUST0247,Central,Chhattisgarh,Consumer,Office Supplies,Notebook,Online,UPI,10,1138.05,0.1,11380.5,1138.05,10242.45,7682.65,2559.8,0.2499,59.7,1,5.0
ORD01642,2022-08-12,CUST0226,East,West Bengal,Consumer,Furniture,Sofa,Online,Cash,8,1027.78,0.15,8222.24,1233.34,6988.9,5178.36,1810.55,0.2591,288.65,4,4.1
ORD01643,2022-11-14,CUST0178,South,Karnataka,Consumer,Clothing,Backpack,Online,Credit Card,5,172.1,0.05,860.5,43.03,817.48,627.56,189.92,0.2323,87.42,7,4.3
ORD01644,2022-12-15,CUST0143,South,Tamil Nadu,Consumer,Furniture,Bookshelf,Partner,UPI,1,1437.62,0.1,1437.62,143.76,1293.86,927.1,366.76,0.2835,149.34,9,5.0
ORD01645,2022-04-25,CUST0146,West,Maharashtra,Small Business,Home Appliances,Blender,Online,Credit Card,8,1365.07,0.05,10920.56,546.03,10374.53,7363.29,3011.25,0.2903,191.04,10,4.6
ORD01646,2023-11-29,CUST0077,South,Tamil Nadu,Consumer,Clothing,Backpack,Store,UPI,6,365.79,,2194.74,329.21,1865.53,1231.1,634.43,0.3401,37.47,2,4.3
ORD01647,2025-09-08,CUST0038,Central,Madhya Pradesh,Corporate,Clothing,Backpack,Online,Credit Card,8,1208.93,0.25,9671.44,2417.86,7253.58,5235.76,2017.82,0.2782,116.44,9,2.6
ORD01648,2024-11-29,CUST0392,South,Karnataka,Corporate,Electronics,Tablet,Online,Credit Card,2,622.95,0.15,1245.9,186.89,1059.02,615.4,443.62,0.4189,284.22,6,4.9
ORD01649,2022-02-09,CUST0592,Central,Madhya Pradesh,Consumer,Home Appliances,Air Cooler,Online,Credit Card,10,1030.39,0.0,10303.9,0.0,10303.9,7571.5,2732.4,0.2652,216.1,7,3.2
ORD01650,2025-08-05,CUST0660,West,Maharashtra,Consumer,Electronics,Smartphone,Store,UPI,8,260.92,0.1,2087.36,208.74,1878.62,1085.94,792.68,0.4219,122.98,4,3.0
ORD01651,2025-07-09,CUST0444,West,Gujarat,Corporate,Electronics,Monitor,Store,Net Banking,6,814.75,0.15,4888.5,733.28,4155.23,3252.17,903.06,0.2173,241.68,5,4.2
ORD01652,2022-08-04,CUST0794,South,Andhra Pradesh,Consumer,Office Supplies,Printer Paper,Online,UPI,1,203.03,0.1,203.03,20.3,182.73,125.45,57.28,0.3135,254.41,1,4.4
ORD01653,2025-03-16,CUST0931,North,Haryana,Consumer,Electronics,Laptop,Online,Credit Card,1,811.21,0.25,811.21,202.8,608.41,421.75,186.66,0.3068,62.5,4,3.4
ORD01654,2022-12-02,CUST0121,South,Tamil Nadu,Corporate,Furniture,Bookshelf,Store,UPI,10,376.74,0.0,3767.4,0.0,3767.4,2666.99,1100.41,0.2921,184.25,8,3.1
ORD01655,2025-04-06,CUST0337,South,Tamil Nadu,Corporate,Clothing,Jeans,Online,Net Banking,5,686.91,0.05,3434.55,171.73,3262.82,2478.23,784.6,0.2405,122.69,6,2.7
ORD01656,2022-04-02,CUST0666,North,Delhi,Corporate,Electronics,Monitor,Store,Credit Card,7,1006.93,0.05,7048.51,352.43,6696.08,4547.89,2148.19,0.3208,161.92,7,3.7
ORD01657,2022-12-19,CUST0786,East,Jharkhand,Corporate,Furniture,Office Chair,Online,Credit Card,4,1317.46,0.15,5269.84,790.48,4479.36,2980.79,1498.58,0.3346,151.34,1,3.8
ORD01658,2023-07-25,CUST0684,South,Tamil Nadu,Consumer,Home Appliances,Vacuum Cleaner,Store,Credit Card,10,260.45,0.1,2604.5,260.45,2344.05,1471.71,872.34,0.3721,161.07,7,3.2
ORD01659,2024-03-26,CUST0135,West,Rajasthan,Consumer,Clothing,Backpack,Online,UPI,5,1341.5,0.0,6707.5,0.0,6707.5,3921.01,2786.49,0.4154,166.15,6,5.0
ORD01660,2024-02-20,CUST0236,West,Goa,Consumer,Home Appliances,Air Cooler,Online,,10,594.21,0.05,5942.1,297.1,5645.0,3394.86,2250.14,0.3986,39.39,4,3.6
ORD01661,2022-12-29,CUST0035,North,Delhi,Corporate,Furniture,Office Chair,Store,UPI,3,1268.04,0.1,3804.12,380.41,3423.71,1883.53,1540.18,0.4499,69.75,2,3.6
ORD01662,2023-07-11,CUST0012,Central,Madhya Pradesh,Small Business,Home Appliances,Vacuum Cleaner,Online,Credit Card,2,776.13,0.25,1552.26,388.06,1164.2,913.59,250.6,0.2153,178.54,2,4.6
ORD01663,2025-09-30,CUST0377,North,Delhi,Consumer,Home Appliances,Microwave,Online,Debit Card,2,1295.38,0.05,2590.76,129.54,2461.22,1862.01,599.21,0.2435,282.09,7,3.4
ORD01664,2025-04-08,CUST0751,South,Karnataka,Consumer,Home Appliances,Coffee Maker,Online,Cash,5,999.29,0.0,4996.45,0.0,4996.45,3043.06,1953.39,0.391,229.02,3,5.0
ORD01665,2022-12-22,CUST0369,East,Bihar,Consumer,Electronics,Headphones,Online,Credit Card,4,770.44,0.1,3081.76,308.18,2773.58,1527.26,1246.32,0.4494,86.82,2,4.6
ORD01666,2022-07-10,CUST0812,West,Goa,Small Business,Electronics,Laptop,Online,Cash,2,479.12,0.05,958.24,47.91,910.33,621.64,288.69,0.3171,121.28,10,3.8
ORD01667,2023-02-26,CUST0041,North,Haryana,Corporate,Electronics,Tablet,Partner,UPI,5,1453.83,0.1,7269.15,726.92,6542.24,4327.0,2215.24,0.3386,113.91,3,4.9
ORD01668,2023-12-01,CUST0054,South,Andhra Pradesh,Consumer,Clothing,Backpack,Store,Credit Card,10,1204.33,0.1,12043.3,1204.33,10838.97,8232.43,2606.54,0.2405,235.46,10,4.9
ORD01669,2022-01-07,CUST0129,West,Rajasthan,Small Business,Furniture,Cabinet,Online,UPI,9,581.06,0.15,5229.54,784.43,4445.11,2928.36,1516.75,0.3412,292.22,2,3.7
ORD01670,2022-05-13,CUST0281,South,Telangana,Small Business,Electronics,Monitor,Store,Cash,8,262.58,0.2,2100.64,420.13,1680.51,1316.36,364.15,0.2167,119.51,3,3.4
ORD01671,2023-07-11,CUST0336,West,Goa,Consumer,Home Appliances,Blender,Online,Debit Card,9,1172.61,0.05,10553.49,527.67,10025.82,5773.63,4252.19,0.4241,24.13,5,3.7
ORD01672,2024-04-05,CUST0249,Central,Madhya Pradesh,Small Business,Home Appliances,Microwave,Store,Net Banking,9,1485.07,0.15,13365.63,2004.84,11360.79,7370.67,3990.12,0.3512,282.33,10,4.3
ORD01673,2024-01-31,CUST0890,Central,Chhattisgarh,Consumer,Home Appliances,Blender,Online,Debit Card,8,429.28,0.2,3434.24,686.85,2747.39,2203.86,543.53,0.1978,230.9,10,3.7
ORD01674,2024-11-20,CUST0783,North,Haryana,Consumer,Home Appliances,Coffee Maker,Store,UPI,9,1375.06,0.05,12375.54,618.78,11756.76,6503.45,5253.31,0.4468,253.62,10,3.8
ORD01675,2023-06-19,CUST0587,South,Andhra Pradesh,Consumer,Office Supplies,Printer Paper,Store,Net Banking,4,201.18,0.0,804.72,0.0,804.72,527.5,277.22,0.3445,78.43,5,3.7
ORD01676,2023-03-02,CUST0357,South,Karnataka,Small Business,Clothing,Backpack,Store,Cash,8,1429.03,0.15,11432.24,1714.84,9717.4,6025.96,3691.45,0.3799,200.78,7,3.6
ORD01677,2025-11-18,CUST0487,South,Telangana,Corporate,Furniture,Cabinet,Online,UPI,2,1121.83,0.15,2243.66,336.55,1907.11,1322.78,584.33,0.3064,85.16,10,4.2
ORD01678,2023-11-03,CUST0387,South,Tamil Nadu,Consumer,Furniture,Sofa,Online,UPI,9,529.7,0.05,4767.3,238.36,4528.94,2831.79,1697.14,0.3747,23.25,3,3.7
ORD01679,2022-12-29,CUST0685,South,Andhra Pradesh,Small Business,Electronics,Headphones,Online,Credit Card,9,467.38,0.1,4206.42,420.64,3785.78,2971.36,814.41,0.2151,63.98,3,4.9
ORD01680,2025-12-31,CUST0376,Central,Chhattisgarh,Consumer,Office Supplies,Printer Paper,Online,Debit Card,3,970.5,0.1,2911.5,291.15,2620.35,2104.21,516.14,0.197,278.39,7,4.0
ORD01681,2022-03-23,CUST0045,Central,Chhattisgarh,Corporate,Furniture,Office Chair,Online,Debit Card,6,896.36,0.0,5378.16,0.0,5378.16,4191.02,1187.14,0.2207,80.29,6,3.4
ORD01682,2022-12-22,CUST0435,North,Haryana,Corporate,Clothing,Jeans,Store,Credit Card,7,1379.62,0.15,9657.34,1448.6,8208.74,5398.18,2810.56,0.3424,183.84,6,4.0
ORD01683,2025-07-05,CUST0682,South,Tamil Nadu,Consumer,Home Appliances,Microwave,Store,Debit Card,3,1152.87,0.15,3458.61,518.79,2939.82,2402.66,537.16,0.1827,291.04,4,4.4
ORD01684,2023-08-12,CUST0935,South,Telangana,Consumer,Electronics,Smartphone,Online,,5,817.44,0.2,4087.2,817.44,3269.76,2447.28,822.48,0.2515,41.19,4,3.9
ORD01685,2022-10-22,CUST0532,South,Telangana,Small Business,Clothing,Jacket,Online,Cash,1,1392.44,0.1,1392.44,139.24,1253.2,809.58,443.61,0.354,246.22,2,3.5
ORD01686,2025-06-01,CUST0757,West,Rajasthan,Consumer,Furniture,Bookshelf,Store,UPI,3,895.2,0.1,2685.6,268.56,2417.04,1390.52,1026.52,0.4247,187.32,6,3.4
ORD01687,2024-12-05,CUST0983,West,Maharashtra,Corporate,Office Supplies,Notebook,Partner,Debit Card,8,1276.78,0.1,10214.24,1021.42,9192.82,6711.7,2481.12,0.2699,110.55,10,4.2
ORD01688,2025-02-10,CUST0207,Central,Madhya Pradesh,Consumer,Electronics,Headphones,Online,Cash,3,1263.8,0.05,3791.4,189.57,3601.83,2689.53,912.3,0.2533,121.99,3,4.2
ORD01689,2025-06-10,CUST0914,West,Goa,Corporate,Furniture,Office Chair,Online,Credit Card,8,1380.0,0.15,11040.0,1656.0,9384.0,5471.47,3912.53,0.4169,27.61,6,4.6
ORD01690,2022-01-17,CUST0116,East,Jharkhand,Consumer,Electronics,Smartphone,Store,UPI,9,115.39,0.15,1038.51,155.78,882.73,616.53,266.21,0.3016,91.63,3,3.4
ORD01691,2022-12-26,CUST0679,West,Rajasthan,Consumer,Furniture,Cabinet,Store,UPI,6,881.97,0.15,5291.82,793.77,4498.05,3672.72,825.33,0.1835,138.55,3,4.1
ORD01692,2025-05-31,CUST0867,South,Andhra Pradesh,Consumer,Home Appliances,Vacuum Cleaner,Online,Credit Card,7,710.56,0.15,4973.92,746.09,4227.83,2697.72,1530.11,0.3619,220.74,1,3.5
ORD01693,2024-05-15,CUST0285,East,Bihar,Small Business,Office Supplies,File Folder,Store,UPI,6,743.46,0.1,4460.76,446.08,4014.68,2535.32,1479.36,0.3685,96.94,5,4.1
ORD01694,2023-12-01,CUST0788,East,West Bengal,Consumer,Home Appliances,Vacuum Cleaner,Store,Credit Card,8,697.97,0.0,5583.76,0.0,5583.76,4432.9,1150.86,0.2061,182.49,2,3.1
ORD01695,2023-03-24,CUST0938,North,Punjab,Consumer,Furniture,Desk,Online,Credit Card,7,1258.64,0.2,8810.48,1762.1,7048.38,4100.06,2948.32,0.4183,224.87,10,4.7
ORD01696,2024-05-05,CUST0847,South,Tamil Nadu,Small Business,Clothing,Jacket,Store,Credit Card,10,487.87,0.05,4878.7,243.94,4634.76,3717.32,917.44,0.1979,215.59,2,2.8
ORD01697,2022-12-31,CUST0096,South,Andhra Pradesh,Corporate,Home Appliances,Microwave,Online,Cash,1,702.19,0.25,702.19,175.55,526.64,400.49,126.15,0.2395,185.28,9,3.4
ORD01698,2023-11-06,CUST0524,Central,Chhattisgarh,Consumer,Clothing,Backpack,Store,UPI,3,313.01,0.1,939.03,93.9,845.13,554.0,291.12,0.3445,182.45,2,4.1
ORD01699,2024-10-04,CUST0824,South,Telangana,Small Business,Furniture,Cabinet,Online,UPI,3,388.8,0.0,1166.4,0.0,1166.4,667.83,498.57,0.4274,221.94,2,3.4
ORD01700,2025-09-11,CUST0883,South,Karnataka,Corporate,Office Supplies,Printer Paper,Online,UPI,3,995.72,0.2,2987.16,597.43,2389.73,1326.72,1063.01,0.4448,113.94,6,3.5
ORD01701,2023-04-12,CUST0780,South,Karnataka,Consumer,Clothing,Backpack,Store,Debit Card,4,188.65,0.15,754.6,113.19,641.41,417.86,223.55,0.3485,146.06,10,4.4
ORD01702,2023-02-18,CUST0985,West,Maharashtra,Consumer,Furniture,Desk,Store,UPI,1,293.92,0.15,293.92,44.09,249.83,184.99,64.85,0.2596,290.53,1,2.3
ORD01703,2023-08-09,CUST0565,North,Punjab,Corporate,Clothing,Shoes,Partner,Debit Card,2,799.13,0.0,1598.26,0.0,1598.26,1089.43,508.83,0.3184,207.21,8,2.9
ORD01704,2025-06-10,CUST0610,Central,Chhattisgarh,Corporate,Home Appliances,Microwave,Online,Credit Card,5,80.0,0.2,400.0,80.0,320.0,239.82,80.18,0.2506,165.57,1,3.3
ORD01705,2025-06-01,CUST0510,Central,Madhya Pradesh,Consumer,Furniture,Bookshelf,Online,UPI,6,203.49,0.1,1220.94,122.09,1098.85,803.32,295.53,0.2689,181.93,9,3.3
ORD01706,2024-09-20,CUST0264,East,Odisha,Consumer,Home Appliances,Vacuum Cleaner,Partner,Credit Card,9,1297.08,0.1,11673.72,1167.37,10506.35,7403.67,3102.68,0.2953,49.24,4,4.5
ORD01707,2025-12-06,CUST0826,West,Maharashtra,Consumer,Electronics,Monitor,Store,Credit Card,2,1271.53,,2543.06,508.61,2034.45,1650.39,384.05,0.1888,185.76,3,4.3
ORD01708,2023-07-26,CUST0792,North,Uttar Pradesh,Corporate,Furniture,Sofa,Partner,Net Banking,9,531.45,0.15,4783.05,717.46,4065.59,3035.63,1029.96,0.2533,254.22,7,4.1
ORD01709,2022-12-01,CUST0877,South,Andhra Pradesh,Consumer,Clothing,T-Shirt,Online,UPI,7,531.77,0.0,3722.39,0.0,3722.39,2966.54,755.85,0.2031,166.61,8,4.7
ORD01710,2025-05-30,CUST0061,West,Goa,Consumer,Electronics,Tablet,Online,UPI,9,1405.73,0.1,12651.57,1265.16,11386.41,7007.01,4379.4,0.3846,69.53,5,2.1
ORD01711,2022-02-06,CUST0129,North,Haryana,Corporate,Home Appliances,Coffee Maker,Online,Debit Card,4,53.37,0.1,213.48,21.35,192.13,142.69,49.44,0.2573,145.5,3,4.0
ORD01712,2024-09-15,CUST0089,South,Telangana,Corporate,Home Appliances,Microwave,Store,Debit Card,7,876.74,0.2,6137.18,1227.44,4909.74,3492.83,1416.92,0.2886,97.85,4,5.0
ORD01713,2022-10-05,CUST0994,East,Bihar,Consumer,Clothing,T-Shirt,Partner,UPI,1,902.13,0.05,902.13,45.11,857.02,685.24,171.78,0.2004,120.73,10,4.2
ORD01714,2025-05-04,CUST0078,South,Telangana,Consumer,Electronics,Monitor,Online,UPI,8,1185.01,0.15,9480.08,1422.01,8058.07,5542.52,2515.55,0.3122,83.0,6,3.4
ORD01715,2024-07-04,CUST0740,Central,Chhattisgarh,Consumer,Office Supplies,File Folder,Online,UPI,7,1428.35,0.15,9998.45,1499.77,8498.68,5315.95,3182.73,0.3745,113.5,5,4.4
ORD01716,2023-04-29,CUST0070,North,Punjab,Consumer,Clothing,T-Shirt,Online,Cash,7,543.4,0.0,3803.8,0.0,3803.8,2487.33,1316.47,0.3461,250.08,4,4.0
ORD01717,2025-06-19,CUST0685,West,Gujarat,Small Business,Home Appliances,Coffee Maker,Store,Cash,2,665.18,0.0,1330.36,0.0,1330.36,810.3,520.06,0.3909,232.16,3,4.0
ORD01718,2025-09-09,CUST0393,East,West Bengal,Corporate,Furniture,Office Chair,Online,Debit Card,10,1011.88,0.1,10118.8,1011.88,9106.92,5549.69,3557.23,0.3906,157.35,6,3.5
ORD01719,2024-01-01,CUST0624,West,Goa,Consumer,Electronics,Smartphone,Store,Net Banking,9,1451.4,0.15,13062.6,1959.39,11103.21,7517.03,3586.18,0.323,239.1,7,4.9
ORD01720,2022-07-11,CUST0385,South,Telangana,Consumer,Office Supplies,Pens,Online,UPI,8,1337.83,0.1,10702.64,1070.26,9632.38,7619.15,2013.23,0.209,293.16,2,4.9
ORD01721,2024-11-06,CUST0457,East,Odisha,Consumer,Furniture,Office Chair,Online,UPI,1,1005.57,0.15,1005.57,150.84,854.73,514.38,340.35,0.3982,133.72,6,3.9
ORD01722,2023-06-08,CUST0152,Central,Chhattisgarh,Corporate,Electronics,Headphones,Online,Credit Card,1,1287.23,0.1,1287.23,128.72,1158.51,727.22,431.28,0.3723,294.4,3,3.7
ORD01723,2024-07-06,CUST0572,East,Odisha,Consumer,Clothing,T-Shirt,Store,UPI,5,141.53,0.15,707.65,106.15,601.5,469.36,132.15,0.2197,88.85,10,4.5
ORD01724,2023-02-05,CUST0231,South,Andhra Pradesh,Small Business,Clothing,Jeans,Online,Cash,2,575.03,0.0,1150.06,0.0,1150.06,737.88,412.18,0.3584,287.27,8,3.3
ORD01725,2024-06-04,CUST0466,East,Odisha,Corporate,Electronics,Headphones,Partner,Net Banking,1,34.44,0.0,34.44,0.0,34.44,27.89,6.55,0.1901,262.04,2,3.5
ORD01726,2023-12-06,CUST0432,West,Maharashtra,Consumer,Office Supplies,Stapler,Store,Net Banking,10,278.55,0.15,2785.5,417.82,2367.68,1474.13,893.54,0.3774,75.76,5,4.4
ORD01727,2022-01-22,CUST0935,South,Andhra Pradesh,Small Business,Electronics,Laptop,Online,Credit Card,8,951.28,0.15,7610.24,1141.54,6468.7,4330.01,2138.69,0.3306,117.96,8,4.0
ORD01728,2023-04-19,CUST0274,Central,Madhya Pradesh,Corporate,Furniture,Desk,Online,Debit Card,4,1330.06,0.1,5320.24,532.02,4788.22,2757.13,2031.09,0.4242,218.22,9,4.8
ORD01729,2025-02-17,CUST0105,South,Telangana,Corporate,Furniture,Sofa,Partner,Credit Card,2,954.68,0.1,1909.36,190.94,1718.42,1405.48,312.95,0.1821,73.65,7,3.5
ORD01730,2022-07-29,CUST0348,East,Odisha,Small Business,Clothing,Jacket,Online,Debit Card,5,1001.25,0.1,5006.25,500.62,4505.62,3560.97,944.66,0.2097,185.4,9,3.4
ORD01731,2022-11-02,CUST0308,West,Gujarat,Consumer,Electronics,Monitor,Online,UPI,6,169.18,0.0,1015.08,0.0,1015.08,782.36,232.72,0.2293,169.75,9,4.4
ORD01732,2025-07-17,CUST0258,West,Rajasthan,Consumer,Clothing,Backpack,Partner,Debit Card,8,1002.32,0.15,8018.56,1202.78,6815.78,4038.23,2777.55,0.4075,101.72,8,3.1
ORD01733,2023-12-05,CUST0357,Central,Chhattisgarh,Small Business,Office Supplies,File Folder,Store,UPI,7,689.7,0.1,4827.9,482.79,4345.11,3527.04,818.07,0.1883,104.15,7,4.4
ORD01734,2023-11-18,CUST0233,Central,Madhya Pradesh,Corporate,Furniture,Desk,Online,Debit Card,7,982.39,0.1,6876.73,687.67,6189.06,4956.64,1232.42,0.1991,164.57,6,4.0
ORD01735,2022-10-12,CUST0164,South,Karnataka,Small Business,Home Appliances,Air Cooler,Online,Debit Card,1,499.37,0.1,499.37,49.94,449.43,300.06,149.38,0.3324,103.96,3,3.4
ORD01736,2023-12-17,CUST0304,North,Delhi,Consumer,Home Appliances,Vacuum Cleaner,Store,Credit Card,3,878.51,0.15,2635.53,395.33,2240.2,1644.4,595.8,0.266,70.47,8,3.3
ORD01737,2024-02-02,CUST0885,North,Punjab,Corporate,Electronics,Monitor,Online,Net Banking,3,644.74,0.05,1934.22,96.71,1837.51,1503.02,334.49,0.182,236.54,3,3.7
ORD01738,2025-06-04,CUST0856,West,Maharashtra,Consumer,Electronics,Smartphone,Online,Credit Card,7,844.58,0.05,5912.06,295.6,5616.46,3710.41,1906.05,0.3394,182.89,9,3.1
ORD01739,2024-08-05,CUST0803,Central,Madhya Pradesh,Consumer,Home Appliances,Air Cooler,Online,Credit Card,2,233.43,0.05,466.86,23.34,443.52,257.47,186.05,0.4195,142.54,9,5.0
ORD01740,2023-01-16,CUST0710,South,Karnataka,Consumer,Electronics,Smartphone,Online,Net Banking,10,602.8,0.15,6028.0,904.2,5123.8,4018.6,1105.2,0.2157,70.75,10,4.0
ORD01741,2023-04-05,CUST0849,North,Haryana,Consumer,Furniture,Office Chair,Partner,Cash,7,570.8,0.1,3995.6,399.56,3596.04,2440.46,1155.58,0.3213,186.42,10,4.1
ORD01742,2024-10-27,CUST0606,North,Delhi,Consumer,Office Supplies,Pens,Store,UPI,9,1108.55,0.0,9976.95,0.0,9976.95,8146.0,1830.95,0.1835,196.01,9,3.2
ORD01743,2022-01-29,CUST0627,West,Goa,Corporate,Office Supplies,Printer Paper,Store,Credit Card,1,1064.02,0.25,1064.02,266.0,798.02,557.61,240.41,0.3013,154.33,4,3.5
ORD01744,2024-06-25,CUST0072,South,Karnataka,Consumer,Clothing,Jeans,Partner,Credit Card,2,1364.66,0.1,2729.32,272.93,2456.39,1370.56,1085.82,0.442,124.37,9,4.5
ORD01745,2024-11-22,CUST0938,South,Telangana,Consumer,Furniture,Office Chair,Online,,6,953.6,0.0,5721.6,0.0,5721.6,3906.52,1815.08,0.3172,262.83,2,3.3
ORD01746,2024-05-28,CUST0970,East,Odisha,Consumer,Electronics,Tablet,Online,Net Banking,2,482.1,,964.2,144.63,819.57,609.66,209.91,0.2561,217.35,1,3.7
ORD01747,2022-03-20,CUST0848,West,Goa,Consumer,Electronics,Monitor,Store,UPI,2,1178.09,0.15,2356.18,353.43,2002.75,1115.59,887.16,0.443,119.73,8,4.2
ORD01748,2024-08-04,CUST0806,West,Rajasthan,Small Business,Clothing,Jeans,Online,Credit Card,5,753.04,0.1,3765.2,376.52,3388.68,2242.06,1146.62,0.3384,186.07,6,3.7
ORD01749,2023-04-04,CUST0154,West,Rajasthan,Consumer,Clothing,Jacket,Online,Credit Card,7,302.34,0.1,2116.38,211.64,1904.74,1127.61,777.13,0.408,85.44,10,3.6
ORD01750,2023-07-24,CUST0287,North,Delhi,Consumer,Electronics,Tablet,Online,Credit Card,4,1124.91,0.0,4499.64,0.0,4499.64,3256.1,1243.54,0.2764,23.21,9,3.2
ORD01751,2025-12-24,CUST0254,East,Bihar,Small Business,Electronics,Smartphone,Online,UPI,6,211.81,0.05,1270.86,63.54,1207.32,976.1,231.22,0.1915,263.28,9,4.5
ORD01752,2024-01-08,CUST0692,West,Maharashtra,Corporate,Furniture,Office Chair,Online,Credit Card,3,279.56,0.0,838.68,0.0,838.68,602.71,235.97,0.2814,249.29,3,4.8
ORD01753,2025-08-01,CUST0444,Central,Chhattisgarh,Corporate,Clothing,Jacket,Online,Cash,4,1141.75,0.05,4567.0,228.35,4338.65,3200.26,1138.39,0.2624,199.03,2,5.0
ORD01754,2023-05-31,CUST0008,South,Telangana,Corporate,Furniture,Office Chair,Online,Credit Card,4,1158.66,0.1,4634.64,463.46,4171.18,2740.76,1430.41,0.3429,247.17,7,3.8
ORD01755,2025-01-27,CUST0189,North,Delhi,Small Business,Electronics,Tablet,Online,UPI,4,1189.31,0.1,4757.24,475.72,4281.52,3005.83,1275.69,0.298,238.63,5,4.2
ORD01756,2023-02-01,CUST0035,North,Uttar Pradesh,Consumer,Home Appliances,Coffee Maker,Online,Credit Card,1,450.59,0.1,450.59,45.06,405.53,282.59,122.94,0.3032,260.87,10,4.6
ORD01757,2022-02-08,CUST0802,South,Karnataka,Small Business,Home Appliances,Vacuum Cleaner,Online,UPI,4,1301.88,0.1,5207.52,520.75,4686.77,3538.95,1147.82,0.2449,269.72,6,4.1
ORD01758,2025-07-18,CUST0138,West,Maharashtra,Small Business,Electronics,Tablet,Partner,Credit Card,4,1088.16,0.05,4352.64,217.63,4135.01,3230.96,904.05,0.2186,249.26,5,4.6
ORD01759,2024-06-05,CUST0680,North,Uttar Pradesh,Corporate,Clothing,Shoes,Partner,Net Banking,6,1253.44,0.0,7520.64,0.0,7520.64,5482.39,2038.25,0.271,258.49,4,4.3
ORD01760,2024-03-07,CUST0108,East,Odisha,Corporate,Home Appliances,Vacuum Cleaner,Store,UPI,9,1067.28,0.05,9605.52,480.28,9125.24,7432.95,1692.29,0.1855,160.47,1,4.4
ORD01761,2022-06-06,CUST0308,South,Telangana,Corporate,Clothing,Shoes,Partner,Credit Card,10,875.7,0.05,8757.0,437.85,8319.15,6436.01,1883.14,0.2264,218.24,4,3.5
ORD01762,2025-01-03,CUST0140,North,Delhi,Consumer,Home Appliances,Coffee Maker,Partner,Net Banking,6,177.45,0.15,1064.7,159.7,904.99,528.2,376.79,0.4163,113.31,10,2.9
ORD01763,2024-06-02,CUST0361,East,West Bengal,Consumer,Clothing,Jacket,Online,UPI,6,1070.74,0.15,6424.44,963.67,5460.77,3751.65,1709.12,0.313,261.12,3,4.4
ORD01764,2025-02-27,CUST0155,South,Andhra Pradesh,Small Business,Home Appliances,Air Cooler,Online,Cash,7,1040.33,0.15,7282.31,1092.35,6189.96,4914.05,1275.91,0.2061,260.41,3,4.0
ORD01765,2024-08-31,CUST0659,South,Tamil Nadu,Consumer,Clothing,Backpack,Partner,Cash,7,479.05,0.1,3353.35,335.34,3018.02,2429.09,588.93,0.1951,38.52,5,4.0
ORD01766,2025-01-12,CUST0313,West,Gujarat,Consumer,Furniture,Desk,Store,Cash,1,1107.69,0.05,1107.69,55.38,1052.31,686.79,365.51,0.3473,117.17,1,2.9
ORD01767,2024-11-11,CUST0218,East,West Bengal,Corporate,Clothing,Jeans,Online,Credit Card,8,832.43,0.15,6659.44,998.92,5660.52,4222.41,1438.11,0.2541,68.0,6,4.8
ORD01768,2024-04-28,CUST0566,North,Uttar Pradesh,Consumer,Furniture,Office Chair,Store,Credit Card,1,845.72,0.1,845.72,84.57,761.15,503.0,258.15,0.3392,58.02,2,3.8
ORD01769,2025-11-06,CUST0527,Central,Madhya Pradesh,Consumer,Furniture,Desk,Online,Cash,9,560.89,0.0,5048.01,0.0,5048.01,2944.95,2103.06,0.4166,136.17,1,2.7
ORD01770,2024-01-18,CUST0223,West,Rajasthan,Corporate,Electronics,Headphones,Online,UPI,4,188.43,0.2,753.72,150.74,602.98,475.65,127.32,0.2112,195.19,8,5.0
ORD01771,2024-09-15,CUST0366,West,Maharashtra,Corporate,Furniture,Desk,Online,Credit Card,9,337.14,0.0,3034.26,0.0,3034.26,2432.35,601.91,0.1984,116.24,10,3.9
ORD01772,2022-01-21,CUST0933,North,Uttar Pradesh,Consumer,Office Supplies,Pens,Online,Net Banking,8,1156.72,0.1,9253.76,925.38,8328.38,5715.63,2612.76,0.3137,106.58,3,4.3
ORD01773,2022-10-30,CUST0701,North,Haryana,Small Business,Furniture,Bookshelf,Online,Debit Card,9,418.09,0.1,3762.81,376.28,3386.53,1879.33,1507.2,0.4451,46.45,6,5.0
ORD01774,2024-05-18,CUST0402,North,Punjab,Consumer,Clothing,Jacket,Partner,UPI,6,18.35,0.15,110.1,16.52,93.58,72.09,21.49,0.2297,127.22,2,3.7
ORD01775,2022-03-25,CUST0733,North,Delhi,Consumer,Furniture,Desk,Online,Net Banking,9,1495.57,0.2,13460.13,2692.03,10768.1,7309.17,3458.94,0.3212,151.87,5,4.0
ORD01776,2025-11-11,CUST0812,South,Tamil Nadu,Consumer,Clothing,Jeans,Online,Net Banking,4,327.86,0.2,1311.44,262.29,1049.15,598.29,450.87,0.4297,131.64,9,3.6
ORD01777,2025-07-04,CUST0347,Central,Madhya Pradesh,Corporate,Clothing,T-Shirt,Online,Debit Card,3,988.24,0.1,2964.72,296.47,2668.25,1603.98,1064.27,0.3989,210.42,7,4.7
ORD01778,2023-07-24,CUST0870,East,Jharkhand,Consumer,Office Supplies,File Folder,Store,Debit Card,3,1391.48,0.15,4174.44,626.17,3548.27,2097.29,1450.99,0.4089,100.68,4,3.2
ORD01779,2024-07-22,CUST0384,South,Andhra Pradesh,Consumer,Furniture,Office Chair,Partner,Debit Card,8,905.57,0.0,7244.56,0.0,7244.56,5326.89,1917.67,0.2647,220.49,3,4.8
ORD01780,2025-03-31,CUST0852,East,Bihar,Small Business,Furniture,Sofa,Online,UPI,2,1201.56,0.1,2403.12,240.31,2162.81,1364.39,798.42,0.3692,267.18,9,4.6
ORD01781,2025-04-01,CUST0661,North,Delhi,Consumer,Home Appliances,Vacuum Cleaner,Online,Credit Card,6,1464.91,0.2,8789.46,1757.89,7031.57,4109.79,2921.78,0.4155,185.55,4,3.5
ORD01782,2024-10-05,CUST0797,West,Rajasthan,Corporate,Home Appliances,Blender,Online,UPI,9,1292.64,0.1,11633.76,1163.38,10470.38,8352.91,2117.48,0.2022,128.83,5,3.9
ORD01783,2024-03-03,CUST0107,East,Odisha,Corporate,Electronics,Tablet,Store,UPI,9,843.49,0.0,7591.41,0.0,7591.41,6135.86,1455.55,0.1917,70.31,6,5.0
ORD01784,2024-03-02,CUST0783,West,Goa,Small Business,Clothing,Backpack,Online,UPI,8,555.1,0.05,4440.8,222.04,4218.76,2478.16,1740.6,0.4126,281.08,10,2.8
ORD01785,2025-07-18,CUST0342,Central,Chhattisgarh,Corporate,Office Supplies,Printer Paper,Online,Net Banking,8,731.46,0.1,5851.68,585.17,5266.51,3223.97,2042.54,0.3878,230.52,5,4.0
ORD01786,2023-05-07,CUST0343,South,Andhra Pradesh,Consumer,Home Appliances,Microwave,Online,UPI,1,1265.11,0.05,1265.11,63.26,1201.85,853.16,348.69,0.2901,89.0,9,3.7
ORD01787,2022-07-27,CUST0324,East,West Bengal,Consumer,Furniture,Cabinet,Online,Credit Card,7,1282.23,0.05,8975.61,448.78,8526.83,5036.26,3490.57,0.4094,62.18,1,3.7
ORD01788,2024-12-19,CUST0763,Central,Chhattisgarh,Small Business,Electronics,Laptop,Partner,UPI,1,1271.09,0.05,1271.09,63.55,1207.54,715.85,491.68,0.4072,33.81,6,2.5
ORD01789,2023-03-06,CUST0856,West,Maharashtra,Small Business,Office Supplies,Printer Paper,Online,Net Banking,9,901.88,0.05,8116.92,405.85,7711.07,4941.84,2769.24,0.3591,73.35,4,4.0
ORD01790,2024-09-11,CUST0576,East,Bihar,Consumer,Furniture,Office Chair,Online,Debit Card,3,723.28,0.0,2169.84,0.0,2169.84,1749.49,420.35,0.1937,225.07,4,
ORD01791,2025-08-25,CUST0782,Central,Madhya Pradesh,Corporate,Furniture,Bookshelf,Store,UPI,1,477.34,0.2,477.34,95.47,381.87,309.26,72.61,0.1901,196.27,3,4.2
ORD01792,2023-06-04,CUST0677,North,Punjab,Consumer,Clothing,Jeans,Store,Credit Card,8,19.99,0.15,159.92,23.99,135.93,105.66,30.27,0.2227,290.88,5,4.2
ORD01793,2023-08-14,CUST0503,Central,Chhattisgarh,Small Business,Clothing,Jeans,Online,Debit Card,7,1150.26,0.1,8051.82,805.18,7246.64,5346.88,1899.76,0.2622,110.15,8,4.9
ORD01794,2024-11-16,CUST0566,North,Uttar Pradesh,Small Business,Home Appliances,Coffee Maker,Partner,Cash,2,426.34,0.1,852.68,85.27,767.41,571.4,196.01,0.2554,240.25,4,4.8
ORD01795,2022-07-18,CUST0315,East,Odisha,Small Business,Home Appliances,Coffee Maker,Store,Cash,7,504.57,0.05,3531.99,176.6,3355.39,2270.88,1084.51,0.3232,53.73,7,4.0
ORD01796,2023-01-22,CUST0640,Central,Madhya Pradesh,Small Business,Furniture,Cabinet,Online,UPI,5,1267.57,0.15,6337.85,950.68,5387.17,3734.07,1653.1,0.3069,177.52,8,4.6
ORD01797,2022-12-15,CUST0187,South,Karnataka,Small Business,Furniture,Bookshelf,Online,UPI,7,92.59,0.2,648.13,129.63,518.5,374.0,144.51,0.2787,150.7,5,4.7
ORD01798,2024-08-17,CUST0725,East,Jharkhand,Consumer,Home Appliances,Vacuum Cleaner,Online,Net Banking,10,1392.52,0.0,13925.2,0.0,13925.2,10408.35,3516.85,0.2526,254.7,10,4.1
ORD01799,2023-11-24,CUST0823,South,Karnataka,Small Business,Home Appliances,Air Cooler,Online,Cash,7,17.02,0.0,119.14,0.0,119.14,68.64,50.5,0.4239,216.45,1,3.8
ORD01800,2023-01-13,CUST0427,Central,Chhattisgarh,Corporate,Furniture,Desk,Online,UPI,2,1409.67,0.15,2819.34,422.9,2396.44,1463.55,932.89,0.3893,74.41,8,4.9
ORD01801,2024-06-17,CUST0692,West,Rajasthan,Small Business,Office Supplies,File Folder,Store,UPI,2,690.32,0.05,1380.64,69.03,1311.61,1062.4,249.21,0.19,295.49,10,4.1
ORD01802,2024-07-04,CUST0807,West,Maharashtra,Corporate,Furniture,Desk,Store,Debit Card,7,166.65,0.2,1166.55,233.31,933.24,597.73,335.51,0.3595,250.48,3,2.8
ORD01803,2023-06-11,CUST0845,East,Odisha,Consumer,Office Supplies,Notebook,Online,,3,1016.13,0.15,3048.39,457.26,2591.13,1612.95,978.18,0.3775,119.3,4,4.2
ORD01804,2025-03-22,CUST0659,West,Maharashtra,Corporate,Office Supplies,Pens,Online,Debit Card,4,1345.35,0.05,5381.4,269.07,5112.33,3394.16,1718.17,0.3361,251.29,10,3.5
ORD01805,2024-01-04,CUST0184,South,Karnataka,Corporate,Furniture,Sofa,Online,Net Banking,7,665.54,0.1,4658.78,465.88,4192.9,2635.44,1557.46,0.3715,287.93,7,5.0
ORD01806,2022-07-25,CUST0474,South,Tamil Nadu,Consumer,Electronics,Laptop,Store,Net Banking,2,1041.67,0.15,2083.34,312.5,1770.84,1017.56,753.28,0.4254,269.28,9,3.5
ORD01807,2023-03-31,CUST0676,West,Maharashtra,Consumer,Home Appliances,Blender,Store,Net Banking,2,1469.35,0.0,2938.7,0.0,2938.7,1781.29,1157.41,0.3939,175.74,4,3.8
ORD01808,2025-07-20,CUST0180,South,Telangana,Corporate,Clothing,Jacket,Online,Credit Card,9,372.44,0.2,3351.96,670.39,2681.57,1938.35,743.21,0.2772,181.6,4,4.6
ORD01809,2025-06-13,CUST0300,North,Punjab,Consumer,Furniture,Cabinet,Store,UPI,1,1233.37,0.0,1233.37,0.0,1233.37,752.68,480.69,0.3897,49.85,6,5.0
ORD01810,2023-06-05,CUST0814,North,Delhi,Consumer,Office Supplies,Notebook,Online,Credit Card,3,453.43,0.25,1360.29,340.07,1020.22,739.53,280.69,0.2751,66.12,9,3.9
ORD01811,2024-10-13,CUST0097,North,Uttar Pradesh,Consumer,Furniture,Bookshelf,Store,Credit Card,10,648.11,0.0,6481.1,0.0,6481.1,3739.74,2741.36,0.423,295.13,4,3.4
ORD01812,2024-08-13,CUST0680,Central,Madhya Pradesh,Small Business,Home Appliances,Blender,Online,Cash,4,433.42,0.15,1733.68,260.05,1473.63,827.16,646.47,0.4387,235.54,10,3.4
ORD01813,2023-12-27,CUST0336,East,Bihar,Corporate,Office Supplies,Printer Paper,Online,UPI,5,677.33,0.0,3386.65,0.0,3386.65,2650.47,736.18,0.2174,27.14,8,3.0
ORD01814,2024-10-10,CUST0181,West,Rajasthan,Consumer,Clothing,T-Shirt,Online,Net Banking,3,22.56,0.1,67.68,6.77,60.91,46.0,14.91,0.2448,173.31,3,4.1
ORD01815,2023-05-16,CUST0441,South,Tamil Nadu,Corporate,Clothing,T-Shirt,Partner,Credit Card,9,465.61,0.1,4190.49,419.05,3771.44,2752.5,1018.94,0.2702,116.68,2,4.2
ORD01816,2022-04-27,CUST0403,South,Karnataka,Corporate,Clothing,T-Shirt,Store,Debit Card,5,676.26,0.0,3381.3,0.0,3381.3,1887.92,1493.38,0.4417,107.22,4,3.2
ORD01817,2023-01-21,CUST0997,South,Andhra Pradesh,Consumer,Electronics,Headphones,Partner,UPI,7,953.88,0.1,6677.16,667.72,6009.44,3693.56,2315.89,0.3854,175.85,4,3.8
ORD01818,2025-09-29,CUST0462,West,Maharashtra,Consumer,Office Supplies,File Folder,Online,Credit Card,7,961.48,0.05,6730.36,336.52,6393.84,4918.94,1474.9,0.2307,109.64,7,3.8
ORD01819,2023-08-07,CUST0812,West,Maharashtra,Corporate,Office Supplies,Pens,Online,Debit Card,9,881.92,0.1,7937.28,793.73,7143.55,4207.98,2935.57,0.4109,90.44,7,3.6
ORD01820,2023-01-30,CUST0236,Central,Chhattisgarh,Consumer,Electronics,Smartphone,Online,Credit Card,2,450.15,0.1,900.3,90.03,810.27,623.48,186.79,0.2305,282.59,9,4.4
ORD01821,2024-12-23,CUST0606,West,Goa,Corporate,Office Supplies,Printer Paper,Store,UPI,3,1421.9,0.15,4265.7,639.86,3625.85,2566.17,1059.68,0.2923,31.16,10,3.7
ORD01822,2023-12-22,CUST0223,East,Bihar,Consumer,Electronics,Tablet,Store,Cash,4,597.08,0.0,2388.32,0.0,2388.32,1791.0,597.32,0.2501,142.13,2,4.9
ORD01823,2022-03-13,CUST0916,West,Gujarat,Consumer,Furniture,Office Chair,Store,Net Banking,8,337.09,0.0,2696.72,0.0,2696.72,1952.47,744.25,0.276,163.13,4,3.0
ORD01824,2022-10-01,CUST0812,Central,Chhattisgarh,Small Business,Home Appliances,Microwave,Store,Cash,1,838.45,0.1,838.45,83.85,754.6,499.99,254.61,0.3374,143.19,3,3.9
ORD01825,2025-09-05,CUST0939,West,Rajasthan,Consumer,Clothing,Jeans,Store,Net Banking,9,1127.16,0.2,10144.44,2028.89,8115.55,5103.33,3012.22,0.3712,204.03,3,2.8
ORD01826,2022-12-04,CUST0623,North,Uttar Pradesh,Corporate,Electronics,Tablet,Partner,Net Banking,5,33.17,0.2,165.85,33.17,132.68,97.07,35.61,0.2684,27.19,7,4.3
ORD01827,2025-10-21,CUST0263,East,Bihar,Consumer,Electronics,Smartphone,Online,UPI,4,425.37,0.1,1701.48,170.15,1531.33,1175.86,355.47,0.2321,267.8,10,3.8
ORD01828,2023-08-30,CUST0810,West,Goa,Consumer,Electronics,Laptop,Store,UPI,8,1240.09,0.2,9920.72,1984.14,7936.58,4460.97,3475.6,0.4379,160.06,6,3.9
ORD01829,2022-06-15,CUST0062,West,Maharashtra,Consumer,Furniture,Bookshelf,Partner,Debit Card,9,767.93,0.15,6911.37,1036.71,5874.66,3833.66,2041.0,0.3474,175.03,3,3.7
ORD01830,2022-01-11,CUST0229,South,Karnataka,Consumer,Electronics,Laptop,Online,Net Banking,3,621.61,0.05,1864.83,93.24,1771.59,1142.14,629.45,0.3553,149.58,8,4.7
ORD01831,2025-08-17,CUST0239,Central,Madhya Pradesh,Consumer,Home Appliances,Vacuum Cleaner,Store,Credit Card,4,1397.39,0.0,5589.56,0.0,5589.56,3918.6,1670.96,0.2989,144.46,8,4.6
ORD01832,2023-12-30,CUST0770,Central,Madhya Pradesh,Consumer,Home Appliances,Air Cooler,Online,Credit Card,1,147.96,0.05,147.96,7.4,140.56,81.63,58.93,0.4192,72.28,7,4.2
ORD01833,2024-03-11,CUST0726,South,Tamil Nadu,Corporate,Clothing,Backpack,Online,Cash,3,929.12,0.05,2787.36,139.37,2647.99,2123.75,524.24,0.198,161.23,9,3.7
ORD01834,2022-04-12,CUST0589,Central,Chhattisgarh,Corporate,Furniture,Sofa,Store,Credit Card,10,523.15,0.1,5231.5,523.15,4708.35,3286.89,1421.46,0.3019,137.98,3,4.1
ORD01835,2025-12-19,CUST0558,North,Delhi,Consumer,Home Appliances,Microwave,Online,Cash,5,120.17,0.1,600.85,60.09,540.76,432.29,108.47,0.2006,151.07,5,4.2
ORD01836,2025-11-16,CUST0756,North,Delhi,Small Business,Office Supplies,File Folder,Online,UPI,8,332.41,0.1,2659.28,265.93,2393.35,1844.25,549.1,0.2294,23.87,6,3.9
ORD01837,2024-02-18,CUST0550,North,Haryana,Consumer,Office Supplies,Notebook,Partner,Debit Card,1,947.48,0.0,947.48,0.0,947.48,570.14,377.34,0.3983,56.65,9,5.0
ORD01838,2022-08-02,CUST0607,North,Punjab,Consumer,Office Supplies,File Folder,Online,UPI,1,56.99,0.15,56.99,8.55,48.44,28.37,20.07,0.4143,233.69,4,3.6
ORD01839,2025-01-16,CUST0385,West,Goa,Corporate,Electronics,Tablet,Online,Net Banking,3,894.49,0.1,2683.47,268.35,2415.12,1889.92,525.2,0.2175,137.35,5,4.0
ORD01840,2023-02-05,CUST0943,North,Punjab,Consumer,Electronics,Laptop,Store,Credit Card,9,1435.92,0.1,12923.28,1292.33,11630.95,8080.57,3550.38,0.3053,228.01,9,3.7
ORD01841,2023-08-11,CUST0363,South,Telangana,Consumer,Office Supplies,Notebook,Online,Net Banking,9,1195.72,0.25,10761.48,2690.37,8071.11,4482.13,3588.98,0.4447,67.91,4,5.0
ORD01842,2024-06-07,CUST0141,North,Punjab,Consumer,Clothing,Backpack,Online,Net Banking,1,528.21,0.05,528.21,26.41,501.8,402.56,99.24,0.1978,215.5,2,3.6
ORD01843,2024-12-05,CUST0572,South,Karnataka,Small Business,Clothing,Backpack,Online,Credit Card,4,220.24,0.05,880.96,44.05,836.91,567.19,269.72,0.3223,100.95,9,4.6
ORD01844,2023-08-15,CUST0977,North,Punjab,Corporate,Electronics,Laptop,Online,Credit Card,8,705.62,0.15,5644.96,846.74,4798.22,3028.89,1769.33,0.3687,217.43,3,3.5
ORD01845,2025-08-26,CUST0960,West,Gujarat,Consumer,Office Supplies,Notebook,Online,Credit Card,2,598.53,0.2,1197.06,239.41,957.65,660.28,297.37,0.3105,44.3,6,4.1
ORD01846,2025-01-14,CUST0452,North,Punjab,Consumer,Clothing,Jeans,Partner,Credit Card,4,1458.02,0.0,5832.08,0.0,5832.08,4503.46,1328.62,0.2278,113.42,9,5.0
ORD01847,2022-04-02,CUST0055,Central,Madhya Pradesh,Small Business,Electronics,Smartphone,Online,Credit Card,7,1484.95,0.15,10394.65,1559.2,8835.45,5122.61,3712.84,0.4202,53.42,3,3.1
ORD01848,2023-11-04,CUST0107,West,Maharashtra,Corporate,Office Supplies,Printer Paper,Online,UPI,7,624.72,0.2,4373.04,874.61,3498.43,2263.18,1235.25,0.3531,196.3,8,3.4
ORD01849,2023-12-15,CUST0287,North,Uttar Pradesh,Consumer,Furniture,Sofa,Partner,Debit Card,5,235.94,0.1,1179.7,117.97,1061.73,675.36,386.37,0.3639,129.93,9,5.0
ORD01850,2024-07-24,CUST0353,Central,Madhya Pradesh,Consumer,Office Supplies,File Folder,Store,Net Banking,7,1367.26,0.05,9570.82,478.54,9092.28,7062.02,2030.26,0.2233,40.8,3,4.7
ORD01851,2022-08-30,CUST0910,North,Punjab,Consumer,Office Supplies,Pens,Online,Debit Card,6,1193.41,0.15,7160.46,1074.07,6086.39,4626.79,1459.6,0.2398,167.38,3,
ORD01852,2022-01-02,CUST0213,South,Tamil Nadu,Consumer,Home Appliances,Air Cooler,Online,UPI,2,774.24,0.05,1548.48,77.42,1471.06,968.0,503.06,0.342,26.97,4,3.7
ORD01853,2022-08-13,CUST0598,North,Punjab,Small Business,Home Appliances,Coffee Maker,Store,UPI,9,557.55,0.05,5017.95,250.9,4767.05,3477.14,1289.91,0.2706,249.17,1,3.8
ORD01854,2024-03-11,CUST0901,South,Andhra Pradesh,Consumer,Furniture,Bookshelf,Store,Net Banking,5,680.53,0.2,3402.65,680.53,2722.12,1787.07,935.05,0.3435,282.74,2,4.4
ORD01855,2023-08-12,CUST0887,East,West Bengal,Consumer,Furniture,Desk,Store,,2,1354.29,0.1,2708.58,270.86,2437.72,1716.78,720.94,0.2957,246.82,1,4.4
ORD01856,2022-04-26,CUST0694,West,Goa,Small Business,Office Supplies,Pens,Online,Debit Card,6,289.2,0.0,1735.2,0.0,1735.2,1418.75,316.45,0.1824,286.42,3,4.2
ORD01857,2024-07-06,CUST0181,South,Andhra Pradesh,Corporate,Clothing,T-Shirt,Online,Net Banking,10,1213.07,0.05,12130.7,606.54,11524.16,8004.74,3519.42,0.3054,271.19,6,3.2
ORD01858,2025-01-31,CUST0165,West,Gujarat,Corporate,Furniture,Office Chair,Online,Debit Card,5,42.01,0.1,210.05,21.0,189.04,154.43,34.61,0.1831,270.58,8,4.9
ORD01859,2022-07-13,CUST0096,North,Punjab,Consumer,Office Supplies,File Folder,Store,Credit Card,2,1382.05,0.1,2764.1,276.41,2487.69,1870.11,617.58,0.2483,88.72,5,4.5
ORD01860,2025-04-04,CUST0441,West,Maharashtra,Corporate,Electronics,Headphones,Store,Debit Card,10,757.94,0.15,7579.4,1136.91,6442.49,3753.36,2689.13,0.4174,84.73,8,3.7
ORD01861,2024-05-20,CUST0003,South,Tamil Nadu,Corporate,Home Appliances,Blender,Online,Net Banking,10,351.72,0.15,3517.2,527.58,2989.62,2286.79,702.83,0.2351,246.64,6,5.0
ORD01862,2022-03-31,CUST0489,North,Delhi,Consumer,Clothing,Backpack,Online,Credit Card,7,19.24,0.1,134.68,13.47,121.21,71.95,49.27,0.4065,157.59,1,3.8
ORD01863,2022-05-02,CUST0205,North,Uttar Pradesh,Small Business,Office Supplies,Printer Paper,Partner,UPI,10,845.93,0.25,8459.3,2114.82,6344.48,4401.34,1943.13,0.3063,283.85,3,4.5
ORD01864,2022-05-23,CUST0395,North,Haryana,Small Business,Electronics,Laptop,Online,UPI,2,378.06,0.2,756.12,151.22,604.9,432.85,172.05,0.2844,271.23,2,5.0
ORD01865,2024-09-20,CUST0754,East,Odisha,Corporate,Home Appliances,Air Cooler,Online,Cash,7,952.43,0.0,6667.01,0.0,6667.01,5272.95,1394.06,0.2091,270.09,6,4.0
ORD01866,2022-04-16,CUST0298,West,Gujarat,Consumer,Electronics,Headphones,Store,Debit Card,6,432.54,0.05,2595.24,129.76,2465.48,1496.09,969.39,0.3932,111.31,8,3.7
ORD01867,2024-06-05,CUST0695,North,Delhi,Consumer,Office Supplies,Notebook,Online,Debit Card,4,145.72,0.05,582.88,29.14,553.74,435.52,118.22,0.2135,57.21,6,4.5
ORD01868,2023-03-04,CUST0166,West,Maharashtra,Consumer,Furniture,Bookshelf,Online,Debit Card,4,765.0,0.0,3060.0,0.0,3060.0,2455.08,604.92,0.1977,209.82,4,4.1
ORD01869,2025-08-21,CUST0664,West,Rajasthan,Consumer,Home Appliances,Air Cooler,Online,Debit Card,6,853.26,0.05,5119.56,255.98,4863.58,2792.48,2071.1,0.4258,143.36,4,4.8
ORD01870,2022-11-13,CUST0905,Central,Chhattisgarh,Corporate,Electronics,Monitor,Store,UPI,9,687.1,0.1,6183.9,618.39,5565.51,4391.34,1174.17,0.211,281.5,9,4.5
ORD01871,2023-09-27,CUST0909,South,Tamil Nadu,Consumer,Furniture,Desk,Online,UPI,10,695.18,0.0,6951.8,0.0,6951.8,4309.97,2641.83,0.38,259.08,1,4.6
ORD01872,2022-01-09,CUST0342,East,Odisha,Small Business,Clothing,Shoes,Partner,Net Banking,6,890.63,0.0,5343.78,0.0,5343.78,3055.95,2287.83,0.4281,280.07,2,3.5
ORD01873,2024-02-13,CUST0402,Central,Chhattisgarh,Consumer,Office Supplies,Notebook,Online,Net Banking,6,796.63,0.0,4779.78,0.0,4779.78,3865.96,913.82,0.1912,179.0,4,4.6
ORD01874,2025-01-01,CUST0778,West,Maharashtra,Consumer,Office Supplies,Pens,Store,Cash,1,211.86,0.0,211.86,0.0,211.86,138.96,72.9,0.3441,167.34,3,3.3
ORD01875,2025-10-14,CUST0140,South,Andhra Pradesh,Corporate,Home Appliances,Blender,Online,Debit Card,5,307.67,0.1,1538.35,153.84,1384.52,994.37,390.15,0.2818,257.18,9,4.4
ORD01876,2022-08-11,CUST0244,North,Haryana,Consumer,Electronics,Smartphone,Online,Cash,1,225.56,0.05,225.56,11.28,214.28,149.84,64.44,0.3007,163.33,5,4.4
ORD01877,2025-12-10,CUST0990,South,Telangana,Small Business,Clothing,Shoes,Store,Credit Card,9,1044.54,0.2,9400.86,1880.17,7520.69,4569.26,2951.43,0.3924,272.01,8,2.6
ORD01878,2023-07-07,CUST0303,East,Bihar,Small Business,Home Appliances,Air Cooler,Online,UPI,10,799.97,0.0,7999.7,0.0,7999.7,5846.04,2153.66,0.2692,29.64,4,4.7
ORD01879,2025-10-25,CUST0750,West,Goa,Consumer,Home Appliances,Coffee Maker,Store,UPI,4,653.33,0.2,2613.32,522.66,2090.66,1175.89,914.76,0.4375,120.46,4,3.9
ORD01880,2023-12-17,CUST0211,North,Uttar Pradesh,Consumer,Electronics,Tablet,Online,Net Banking,2,1200.53,0.0,2401.06,0.0,2401.06,1452.25,948.81,0.3952,253.75,10,3.7
ORD01881,2025-07-11,CUST0339,East,Jharkhand,Consumer,Clothing,Shoes,Online,UPI,9,498.81,0.1,4489.29,448.93,4040.36,3252.73,787.63,0.1949,78.79,3,3.9
ORD01882,2025-09-03,CUST0629,East,Jharkhand,Corporate,Electronics,Tablet,Online,Net Banking,6,858.64,0.05,5151.84,257.59,4894.25,3951.85,942.4,0.1926,131.71,9,3.2
ORD01883,2025-01-12,CUST0010,East,West Bengal,Consumer,Office Supplies,Notebook,Store,Cash,10,125.5,0.15,1255.0,188.25,1066.75,725.73,341.02,0.3197,22.81,10,5.0
ORD01884,2025-09-03,CUST0897,West,Gujarat,Corporate,Furniture,Office Chair,Online,UPI,3,1120.44,0.0,3361.32,0.0,3361.32,2002.17,1359.15,0.4044,104.48,2,4.5
ORD01885,2022-04-21,CUST0953,West,Goa,Consumer,Office Supplies,File Folder,Partner,Net Banking,2,1047.36,0.25,2094.72,523.68,1571.04,1042.92,528.12,0.3362,109.22,3,5.0
ORD01886,2022-09-08,CUST0500,South,Tamil Nadu,Corporate,Office Supplies,Stapler,Online,Credit Card,6,1206.53,0.0,7239.18,0.0,7239.18,5695.85,1543.33,0.2132,225.11,3,3.9
ORD01887,2023-01-18,CUST0071,Central,Chhattisgarh,Corporate,Home Appliances,Microwave,Online,Credit Card,10,1328.45,0.05,13284.5,664.22,12620.28,7180.61,5439.67,0.431,209.65,3,3.8
ORD01888,2022-01-07,CUST0119,North,Punjab,Consumer,Office Supplies,Printer Paper,Online,Cash,6,1140.67,0.1,6844.02,684.4,6159.62,3600.45,2559.17,0.4155,144.59,4,4.6
ORD01889,2023-04-04,CUST0631,North,Uttar Pradesh,Consumer,Clothing,Shoes,Online,UPI,9,1269.07,0.15,11421.63,1713.24,9708.39,7687.35,2021.03,0.2082,223.98,5,4.7
ORD01890,2025-01-12,CUST0907,South,Karnataka,Consumer,Office Supplies,Pens,Online,UPI,5,528.3,0.25,2641.5,660.38,1981.12,1311.81,669.32,0.3378,139.93,6,4.8
ORD01891,2022-07-27,CUST0437,North,Delhi,Consumer,Clothing,Jacket,Store,Debit Card,9,524.86,0.1,4723.74,472.37,4251.37,2434.05,1817.32,0.4275,141.69,5,4.7
ORD01892,2024-06-18,CUST0127,South,Tamil Nadu,Consumer,Electronics,Headphones,Online,Credit Card,5,1417.29,0.15,7086.45,1062.97,6023.48,3539.32,2484.17,0.4124,200.76,9,5.0
ORD01893,2025-11-14,CUST0260,North,Punjab,Consumer,Home Appliances,Coffee Maker,Online,Debit Card,2,1373.14,0.15,2746.28,411.94,2334.34,1840.07,494.27,0.2117,222.41,7,4.5
ORD01894,2025-08-30,CUST0228,West,Goa,Small Business,Clothing,T-Shirt,Partner,UPI,1,829.52,0.1,829.52,82.95,746.57,509.4,237.16,0.3177,257.13,7,4.3
ORD01895,2022-01-22,CUST0445,North,Haryana,Small Business,Office Supplies,Notebook,Online,Credit Card,9,559.34,0.15,5034.06,755.11,4278.95,2541.73,1737.22,0.406,230.39,7,5.0
ORD01896,2023-02-14,CUST0981,West,Maharashtra,Small Business,Home Appliances,Air Cooler,Online,Credit Card,10,1301.01,0.0,13010.1,0.0,13010.1,10296.14,2713.96,0.2086,207.69,7,3.3
ORD01897,2024-06-13,CUST0598,North,Haryana,Consumer,Home Appliances,Blender,Online,UPI,7,495.27,0.1,3466.89,346.69,3120.2,2428.22,691.98,0.2218,177.21,2,4.5
ORD01898,2023-05-30,CUST0778,Central,Madhya Pradesh,Corporate,Clothing,Backpack,Online,UPI,3,243.15,0.15,729.45,109.42,620.03,344.87,275.16,0.4438,106.27,8,3.5
ORD01899,2025-02-24,CUST0215,West,Goa,Consumer,Clothing,Jeans,Online,Credit Card,6,964.65,0.1,5787.9,578.79,5209.11,3682.15,1526.96,0.2931,93.1,10,4.2
ORD01900,2024-03-19,CUST0389,North,Punjab,Consumer,Furniture,Sofa,Online,UPI,10,78.29,0.2,782.9,156.58,626.32,385.79,240.53,0.384,256.11,1,4.3
ORD01901,2024-05-23,CUST0957,West,Maharashtra,Consumer,Furniture,Sofa,Online,Cash,4,577.97,0.15,2311.88,346.78,1965.1,1363.67,601.42,0.3061,220.86,6,3.3
ORD01902,2022-01-14,CUST0240,East,Bihar,Consumer,Home Appliances,Blender,Store,UPI,9,1214.38,0.2,10929.42,2185.88,8743.54,5468.23,3275.31,0.3746,206.32,3,4.0
ORD01903,2024-08-28,CUST0380,West,Goa,Consumer,Furniture,Bookshelf,Store,Net Banking,2,453.4,0.0,906.8,0.0,906.8,576.08,330.72,0.3647,92.47,6,4.1
ORD01904,2024-09-04,CUST0332,East,Jharkhand,Consumer,Office Supplies,Stapler,Store,Cash,4,1398.0,0.05,5592.0,279.6,5312.4,3785.09,1527.31,0.2875,291.54,6,4.1
ORD01905,2024-10-10,CUST0761,West,Gujarat,Small Business,Electronics,Tablet,Online,Credit Card,1,1434.4,0.0,1434.4,0.0,1434.4,997.61,436.79,0.3045,42.77,8,4.5
ORD01906,2024-11-01,CUST0926,West,Rajasthan,Consumer,Home Appliances,Blender,Online,Credit Card,7,1226.49,0.25,8585.43,2146.36,6439.07,4228.55,2210.52,0.3433,254.71,4,4.3
ORD01907,2022-03-28,CUST0569,South,Tamil Nadu,Small Business,Electronics,Monitor,Online,UPI,4,1481.65,0.05,5926.6,296.33,5630.27,3260.17,2370.1,0.421,79.02,3,4.2
ORD01908,2024-06-27,CUST0417,North,Haryana,Consumer,Furniture,Desk,Online,UPI,5,803.18,0.05,4015.9,200.8,3815.1,3096.89,718.21,0.1883,129.83,2,4.0
ORD01909,2025-08-17,CUST0165,West,Maharashtra,Consumer,Clothing,Jacket,Online,Debit Card,1,860.26,0.05,860.26,43.01,817.25,488.01,329.23,0.4029,139.81,6,3.8
ORD01910,2025-06-20,CUST0850,South,Karnataka,Consumer,Home Appliances,Vacuum Cleaner,Online,Debit Card,2,1256.71,0.0,2513.42,0.0,2513.42,1812.03,701.39,0.2791,205.56,3,4.2
ORD01911,2022-05-02,CUST0196,East,Bihar,Corporate,Furniture,Cabinet,Online,UPI,4,746.82,0.05,2987.28,149.36,2837.92,1624.26,1213.66,0.4277,173.07,4,3.3
ORD01912,2025-03-16,CUST0987,North,Punjab,Consumer,Office Supplies,Stapler,Store,Credit Card,2,618.98,0.0,1237.96,0.0,1237.96,910.95,327.01,0.2642,72.1,9,
ORD01913,2024-01-20,CUST0239,East,Odisha,Consumer,Home Appliances,Vacuum Cleaner,Online,Cash,1,927.91,0.05,927.91,46.4,881.51,507.41,374.11,0.4244,28.4,7,4.0
ORD01914,2025-10-11,CUST0279,Central,Madhya Pradesh,Consumer,Home Appliances,Air Cooler,Partner,Credit Card,10,991.62,0.25,9916.2,2479.05,7437.15,4551.29,2885.86,0.388,220.82,1,3.1
ORD01915,2023-11-16,CUST0070,South,Andhra Pradesh,Consumer,Clothing,Backpack,Store,Cash,1,1130.08,0.15,1130.08,169.51,960.57,696.11,264.46,0.2753,161.38,4,4.4
ORD01916,2022-11-05,CUST0775,South,Tamil Nadu,Corporate,Home Appliances,Air Cooler,Online,Credit Card,6,1007.28,0.15,6043.68,906.55,5137.13,3217.86,1919.27,0.3736,121.3,8,3.9
ORD01917,2023-11-26,CUST0019,West,Goa,Consumer,Clothing,T-Shirt,Online,Credit Card,2,1122.4,0.1,2244.8,224.48,2020.32,1401.84,618.48,0.3061,99.67,10,3.9
ORD01918,2022-10-15,CUST0238,West,Rajasthan,Consumer,Furniture,Bookshelf,Store,Credit Card,3,1016.72,0.15,3050.16,457.52,2592.64,1513.11,1079.53,0.4164,250.45,4,4.1
ORD01919,2022-11-03,CUST0911,South,Karnataka,Small Business,Office Supplies,File Folder,Store,Cash,5,728.46,0.2,3642.3,728.46,2913.84,1761.85,1151.99,0.3954,242.75,1,3.3
ORD01920,2024-07-02,CUST0373,South,Tamil Nadu,Consumer,Office Supplies,Printer Paper,Online,Credit Card,3,215.38,0.25,646.14,161.54,484.6,362.54,122.06,0.2519,251.29,10,4.1
ORD01921,2023-10-24,CUST0240,Central,Madhya Pradesh,Corporate,Home Appliances,Coffee Maker,Online,UPI,6,1181.38,0.0,7088.28,0.0,7088.28,3965.8,3122.48,0.4405,81.35,2,3.7
ORD01922,2023-07-03,CUST0342,West,Goa,Corporate,Home Appliances,Vacuum Cleaner,Online,Net Banking,7,60.71,0.2,424.97,84.99,339.98,197.25,142.73,0.4198,258.55,5,4.5
ORD01923,2025-10-07,CUST0416,North,Delhi,Small Business,Furniture,Cabinet,Online,UPI,10,1488.86,0.05,14888.6,744.43,14144.17,8600.19,5543.98,0.392,295.95,6,4.4
ORD01924,2022-11-08,CUST0335,North,Delhi,Consumer,Clothing,Jeans,Partner,Debit Card,6,1245.26,0.05,7471.56,373.58,7097.98,3942.58,3155.4,0.4445,187.76,1,3.5
ORD01925,2024-05-22,CUST0315,East,Bihar,Corporate,Office Supplies,Notebook,Online,Cash,2,1011.3,0.05,2022.6,101.13,1921.47,1106.29,815.18,0.4242,33.21,5,3.9
ORD01926,2024-12-18,CUST0070,South,Andhra Pradesh,Consumer,Clothing,Jacket,Online,Net Banking,9,1450.41,0.15,13053.69,1958.05,11095.64,6945.6,4150.04,0.374,216.63,8,3.3
ORD01927,2024-07-12,CUST0198,South,Karnataka,Corporate,Furniture,Bookshelf,Online,Debit Card,2,924.52,0.1,1849.04,184.9,1664.14,957.02,707.11,0.4249,170.67,8,3.5
ORD01928,2024-01-25,CUST0262,Central,Madhya Pradesh,Consumer,Office Supplies,File Folder,Partner,UPI,6,98.8,,592.8,0.0,592.8,464.67,128.13,0.2161,219.37,2,4.1
ORD01929,2022-02-04,CUST0844,North,Punjab,Consumer,Office Supplies,Stapler,Store,Cash,9,845.68,0.15,7611.12,1141.67,6469.45,3673.61,2795.84,0.4322,72.71,9,4.5
ORD01930,2023-03-21,CUST0194,West,Rajasthan,Small Business,Electronics,Headphones,Store,Cash,9,426.65,0.1,3839.85,383.98,3455.86,2704.1,751.77,0.2175,189.62,2,3.8
ORD01931,2022-04-03,CUST0473,South,Andhra Pradesh,Consumer,Furniture,Desk,Store,Debit Card,2,563.67,0.0,1127.34,0.0,1127.34,870.5,256.84,0.2278,170.97,4,3.8
ORD01932,2025-05-15,CUST0132,West,Rajasthan,Small Business,Furniture,Office Chair,Store,Net Banking,9,697.48,0.1,6277.32,627.73,5649.59,3260.97,2388.61,0.4228,188.7,10,4.4
ORD01933,2022-12-19,CUST0375,West,Maharashtra,Small Business,Electronics,Laptop,Store,Debit Card,8,1165.28,0.1,9322.24,932.22,8390.02,4671.57,3718.44,0.4432,223.77,4,4.3
ORD01934,2024-06-21,CUST0070,North,Haryana,Consumer,Clothing,Backpack,Online,Debit Card,7,761.85,0.0,5332.95,0.0,5332.95,3005.11,2327.84,0.4365,172.38,4,3.1
ORD01935,2025-09-17,CUST0767,East,Odisha,Consumer,Electronics,Tablet,Online,Credit Card,8,719.9,0.0,5759.2,0.0,5759.2,4085.59,1673.61,0.2906,110.11,7,3.9
ORD01936,2024-05-11,CUST0697,North,Punjab,Consumer,Furniture,Sofa,Store,Credit Card,10,463.43,0.25,4634.3,1158.58,3475.73,2540.74,934.99,0.269,106.52,8,3.8
ORD01937,2022-06-08,CUST0746,Central,Chhattisgarh,Small Business,Clothing,T-Shirt,Online,UPI,8,816.71,0.2,6533.68,1306.74,5226.94,3750.73,1476.21,0.2824,214.61,8,3.7
ORD01938,2024-08-14,CUST0445,Central,Madhya Pradesh,Consumer,Office Supplies,Notebook,Store,UPI,1,383.86,0.0,383.86,0.0,383.86,267.24,116.62,0.3038,205.88,4,3.7
ORD01939,2022-01-24,CUST0371,South,Karnataka,Corporate,Electronics,Laptop,Online,Credit Card,9,402.58,0.1,3623.22,362.32,3260.9,1947.29,1313.6,0.4028,138.16,4,4.3
ORD01940,2023-02-08,CUST0440,South,Andhra Pradesh,Corporate,Clothing,Jeans,Store,Debit Card,6,1139.53,0.05,6837.18,341.86,6495.32,5047.24,1448.08,0.2229,118.99,6,3.2
ORD01941,2024-03-15,CUST0869,South,Tamil Nadu,Small Business,Clothing,Jeans,Online,Debit Card,1,523.68,0.1,523.68,52.37,471.31,300.9,170.41,0.3616,193.64,9,4.7
ORD01942,2023-05-31,CUST0230,West,Maharashtra,Corporate,Clothing,Backpack,Online,Cash,1,91.33,0.1,91.33,9.13,82.2,67.09,15.1,0.1837,107.4,5,4.0
ORD01943,2024-01-02,CUST0142,South,Telangana,Corporate,Electronics,Headphones,Store,Net Banking,7,525.36,0.0,3677.52,0.0,3677.52,2404.77,1272.75,0.3461,289.71,2,4.0
ORD01944,2025-10-19,CUST0623,South,Tamil Nadu,Consumer,Office Supplies,Pens,Online,Debit Card,10,963.28,0.05,9632.8,481.64,9151.16,5682.97,3468.19,0.379,187.01,9,5.0
ORD01945,2025-11-06,CUST0083,South,Telangana,Consumer,Clothing,Shoes,Store,Cash,2,1223.77,0.0,2447.54,0.0,2447.54,1937.1,510.44,0.2086,185.74,9,4.5
ORD01946,2023-06-16,CUST0755,North,Uttar Pradesh,Consumer,Electronics,Smartphone,Online,Debit Card,6,1443.48,0.1,8660.88,866.09,7794.79,5481.31,2313.48,0.2968,58.17,1,3.7
ORD01947,2024-08-13,CUST0519,West,Rajasthan,Small Business,Furniture,Desk,Partner,UPI,5,1123.14,0.2,5615.7,1123.14,4492.56,3346.51,1146.05,0.2551,190.7,9,4.1
ORD01948,2022-06-01,CUST0438,North,Uttar Pradesh,Corporate,Electronics,Tablet,Store,Cash,5,651.84,0.25,3259.2,814.8,2444.4,1613.96,830.44,0.3397,102.58,7,3.7
ORD01949,2024-08-04,CUST0466,West,Maharashtra,Corporate,Electronics,Monitor,Online,Debit Card,10,459.19,0.2,4591.9,918.38,3673.52,2900.12,773.4,0.2105,146.51,1,4.1
ORD01950,2023-08-31,CUST0954,North,Haryana,Corporate,Electronics,Laptop,Store,UPI,6,207.5,0.25,1245.0,311.25,933.75,744.93,188.82,0.2022,170.7,2,3.4
ORD01951,2023-02-24,CUST0573,South,Karnataka,Consumer,Clothing,Jacket,Online,Debit Card,8,947.11,0.0,7576.88,0.0,7576.88,5060.81,2516.07,0.3321,153.83,2,3.9
ORD01952,2025-06-27,CUST0876,West,Gujarat,Consumer,Electronics,Monitor,Online,Debit Card,5,772.18,0.15,3860.9,579.13,3281.76,2018.27,1263.49,0.385,246.63,8,4.2
ORD01953,2025-02-14,CUST0328,Central,Chhattisgarh,Consumer,Furniture,Bookshelf,Store,UPI,8,1021.39,0.05,8171.12,408.56,7762.56,5626.86,2135.7,0.2751,47.85,1,3.9
ORD01954,2024-05-15,CUST0924,West,Gujarat,Consumer,Clothing,Backpack,Store,Cash,5,367.14,0.2,1835.7,367.14,1468.56,1186.21,282.35,0.1923,66.85,3,3.6
ORD01955,2023-08-01,CUST0213,South,Andhra Pradesh,Corporate,Furniture,Desk,Online,UPI,10,495.61,0.15,4956.1,743.42,4212.69,3024.96,1187.72,0.2819,63.96,1,5.0
ORD01956,2022-12-01,CUST0183,North,Punjab,Consumer,Home Appliances,Microwave,Online,,6,448.76,0.1,2692.56,269.26,2423.3,1957.16,466.15,0.1924,248.71,5,3.9
ORD01957,2025-12-12,CUST0355,Central,Chhattisgarh,Corporate,Electronics,Monitor,Store,Cash,8,1199.51,0.1,9596.08,959.61,8636.47,5551.77,3084.7,0.3572,53.1,4,3.5
ORD01958,2024-07-20,CUST0751,South,Andhra Pradesh,Corporate,Clothing,T-Shirt,Online,Debit Card,2,269.28,0.05,538.56,26.93,511.63,407.81,103.82,0.2029,292.0,3,3.9
ORD01959,2022-10-22,CUST0970,North,Uttar Pradesh,Consumer,Clothing,Jacket,Store,Debit Card,7,918.58,0.05,6430.06,321.5,6108.56,3545.36,2563.19,0.4196,291.37,8,4.0
ORD01960,2024-01-25,CUST0565,Central,Madhya Pradesh,Consumer,Electronics,Smartphone,Store,UPI,3,91.26,0.25,273.78,68.45,205.34,132.83,72.51,0.3531,297.71,7,4.4
ORD01961,2025-10-26,CUST0220,West,Rajasthan,Consumer,Office Supplies,Notebook,Online,UPI,9,831.05,0.2,7479.45,1495.89,5983.56,4089.81,1893.75,0.3165,294.31,4,4.1
ORD01962,2022-07-05,CUST0595,Central,Chhattisgarh,Consumer,Office Supplies,Stapler,Online,Credit Card,10,109.91,0.0,1099.1,0.0,1099.1,798.32,300.78,0.2737,61.73,1,4.0
ORD01963,2025-06-23,CUST0684,Central,Chhattisgarh,Corporate,Furniture,Desk,Online,Cash,7,276.18,0.05,1933.26,96.66,1836.6,1155.99,680.61,0.3706,204.08,7,4.1
ORD01964,2023-09-29,CUST0995,Central,Madhya Pradesh,Consumer,Electronics,Laptop,Partner,Net Banking,3,182.84,0.0,548.52,0.0,548.52,438.57,109.95,0.2005,131.91,3,5.0
ORD01965,2025-07-15,CUST0028,North,Delhi,Small Business,Electronics,Monitor,Store,Debit Card,8,529.89,0.25,4239.12,1059.78,3179.34,2524.22,655.12,0.2061,224.91,5,3.5
ORD01966,2025-06-14,CUST0814,North,Uttar Pradesh,Corporate,Home Appliances,Vacuum Cleaner,Store,UPI,10,525.44,0.2,5254.4,1050.88,4203.52,3219.14,984.38,0.2342,133.66,8,3.5
ORD01967,2023-06-14,CUST0177,East,Bihar,Consumer,Office Supplies,Printer Paper,Online,Credit Card,2,1242.23,0.1,2484.46,248.45,2236.01,1298.85,937.16,0.4191,127.31,9,4.8
ORD01968,2022-01-21,CUST0379,East,Jharkhand,Corporate,Office Supplies,Printer Paper,Store,UPI,10,350.15,0.15,3501.5,525.22,2976.28,1699.87,1276.41,0.4289,273.11,10,3.6
ORD01969,2024-06-29,CUST0451,East,West Bengal,Corporate,Electronics,Monitor,Online,Cash,8,143.28,0.15,1146.24,171.94,974.3,666.91,307.4,0.3155,158.47,10,3.7
ORD01970,2024-05-16,CUST0487,South,Telangana,Corporate,Furniture,Office Chair,Store,Net Banking,7,911.22,0.05,6378.54,318.93,6059.61,4584.96,1474.65,0.2434,227.13,7,4.3
ORD01971,2024-03-04,CUST0667,South,Andhra Pradesh,Consumer,Electronics,Headphones,Online,Debit Card,5,1035.86,0.2,5179.3,1035.86,4143.44,2416.76,1726.68,0.4167,201.98,6,3.7
ORD01972,2022-04-10,CUST0249,East,Bihar,Consumer,Furniture,Cabinet,Store,UPI,4,452.81,0.1,1811.24,181.12,1630.12,1178.88,451.24,0.2768,204.16,5,4.6
ORD01973,2024-01-22,CUST0977,North,Uttar Pradesh,Consumer,Office Supplies,Printer Paper,Store,UPI,10,910.18,0.0,9101.8,0.0,9101.8,6303.19,2798.61,0.3075,117.75,5,3.7
ORD01974,2023-04-23,CUST0207,South,Tamil Nadu,Consumer,Home Appliances,Vacuum Cleaner,Online,Debit Card,10,1167.44,0.05,11674.4,583.72,11090.68,8273.84,2816.84,0.254,90.69,4,3.7
ORD01975,2025-08-14,CUST0244,East,Bihar,Corporate,Clothing,T-Shirt,Store,Credit Card,1,531.12,0.1,531.12,53.11,478.01,319.09,158.91,0.3324,267.92,7,4.9
ORD01976,2024-07-28,CUST0679,West,Goa,Corporate,Office Supplies,Printer Paper,Online,UPI,4,795.15,0.05,3180.6,159.03,3021.57,2227.47,794.1,0.2628,26.89,1,3.9
ORD01977,2023-06-10,CUST0214,North,Punjab,Small Business,Furniture,Office Chair,Online,UPI,6,232.75,0.15,1396.5,209.48,1187.03,704.02,483.01,0.4069,68.42,3,3.3
ORD01978,2022-11-30,CUST0084,East,Odisha,Consumer,Electronics,Smartphone,Online,Credit Card,6,50.12,0.2,300.72,60.14,240.58,146.26,94.32,0.3921,57.18,6,5.0
ORD01979,2022-01-02,CUST0027,West,Gujarat,Consumer,Office Supplies,Pens,Store,Credit Card,2,1472.33,0.15,2944.66,441.7,2502.96,1987.1,515.86,0.2061,285.83,10,4.0
ORD01980,2023-01-10,CUST0035,South,Andhra Pradesh,Corporate,Home Appliances,Microwave,Partner,Credit Card,9,460.1,0.1,4140.9,414.09,3726.81,2381.18,1345.63,0.3611,21.41,1,3.8
ORD01981,2022-10-20,CUST0502,North,Delhi,Consumer,Furniture,Bookshelf,Store,Debit Card,1,429.17,0.1,429.17,42.92,386.25,315.22,71.04,0.1839,22.25,7,3.6
ORD01982,2024-04-16,CUST0815,South,Karnataka,Consumer,Electronics,Laptop,Store,UPI,4,1460.27,0.05,5841.08,292.05,5549.03,3121.19,2427.84,0.4375,83.48,2,4.2
ORD01983,2024-10-01,CUST0820,South,Andhra Pradesh,Consumer,Clothing,Jeans,Online,Debit Card,4,1096.43,0.1,4385.72,438.57,3947.15,2699.4,1247.75,0.3161,98.14,7,4.1
ORD01984,2023-07-07,CUST0069,Central,Chhattisgarh,Consumer,Furniture,Cabinet,Online,Debit Card,2,884.17,0.05,1768.34,88.42,1679.92,1071.37,608.56,0.3623,176.75,4,5.0
ORD01985,2022-11-14,CUST0194,North,Uttar Pradesh,Corporate,Electronics,Tablet,Online,Net Banking,8,1053.5,0.2,8428.0,1685.6,6742.4,5521.42,1220.98,0.1811,289.14,9,3.9
ORD01986,2023-01-16,CUST0297,West,Gujarat,Consumer,Clothing,Shoes,Partner,Credit Card,2,1069.24,0.2,2138.48,427.7,1710.78,1398.24,312.54,0.1827,150.21,5,4.6
ORD01987,2022-01-14,CUST0562,North,Punjab,Corporate,Electronics,Headphones,Partner,UPI,2,1148.55,0.0,2297.1,0.0,2297.1,1409.31,887.79,0.3865,100.86,1,5.0
ORD01988,2023-05-19,CUST0557,South,Tamil Nadu,Small Business,Clothing,Jacket,Online,Cash,2,114.78,0.15,229.56,34.43,195.13,121.4,73.73,0.3778,248.76,4,4.3
ORD01989,2022-08-19,CUST0276,East,Odisha,Consumer,Clothing,T-Shirt,Store,UPI,1,628.05,0.15,628.05,94.21,533.84,401.67,132.17,0.2476,128.02,4,4.2
ORD01990,2025-01-12,CUST0632,South,Karnataka,Small Business,Clothing,Shoes,Store,UPI,5,453.27,0.25,2266.35,566.59,1699.76,1343.17,356.59,0.2098,59.69,4,4.2
ORD01991,2022-05-10,CUST0967,East,West Bengal,Consumer,Electronics,Smartphone,Online,Debit Card,4,119.8,0.1,479.2,47.92,431.28,314.49,116.79,0.2708,242.48,3,4.2
ORD01992,2024-04-17,CUST0292,North,Uttar Pradesh,Small Business,Clothing,Backpack,Online,Credit Card,2,627.71,0.15,1255.42,188.31,1067.11,836.05,231.06,0.2165,20.68,3,3.8
ORD01993,2025-03-14,CUST0712,South,Telangana,Consumer,Furniture,Office Chair,Store,UPI,1,930.02,0.1,930.02,93.0,837.02,474.66,362.35,0.4329,77.43,10,3.2
ORD01994,2024-06-09,CUST0603,West,Gujarat,Corporate,Home Appliances,Coffee Maker,Online,UPI,1,280.07,0.0,280.07,0.0,280.07,202.47,77.6,0.2771,197.84,5,4.5
ORD01995,2022-01-28,CUST0326,South,Telangana,Consumer,Home Appliances,Microwave,Partner,Credit Card,2,467.96,0.0,935.92,0.0,935.92,691.69,244.23,0.261,48.69,5,3.8
ORD01996,2022-03-07,CUST0152,Central,Chhattisgarh,Corporate,Clothing,Shoes,Online,UPI,1,964.17,0.0,964.17,0.0,964.17,579.84,384.33,0.3986,91.63,2,3.8
ORD01997,2025-04-01,CUST0676,West,Gujarat,Corporate,Home Appliances,Air Cooler,Online,Cash,9,875.3,0.05,7877.7,393.88,7483.82,5688.09,1795.73,0.2399,130.13,10,4.4
ORD01998,2025-06-06,CUST0133,South,Tamil Nadu,Consumer,Home Appliances,Vacuum Cleaner,Online,Credit Card,2,1305.15,0.05,2610.3,130.52,2479.79,1996.11,483.68,0.195,131.0,10,3.8
ORD01999,2022-09-18,CUST0212,North,Haryana,Small Business,Clothing,T-Shirt,Store,UPI,3,1189.98,0.15,3569.94,535.49,3034.45,2404.65,629.8,0.2075,292.38,9,4.8
ORD02000,2025-12-18,CUST0916,East,West Bengal,Consumer,Clothing,Jeans,Online,UPI,9,1448.93,0.15,13040.37,1956.06,11084.31,6829.5,4254.81,0.3839,209.15,3,3.3
ORD02001,2023-04-05,CUST0181,West,Maharashtra,Consumer,Furniture,Sofa,Store,Net Banking,5,901.83,0.25,4509.15,1127.29,3381.86,2155.86,1226.0,0.3625,30.37,4,4.0
ORD02002,2022-10-28,CUST0768,South,Andhra Pradesh,Corporate,Office Supplies,Pens,Online,Net Banking,8,1052.22,0.05,8417.76,420.89,7996.87,5477.02,2519.85,0.3151,81.98,2,3.4
ORD02003,2024-07-07,CUST0361,West,Goa,Corporate,Electronics,Headphones,Online,Net Banking,7,1292.85,0.2,9049.95,1809.99,7239.96,4291.54,2948.42,0.4072,192.6,8,3.4
ORD02004,2025-08-19,CUST0424,South,Andhra Pradesh,Consumer,Clothing,Backpack,Store,Debit Card,6,1262.39,0.1,7574.34,757.43,6816.91,5505.11,1311.8,0.1924,219.76,7,3.7
ORD02005,2022-10-14,CUST0610,West,Rajasthan,Consumer,Clothing,Shoes,Online,Credit Card,2,1082.3,0.1,2164.6,216.46,1948.14,1156.48,791.66,0.4064,126.57,3,4.3
ORD02006,2025-11-19,CUST0871,North,Uttar Pradesh,Small Business,Home Appliances,Microwave,Store,Debit Card,4,757.88,0.15,3031.52,454.73,2576.79,1946.98,629.81,0.2444,259.84,5,4.3
ORD02007,2024-10-30,CUST0124,Central,Madhya Pradesh,Corporate,Furniture,Bookshelf,Online,UPI,9,420.71,0.15,3786.39,567.96,3218.43,2066.83,1151.6,0.3578,284.16,1,4.6
ORD02008,2023-09-22,CUST0178,East,West Bengal,Consumer,Home Appliances,Microwave,Store,UPI,7,1317.67,0.0,9223.69,0.0,9223.69,6501.82,2721.87,0.2951,191.94,6,
ORD02009,2022-09-27,CUST0330,South,Karnataka,Consumer,Clothing,Jeans,Store,Cash,3,1168.33,0.15,3504.99,525.75,2979.24,1676.53,1302.71,0.4373,177.47,10,3.7
ORD02010,2023-08-15,CUST0963,South,Telangana,Small Business,Clothing,Jeans,Partner,UPI,6,1259.29,0.15,7555.74,1133.36,6422.38,3887.81,2534.57,0.3946,230.23,6,3.9
ORD02011,2024-04-23,CUST0753,South,Telangana,Corporate,Home Appliances,Air Cooler,Online,UPI,8,224.07,0.25,1792.56,448.14,1344.42,900.74,443.68,0.33,238.97,5,5.0
ORD02012,2024-05-11,CUST0226,Central,Madhya Pradesh,Small Business,Clothing,Jacket,Store,UPI,8,482.5,0.2,3860.0,772.0,3088.0,2263.01,824.99,0.2672,80.32,9,3.0
ORD02013,2025-10-16,CUST0163,South,Andhra Pradesh,Consumer,Office Supplies,Pens,Online,Credit Card,8,645.95,0.15,5167.6,775.14,4392.46,3338.01,1054.45,0.2401,155.4,4,4.1
ORD02014,2025-07-04,CUST0832,North,Punjab,Corporate,Electronics,Monitor,Online,UPI,8,1259.95,0.15,10079.6,1511.94,8567.66,4781.94,3785.72,0.4419,145.28,2,3.9
ORD02015,2022-05-13,CUST0933,East,Bihar,Corporate,Electronics,Monitor,Online,UPI,10,1340.94,0.2,13409.4,2681.88,10727.52,6341.81,4385.71,0.4088,283.61,7,2.8
ORD02016,2025-07-23,CUST0813,East,Odisha,Consumer,Electronics,Headphones,Online,Cash,6,438.07,0.25,2628.42,657.1,1971.32,1472.66,498.66,0.253,51.29,5,4.6
ORD02017,2024-08-29,CUST0493,East,Odisha,Corporate,Office Supplies,Notebook,Store,Debit Card,10,1034.35,0.15,10343.5,1551.52,8791.98,6765.64,2026.33,0.2305,284.17,7,3.5
ORD02018,2023-05-28,CUST0806,West,Rajasthan,Corporate,Clothing,Shoes,Store,Cash,3,130.55,0.15,391.65,58.75,332.9,204.36,128.54,0.3861,180.33,7,4.7
ORD02019,2022-11-09,CUST0878,South,Karnataka,Consumer,Home Appliances,Microwave,Online,UPI,9,623.22,0.0,5608.98,0.0,5608.98,3432.73,2176.25,0.388,100.65,7,3.5
ORD02020,2023-07-30,CUST0471,Central,Madhya Pradesh,Small Business,Furniture,Cabinet,Store,Credit Card,3,737.7,0.15,2213.1,331.96,1881.14,1079.33,801.8,0.4262,263.42,3,3.7
ORD02021,2024-06-04,CUST0357,South,Karnataka,Small Business,Clothing,Backpack,Online,Credit Card,4,1151.96,0.05,4607.84,230.39,4377.45,2585.23,1792.22,0.4094,34.12,5,4.7
ORD02022,2025-07-31,CUST0341,North,Punjab,Small Business,Office Supplies,Notebook,Store,Credit Card,10,1339.58,0.1,13395.8,1339.58,12056.22,6657.01,5399.21,0.4478,109.3,1,3.6
ORD02023,2025-02-18,CUST0155,West,Maharashtra,Small Business,Office Supplies,Stapler,Partner,UPI,1,515.87,0.1,515.87,51.59,464.28,329.29,134.99,0.2907,230.71,6,4.3
ORD02024,2025-02-04,CUST0760,West,Rajasthan,Consumer,Electronics,Smartphone,Store,Credit Card,2,798.69,0.05,1597.38,79.87,1517.51,1204.98,312.53,0.2059,251.75,4,2.9
ORD02025,2023-11-18,CUST0193,South,Karnataka,Consumer,Clothing,Shoes,Online,Debit Card,6,976.46,0.05,5858.76,292.94,5565.82,3285.98,2279.84,0.4096,66.9,2,4.1
ORD02026,2025-05-12,CUST0585,West,Rajasthan,Small Business,Electronics,Smartphone,Store,Cash,1,503.1,0.2,503.1,100.62,402.48,303.02,99.46,0.2471,283.7,3,4.3
ORD02027,2022-06-14,CUST0259,South,Telangana,Consumer,Furniture,Sofa,Online,UPI,9,1478.52,0.15,13306.68,1996.0,11310.68,7972.76,3337.92,0.2951,35.04,3,4.6
ORD02028,2022-11-01,CUST0827,South,Andhra Pradesh,Consumer,Electronics,Monitor,Store,Net Banking,8,1315.52,0.1,10524.16,1052.42,9471.74,7613.19,1858.56,0.1962,141.4,1,4.1
ORD02029,2022-06-05,CUST0230,Central,Chhattisgarh,Consumer,Furniture,Bookshelf,Online,Credit Card,2,455.16,0.15,910.32,136.55,773.77,592.32,181.45,0.2345,47.29,7,3.4
ORD02030,2025-10-22,CUST0100,North,Punjab,Consumer,Office Supplies,File Folder,Store,UPI,2,769.3,0.25,1538.6,384.65,1153.95,900.35,253.6,0.2198,47.36,10,3.6
ORD02031,2023-09-12,CUST0226,South,Karnataka,Corporate,Electronics,Tablet,Online,Debit Card,8,357.8,0.05,2862.4,143.12,2719.28,1964.87,754.41,0.2774,275.89,3,3.0
ORD02032,2025-06-28,CUST0030,West,Maharashtra,Consumer,Electronics,Laptop,Store,Net Banking,8,779.04,0.1,6232.32,623.23,5609.09,4313.73,1295.36,0.2309,273.11,7,3.6
ORD02033,2024-08-14,CUST0735,Central,Chhattisgarh,Consumer,Home Appliances,Blender,Store,Credit Card,1,1029.75,0.1,1029.75,102.98,926.78,597.52,329.25,0.3553,192.27,10,4.0
ORD02034,2022-11-30,CUST0222,East,West Bengal,Small Business,Office Supplies,Pens,Store,UPI,5,142.0,0.2,710.0,142.0,568.0,344.45,223.55,0.3936,290.56,10,4.2
ORD02035,2024-08-26,CUST0016,East,Bihar,Corporate,Home Appliances,Air Cooler,Store,UPI,2,1307.12,0.05,2614.24,130.71,2483.53,1977.83,505.69,0.2036,157.49,9,3.3
ORD02036,2023-05-26,CUST0797,East,Bihar,Corporate,Furniture,Office Chair,Partner,UPI,1,896.71,0.25,896.71,224.18,672.53,503.24,169.3,0.2517,239.2,6,4.5
ORD02037,2025-08-09,CUST0966,Central,Madhya Pradesh,Corporate,Furniture,Sofa,Store,Net Banking,3,1484.56,0.05,4453.68,222.68,4231.0,2430.66,1800.33,0.4255,47.24,8,3.9
ORD02038,2024-11-09,CUST0718,Central,Chhattisgarh,Small Business,Office Supplies,Pens,Online,Credit Card,3,53.0,0.0,159.0,0.0,159.0,124.67,34.33,0.2159,130.77,1,4.5
ORD02039,2022-10-09,CUST0458,North,Punjab,Corporate,Furniture,Bookshelf,Store,Debit Card,10,1249.78,0.0,12497.8,0.0,12497.8,8051.13,4446.67,0.3558,164.23,8,5.0
ORD02040,2024-03-07,CUST0216,South,Tamil Nadu,Corporate,Office Supplies,Pens,Online,Net Banking,9,1191.07,0.1,10719.63,1071.96,9647.67,6083.19,3564.48,0.3695,237.88,8,3.6
ORD02041,2024-10-21,CUST0612,East,Odisha,Small Business,Furniture,Bookshelf,Store,UPI,10,212.29,0.1,2122.9,212.29,1910.61,1372.38,538.23,0.2817,113.65,3,4.1
ORD02042,2022-04-29,CUST0536,West,Gujarat,Consumer,Clothing,Shoes,Partner,Debit Card,1,512.93,0.1,512.93,51.29,461.64,324.77,136.87,0.2965,294.49,6,3.5
ORD02043,2024-11-24,CUST0775,West,Rajasthan,Small Business,Electronics,Laptop,Online,Credit Card,2,1328.92,0.05,2657.84,132.89,2524.95,1755.67,769.28,0.3047,225.75,6,3.7
ORD02044,2022-07-17,CUST0433,West,Rajasthan,Consumer,Clothing,Jacket,Store,Net Banking,9,784.9,0.1,7064.1,706.41,6357.69,3934.25,2423.44,0.3812,169.23,7,3.7
ORD02045,2023-04-30,CUST0959,Central,Madhya Pradesh,Consumer,Office Supplies,File Folder,Store,Cash,5,610.9,0.15,3054.5,458.18,2596.32,2100.79,495.54,0.1909,112.61,3,3.8
ORD02046,2024-12-18,CUST0613,North,Punjab,Consumer,Office Supplies,Notebook,Online,UPI,9,1359.66,0.15,12236.94,1835.54,10401.4,8389.07,2012.33,0.1935,199.77,10,3.9
ORD02047,2024-04-16,CUST0558,South,Andhra Pradesh,Consumer,Clothing,Backpack,Online,Net Banking,6,153.62,0.15,921.72,138.26,783.46,431.78,351.68,0.4489,208.46,1,4.7
ORD02048,2025-03-30,CUST0240,South,Andhra Pradesh,Corporate,Electronics,Headphones,Online,UPI,10,717.59,0.25,7175.9,1793.98,5381.92,3450.96,1930.96,0.3588,210.17,9,3.4
ORD02049,2024-10-05,CUST1000,South,Karnataka,Small Business,Electronics,Monitor,Partner,Credit Card,10,983.78,0.1,9837.8,983.78,8854.02,4978.6,3875.42,0.4377,184.14,6,4.0
ORD02050,2023-11-22,CUST0816,North,Haryana,Small Business,Home Appliances,Microwave,Online,Credit Card,3,918.68,0.0,2756.04,0.0,2756.04,2148.52,607.52,0.2204,132.14,5,4.4
ORD02051,2025-05-14,CUST0102,North,Uttar Pradesh,Small Business,Furniture,Bookshelf,Store,UPI,8,407.45,0.05,3259.6,162.98,3096.62,2444.35,652.27,0.2106,248.66,2,4.7
ORD02052,2024-11-01,CUST0665,West,Gujarat,Consumer,Home Appliances,Vacuum Cleaner,Online,UPI,9,851.52,0.05,7663.68,383.18,7280.5,5023.11,2257.39,0.3101,92.32,4,3.2
ORD02053,2023-05-05,CUST0043,Central,Madhya Pradesh,Small Business,Electronics,Laptop,Online,Net Banking,2,1067.21,0.1,2134.42,213.44,1920.98,1492.05,428.93,0.2233,195.11,5,4.4
ORD02054,2022-10-03,CUST0567,East,West Bengal,Consumer,Clothing,Jacket,Store,UPI,9,883.55,0.2,7951.95,1590.39,6361.56,4706.96,1654.6,0.2601,152.07,10,3.6
ORD02055,2023-11-24,CUST0418,East,Jharkhand,Small Business,Furniture,Bookshelf,Online,Cash,4,1031.43,0.15,4125.72,618.86,3506.86,2401.8,1105.06,0.3151,269.99,4,4.2
ORD02056,2022-08-30,CUST0321,South,Tamil Nadu,Consumer,Clothing,Jeans,Partner,UPI,8,395.28,0.05,3162.24,158.11,3004.13,1947.36,1056.76,0.3518,185.36,10,4.0
ORD02057,2025-05-24,CUST0668,West,Gujarat,Consumer,Home Appliances,Blender,Online,Debit Card,5,1251.78,0.1,6258.9,625.89,5633.01,3503.06,2129.95,0.3781,259.59,4,4.1
ORD02058,2025-06-28,CUST0809,West,Rajasthan,Small Business,Office Supplies,Notebook,Online,Debit Card,6,682.79,0.15,4096.74,614.51,3482.23,2159.14,1323.09,0.38,286.93,6,4.3
ORD02059,2022-05-06,CUST0413,East,Jharkhand,Small Business,Clothing,T-Shirt,Online,UPI,4,1481.03,0.25,5924.12,1481.03,4443.09,3117.97,1325.12,0.2982,55.57,4,3.5
ORD02060,2022-08-05,CUST0928,South,Andhra Pradesh,Corporate,Home Appliances,Vacuum Cleaner,Partner,Net Banking,5,49.58,0.0,247.9,0.0,247.9,147.51,100.39,0.405,175.45,9,4.2
ORD02061,2025-08-22,CUST0965,North,Punjab,Corporate,Home Appliances,Coffee Maker,Online,Credit Card,1,579.77,0.1,579.77,57.98,521.79,311.61,210.18,0.4028,267.51,2,4.4
ORD02062,2025-04-23,CUST0034,North,Haryana,Consumer,Home Appliances,Microwave,Online,Cash,3,283.01,0.25,849.03,212.26,636.77,352.01,284.76,0.4472,264.18,5,3.7
ORD02063,2024-11-28,CUST0827,East,Jharkhand,Corporate,Office Supplies,Pens,Online,,4,840.08,0.25,3360.32,840.08,2520.24,1803.48,716.76,0.2844,74.85,3,3.4
ORD02064,2025-05-31,CUST0750,West,Maharashtra,Corporate,Office Supplies,File Folder,Online,UPI,1,376.16,0.05,376.16,18.81,357.35,292.48,64.87,0.1815,154.78,8,2.9
ORD02065,2025-04-22,CUST0445,Central,Madhya Pradesh,Consumer,Office Supplies,Printer Paper,Store,Debit Card,3,1110.15,0.0,3330.45,0.0,3330.45,2631.35,699.1,0.2099,82.47,3,3.8
ORD02066,2023-05-10,CUST0180,East,West Bengal,Consumer,Furniture,Office Chair,Store,Credit Card,4,1324.57,0.1,5298.28,529.83,4768.45,3531.21,1237.24,0.2595,271.11,8,4.7
ORD02067,2023-03-03,CUST0831,West,Rajasthan,Consumer,Office Supplies,Pens,Online,Debit Card,9,328.16,0.2,2953.44,590.69,2362.75,1800.63,562.12,0.2379,20.9,8,3.8
ORD02068,2025-04-16,CUST0666,Central,Madhya Pradesh,Corporate,Office Supplies,Printer Paper,Online,Credit Card,3,253.61,0.05,760.83,38.04,722.79,478.88,243.9,0.3374,81.15,2,4.1
ORD02069,2024-07-07,CUST0717,South,Karnataka,Consumer,Office Supplies,Stapler,Store,UPI,3,1314.91,0.2,3944.73,788.95,3155.78,1989.66,1166.12,0.3695,134.53,10,4.2
ORD02070,2025-12-22,CUST0268,South,Andhra Pradesh,Consumer,Clothing,Jeans,Online,Credit Card,4,551.49,0.05,2205.96,110.3,2095.66,1361.19,734.47,0.3505,81.92,7,4.9
ORD02071,2025-08-10,CUST0534,Central,Chhattisgarh,Consumer,Office Supplies,Pens,Online,UPI,9,660.36,0.1,5943.24,594.32,5348.92,3059.49,2289.42,0.428,292.6,6,2.8
ORD02072,2022-05-31,CUST0969,South,Andhra Pradesh,Corporate,Furniture,Cabinet,Online,Debit Card,9,343.14,0.15,3088.26,463.24,2625.02,1892.97,732.05,0.2789,88.33,1,4.6
ORD02073,2023-01-19,CUST0312,Central,Chhattisgarh,Corporate,Home Appliances,Air Cooler,Online,Credit Card,1,646.59,0.05,646.59,32.33,614.26,366.84,247.42,0.4028,121.45,2,4.0
ORD02074,2022-11-04,CUST0006,Central,Chhattisgarh,Corporate,Clothing,Shoes,Online,UPI,8,358.48,0.05,2867.84,143.39,2724.45,2059.62,664.83,0.244,68.74,4,4.6
ORD02075,2025-09-21,CUST0548,West,Rajasthan,Consumer,Electronics,Headphones,Online,Cash,10,1003.9,0.1,10039.0,1003.9,9035.1,5432.75,3602.35,0.3987,279.47,2,4.4
ORD02076,2024-01-16,CUST0638,West,Rajasthan,Consumer,Office Supplies,Notebook,Online,UPI,1,755.83,0.15,755.83,113.37,642.46,392.92,249.53,0.3884,135.16,5,3.7
ORD02077,2024-06-10,CUST0458,West,Gujarat,Consumer,Home Appliances,Vacuum Cleaner,Online,UPI,2,1185.27,0.0,2370.54,0.0,2370.54,1916.52,454.02,0.1915,93.32,3,4.9
ORD02078,2023-01-10,CUST0741,West,Rajasthan,Small Business,Home Appliances,Air Cooler,Store,Net Banking,10,479.4,0.1,4794.0,479.4,4314.6,2495.81,1818.79,0.4215,88.91,6,5.0
ORD02079,2024-10-28,CUST0699,South,Tamil Nadu,Consumer,Clothing,Jeans,Partner,UPI,5,765.81,0.15,3829.05,574.36,3254.69,2228.45,1026.25,0.3153,183.97,9,4.7
ORD02080,2025-09-26,CUST0571,North,Haryana,Consumer,Electronics,Tablet,Partner,Net Banking,6,400.39,0.1,2402.34,240.23,2162.11,1225.75,936.35,0.4331,293.74,10,5.0
ORD02081,2022-05-09,CUST0480,South,Andhra Pradesh,Corporate,Furniture,Bookshelf,Store,Credit Card,2,1402.69,0.2,2805.38,561.08,2244.3,1289.14,955.16,0.4256,292.77,7,3.9
ORD02082,2024-10-11,CUST0068,West,Goa,Consumer,Home Appliances,Blender,Online,Net Banking,10,790.07,0.1,7900.7,790.07,7110.63,5127.08,1983.55,0.279,294.87,5,3.5
ORD02083,2023-10-31,CUST0820,North,Haryana,Small Business,Home Appliances,Microwave,Online,Debit Card,5,272.59,0.1,1362.95,136.29,1226.65,883.56,343.1,0.2797,128.26,1,4.4
ORD02084,2025-10-07,CUST0120,North,Uttar Pradesh,Consumer,Home Appliances,Air Cooler,Store,Cash,3,420.06,0.1,1260.18,126.02,1134.16,682.93,451.23,0.3979,276.04,1,4.2
ORD02085,2025-10-13,CUST0964,North,Punjab,Corporate,Home Appliances,Blender,Online,Debit Card,7,138.11,0.15,966.77,145.02,821.75,645.55,176.21,0.2144,144.43,1,4.3
ORD02086,2023-06-01,CUST0333,West,Gujarat,Consumer,Clothing,Jacket,Online,Cash,1,56.31,0.0,56.31,0.0,56.31,41.65,14.66,0.2604,162.96,3,3.7
ORD02087,2022-03-27,CUST0848,Central,Chhattisgarh,Consumer,Electronics,Smartphone,Online,Cash,5,795.99,0.2,3979.95,795.99,3183.96,2009.6,1174.36,0.3688,165.57,7,5.0
ORD02088,2025-04-13,CUST0875,Central,Madhya Pradesh,Consumer,Home Appliances,Microwave,Online,Credit Card,3,515.63,0.0,1546.89,0.0,1546.89,954.53,592.36,0.3829,37.81,9,4.1
ORD02089,2025-05-01,CUST0947,East,Jharkhand,Small Business,Furniture,Cabinet,Store,Cash,2,1446.2,0.1,2892.4,289.24,2603.16,1961.89,641.27,0.2463,69.58,6,3.3
ORD02090,2022-11-07,CUST0346,Central,Madhya Pradesh,Small Business,Furniture,Sofa,Store,Credit Card,3,269.43,0.1,808.29,80.83,727.46,544.2,183.26,0.2519,268.11,7,4.1
ORD02091,2025-02-16,CUST0865,West,Maharashtra,Consumer,Office Supplies,Pens,Store,Credit Card,10,1193.96,0.05,11939.6,596.98,11342.62,6694.24,4648.38,0.4098,270.98,3,4.3
ORD02092,2025-05-26,CUST0245,East,Jharkhand,Small Business,Home Appliances,Air Cooler,Store,Debit Card,4,484.22,0.0,1936.88,0.0,1936.88,1247.89,688.99,0.3557,76.56,8,3.5
ORD02093,2023-03-03,CUST0580,East,Jharkhand,Corporate,Home Appliances,Air Cooler,Online,Cash,2,346.95,0.0,693.9,0.0,693.9,422.24,271.66,0.3915,104.74,10,4.3
ORD02094,2025-12-08,CUST0666,North,Haryana,Small Business,Home Appliances,Air Cooler,Store,UPI,2,1454.91,0.05,2909.82,145.49,2764.33,1739.92,1024.41,0.3706,252.35,6,4.1
ORD02095,2022-04-24,CUST0841,Central,Chhattisgarh,Small Business,Home Appliances,Blender,Online,UPI,3,1206.83,0.2,3620.49,724.1,2896.39,1817.9,1078.49,0.3724,77.17,3,3.4
ORD02096,2025-03-14,CUST0297,South,Andhra Pradesh,Consumer,Home Appliances,Blender,Store,UPI,2,951.47,0.2,1902.94,380.59,1522.35,1238.47,283.88,0.1865,266.63,2,3.6
ORD02097,2022-10-30,CUST0715,South,Tamil Nadu,Corporate,Furniture,Cabinet,Online,Cash,6,1050.22,0.0,6301.32,0.0,6301.32,4742.1,1559.22,0.2474,250.49,9,4.1
ORD02098,2024-01-14,CUST0645,West,Rajasthan,Consumer,Electronics,Laptop,Store,Net Banking,2,1487.2,0.05,2974.4,148.72,2825.68,2149.25,676.43,0.2394,246.11,7,4.0
ORD02099,2023-08-11,CUST0949,South,Tamil Nadu,Consumer,Electronics,Monitor,Partner,Credit Card,1,895.91,0.2,895.91,179.18,716.73,447.89,268.84,0.3751,269.69,10,2.9
ORD02100,2024-09-13,CUST0934,South,Andhra Pradesh,Consumer,Office Supplies,Printer Paper,Online,Debit Card,8,166.32,0.05,1330.56,66.53,1264.03,695.4,568.63,0.4499,268.34,10,4.3
ORD02101,2022-12-11,CUST0628,West,Rajasthan,Small Business,Furniture,Sofa,Online,Credit Card,10,111.33,0.25,1113.3,278.32,834.97,472.35,362.63,0.4343,276.82,9,4.1
ORD02102,2024-03-24,CUST0992,North,Haryana,Small Business,Home Appliances,Microwave,Online,UPI,4,1004.91,0.05,4019.64,200.98,3818.66,2670.43,1148.23,0.3007,266.27,4,4.5
ORD02103,2024-03-11,CUST0605,West,Gujarat,Corporate,Electronics,Monitor,Online,Credit Card,2,991.54,0.15,1983.08,297.46,1685.62,1057.02,628.6,0.3729,189.94,4,4.3
ORD02104,2024-10-21,CUST0614,East,West Bengal,Small Business,Clothing,Jacket,Online,Debit Card,4,1126.04,0.1,4504.16,450.42,4053.74,2440.75,1612.99,0.3979,64.16,6,3.8
ORD02105,2025-03-16,CUST0360,West,Maharashtra,Small Business,Clothing,Jacket,Store,Net Banking,2,176.54,0.0,353.08,0.0,353.08,198.93,154.15,0.4366,190.56,2,4.0
ORD02106,2025-08-03,CUST0348,West,Rajasthan,Consumer,Clothing,Jacket,Online,Debit Card,5,1418.18,0.05,7090.9,354.55,6736.36,5298.06,1438.29,0.2135,283.82,10,5.0
ORD02107,2024-12-12,CUST0437,East,Jharkhand,Consumer,Home Appliances,Coffee Maker,Online,UPI,7,833.47,0.15,5834.29,875.14,4959.15,3531.08,1428.06,0.288,290.95,1,3.5
ORD02108,2025-08-20,CUST0472,East,Odisha,Consumer,Home Appliances,Vacuum Cleaner,Store,Debit Card,6,979.59,0.05,5877.54,293.88,5583.66,3232.89,2350.77,0.421,223.97,10,3.8
ORD02109,2024-12-28,CUST0952,West,Goa,Consumer,Office Supplies,Notebook,Online,Credit Card,2,66.76,0.1,133.52,13.35,120.17,90.96,29.21,0.2431,214.27,3,3.5
ORD02110,2022-12-27,CUST0275,West,Maharashtra,Consumer,Office Supplies,Printer Paper,Online,Debit Card,4,1442.05,0.05,5768.2,288.41,5479.79,4132.16,1347.63,0.2459,282.76,5,3.3
ORD02111,2025-05-28,CUST0630,West,Rajasthan,Consumer,Office Supplies,Notebook,Store,Debit Card,8,850.45,0.1,6803.6,680.36,6123.24,3846.25,2276.99,0.3719,101.56,2,3.8
ORD02112,2024-10-06,CUST0065,Central,Chhattisgarh,Small Business,Clothing,Shoes,Store,Net Banking,7,851.59,0.1,5961.13,596.11,5365.02,3223.71,2141.31,0.3991,62.27,9,3.9
ORD02113,2023-12-05,CUST0069,North,Uttar Pradesh,Small Business,Home Appliances,Coffee Maker,Online,Debit Card,7,1416.18,0.1,9913.26,991.33,8921.93,6867.88,2054.05,0.2302,101.2,1,3.5
ORD02114,2023-07-29,CUST0727,South,Andhra Pradesh,Corporate,Clothing,Backpack,Online,Debit Card,4,1395.09,0.0,5580.36,0.0,5580.36,3565.75,2014.61,0.361,285.71,3,5.0
ORD02115,2025-03-30,CUST0309,Central,Madhya Pradesh,Small Business,Office Supplies,Stapler,Online,Net Banking,1,342.14,0.1,342.14,34.21,307.93,239.81,68.11,0.2212,79.45,5,3.9
ORD02116,2025-01-17,CUST0147,South,Karnataka,Consumer,Home Appliances,Microwave,Online,Net Banking,7,1397.68,0.15,9783.76,1467.56,8316.2,4671.92,3644.27,0.4382,82.93,1,3.4
ORD02117,2023-11-19,CUST0578,North,Haryana,Small Business,Furniture,Office Chair,Online,Net Banking,6,1108.88,0.25,6653.28,1663.32,4989.96,3417.16,1572.8,0.3152,74.03,4,4.5
ORD02118,2024-02-20,CUST0508,East,West Bengal,Consumer,Electronics,Headphones,Store,Cash,8,43.07,0.15,344.56,51.68,292.88,175.28,117.59,0.4015,155.74,10,3.4
ORD02119,2023-08-08,CUST0176,North,Haryana,Consumer,Electronics,Monitor,Store,Net Banking,5,371.17,0.0,1855.85,0.0,1855.85,1357.47,498.38,0.2685,242.99,1,3.9
ORD02120,2023-08-12,CUST0578,South,Andhra Pradesh,Small Business,Office Supplies,Pens,Online,Debit Card,8,628.28,0.05,5026.24,251.31,4774.93,3911.85,863.08,0.1808,126.92,7,3.0
ORD02121,2025-03-28,CUST0201,Central,Madhya Pradesh,Consumer,Clothing,Jeans,Store,Net Banking,10,880.49,0.0,8804.9,0.0,8804.9,5823.37,2981.53,0.3386,48.03,1,4.4
ORD02122,2023-05-04,CUST0018,East,Jharkhand,Consumer,Furniture,Office Chair,Online,,8,1056.47,,8451.76,0.0,8451.76,4877.37,3574.39,0.4229,227.26,3,4.4
ORD02123,2024-08-28,CUST0336,South,Telangana,Consumer,Home Appliances,Microwave,Online,Debit Card,9,327.16,0.05,2944.44,147.22,2797.22,1778.39,1018.83,0.3642,190.75,4,4.3
ORD02124,2025-09-09,CUST0807,Central,Madhya Pradesh,Corporate,Clothing,Shoes,Store,Debit Card,1,1257.5,0.0,1257.5,0.0,1257.5,994.31,263.19,0.2093,154.16,4,4.4
ORD02125,2025-11-05,CUST0127,Central,Chhattisgarh,Small Business,Office Supplies,Stapler,Partner,Credit Card,3,1270.89,0.05,3812.67,190.63,3622.04,2741.0,881.04,0.2432,289.95,7,3.8
ORD02126,2025-01-30,CUST0713,South,Telangana,Consumer,Clothing,Jacket,Online,Credit Card,6,957.97,0.05,5747.82,287.39,5460.43,3345.59,2114.84,0.3873,151.72,5,4.5
ORD02127,2023-05-09,CUST0492,South,Andhra Pradesh,Small Business,Office Supplies,Notebook,Online,Credit Card,4,1382.82,0.05,5531.28,276.56,5254.72,4243.03,1011.68,0.1925,225.11,8,5.0
ORD02128,2022-01-19,CUST0051,West,Gujarat,Consumer,Electronics,Laptop,Store,Credit Card,8,1222.28,0.0,9778.24,0.0,9778.24,7020.69,2757.55,0.282,64.38,3,4.2
ORD02129,2023-02-01,CUST0639,West,Gujarat,Consumer,Electronics,Tablet,Online,Net Banking,10,344.11,0.05,3441.1,172.06,3269.05,1946.3,1322.74,0.4046,136.63,8,4.0
ORD02130,2024-09-27,CUST0151,West,Rajasthan,Consumer,Clothing,Jeans,Online,Cash,1,1201.04,0.15,1201.04,180.16,1020.88,719.24,301.64,0.2955,79.43,9,3.1
ORD02131,2025-07-26,CUST0161,Central,Madhya Pradesh,Corporate,Furniture,Desk,Online,UPI,5,1430.51,0.05,7152.55,357.63,6794.92,4565.13,2229.79,0.3282,117.48,9,4.2
ORD02132,2024-04-30,CUST0188,West,Goa,Consumer,Home Appliances,Vacuum Cleaner,Store,Net Banking,4,219.35,0.0,877.4,0.0,877.4,676.75,200.65,0.2287,154.32,9,3.4
ORD02133,2025-10-20,CUST0230,South,Tamil Nadu,Corporate,Office Supplies,Notebook,Online,Credit Card,1,1468.37,0.0,1468.37,0.0,1468.37,944.05,524.32,0.3571,68.86,1,4.0
ORD02134,2025-09-16,CUST0955,West,Gujarat,Consumer,Home Appliances,Coffee Maker,Partner,Cash,10,52.11,0.1,521.1,52.11,468.99,368.74,100.25,0.2138,244.85,9,3.4
ORD02135,2025-09-29,CUST0610,South,Telangana,Consumer,Electronics,Laptop,Online,UPI,6,790.42,0.15,4742.52,711.38,4031.14,3100.88,930.26,0.2308,125.28,8,3.4
ORD02136,2024-04-01,CUST0922,West,Maharashtra,Corporate,Furniture,Sofa,Online,Credit Card,10,1164.23,0.0,11642.3,0.0,11642.3,8523.83,3118.47,0.2679,271.04,2,3.9
ORD02137,2023-03-31,CUST0913,West,Rajasthan,Consumer,Furniture,Bookshelf,Store,Credit Card,3,1188.8,0.1,3566.4,356.64,3209.76,1989.49,1220.27,0.3802,208.9,3,5.0
ORD02138,2023-12-26,CUST0181,North,Punjab,Consumer,Home Appliances,Blender,Online,Debit Card,5,1105.99,0.15,5529.95,829.49,4700.46,3816.72,883.74,0.188,69.45,7,3.6
ORD02139,2024-12-24,CUST0846,East,Jharkhand,Consumer,Electronics,Laptop,Online,Credit Card,6,801.09,0.1,4806.54,480.65,4325.89,3020.07,1305.81,0.3019,199.75,3,3.4
ORD02140,2025-01-04,CUST0717,South,Tamil Nadu,Corporate,Home Appliances,Vacuum Cleaner,Online,Debit Card,4,981.68,0.2,3926.72,785.34,3141.38,2497.48,643.89,0.205,26.51,2,5.0
ORD02141,2023-12-12,CUST0470,South,Karnataka,Corporate,Clothing,Jeans,Online,Credit Card,10,1054.4,0.2,10544.0,2108.8,8435.2,5130.69,3304.51,0.3918,246.07,4,3.7
ORD02142,2022-05-23,CUST0427,West,Gujarat,Consumer,Furniture,Office Chair,Store,Credit Card,10,749.39,0.0,7493.9,0.0,7493.9,6111.37,1382.53,0.1845,292.78,9,3.9
ORD02143,2024-07-05,CUST0816,South,Karnataka,Consumer,Furniture,Cabinet,Online,Debit Card,6,899.59,0.05,5397.54,269.88,5127.66,3950.02,1177.64,0.2297,209.77,2,3.9
ORD02144,2024-04-07,CUST0082,West,Rajasthan,Consumer,Clothing,Jacket,Partner,Cash,7,1271.86,0.15,8903.02,1335.45,7567.57,6101.66,1465.9,0.1937,279.42,1,4.3
ORD02145,2023-08-28,CUST0404,North,Uttar Pradesh,Consumer,Electronics,Laptop,Store,Credit Card,2,479.63,0.25,959.26,239.82,719.44,436.95,282.5,0.3927,102.54,10,3.4
ORD02146,2025-12-11,CUST0478,West,Maharashtra,Small Business,Furniture,Desk,Online,Credit Card,7,791.96,0.15,5543.72,831.56,4712.16,3139.61,1572.55,0.3337,138.6,7,
ORD02147,2022-11-01,CUST0931,West,Maharashtra,Corporate,Office Supplies,Printer Paper,Online,UPI,7,27.59,0.0,193.13,0.0,193.13,111.31,81.82,0.4236,138.89,1,4.2
ORD02148,2024-01-06,CUST0033,West,Maharashtra,Corporate,Office Supplies,File Folder,Online,Net Banking,2,1035.84,0.05,2071.68,103.58,1968.1,1155.24,812.86,0.413,51.37,6,
ORD02149,2022-10-18,CUST0750,East,Bihar,Consumer,Electronics,Monitor,Online,Debit Card,3,305.15,0.15,915.45,137.32,778.13,487.63,290.5,0.3733,243.0,5,3.5
ORD02150,2022-04-12,CUST0593,Central,Chhattisgarh,Corporate,Clothing,Jacket,Store,Net Banking,3,729.29,0.1,2187.87,218.79,1969.08,1588.93,380.15,0.1931,158.62,8,3.3
ORD02151,2025-07-14,CUST0867,South,Andhra Pradesh,Small Business,Home Appliances,Microwave,Online,Debit Card,1,327.15,0.1,327.15,32.71,294.44,214.98,79.46,0.2699,157.32,3,4.3
ORD02152,2024-05-16,CUST0460,North,Uttar Pradesh,Corporate,Electronics,Smartphone,Partner,Credit Card,1,49.95,0.1,49.95,5.0,44.96,28.54,16.41,0.365,207.17,3,3.8
ORD02153,2024-08-25,CUST0514,South,Andhra Pradesh,Corporate,Home Appliances,Blender,Online,Debit Card,10,732.58,0.0,7325.8,0.0,7325.8,5917.3,1408.5,0.1923,67.88,1,4.8
ORD02154,2024-08-31,CUST0418,North,Haryana,Corporate,Electronics,Tablet,Online,UPI,6,645.88,0.2,3875.28,775.06,3100.22,2324.32,775.9,0.2503,246.84,4,3.9
ORD02155,2024-04-21,CUST0332,Central,Chhattisgarh,Corporate,Office Supplies,File Folder,Online,Debit Card,9,646.35,0.2,5817.15,1163.43,4653.72,3699.17,954.55,0.2051,122.44,10,4.3
ORD02156,2024-08-19,CUST0602,South,Karnataka,Consumer,Clothing,Jacket,Online,UPI,9,325.08,0.1,2925.72,292.57,2633.15,2107.44,525.71,0.1997,42.3,10,4.4
ORD02157,2024-07-30,CUST0638,West,Gujarat,Corporate,Office Supplies,Printer Paper,Store,Credit Card,1,1421.6,0.1,1421.6,142.16,1279.44,963.04,316.4,0.2473,73.29,6,4.3
ORD02158,2024-10-23,CUST0416,West,Gujarat,Consumer,Clothing,T-Shirt,Store,UPI,7,20.21,0.15,141.47,21.22,120.25,74.03,46.22,0.3844,90.8,5,3.5
ORD02159,2022-03-26,CUST0533,South,Karnataka,Corporate,Home Appliances,Air Cooler,Online,Debit Card,6,1338.94,0.0,8033.64,0.0,8033.64,6580.19,1453.45,0.1809,69.82,7,4.5
ORD02160,2022-11-24,CUST0005,West,Gujarat,Small Business,Electronics,Laptop,Partner,UPI,4,1109.3,0.0,4437.2,0.0,4437.2,2829.93,1607.27,0.3622,87.82,10,4.5
ORD02161,2024-03-26,CUST0284,North,Uttar Pradesh,Small Business,Furniture,Cabinet,Store,UPI,3,270.53,0.0,811.59,0.0,811.59,593.56,218.03,0.2686,298.84,1,3.6
ORD02162,2023-03-30,CUST0855,East,West Bengal,Consumer,Furniture,Office Chair,Store,UPI,9,716.21,0.2,6445.89,1289.18,5156.71,4012.43,1144.28,0.2219,170.56,3,3.7
ORD02163,2023-09-21,CUST0304,North,Delhi,Consumer,Clothing,Jeans,Store,Credit Card,10,1483.44,0.05,14834.4,741.72,14092.68,8417.43,5675.25,0.4027,188.82,4,4.1
ORD02164,2025-05-29,CUST0864,Central,Madhya Pradesh,Consumer,Clothing,Jacket,Store,Net Banking,5,970.89,0.0,4854.45,0.0,4854.45,3468.22,1386.23,0.2856,66.49,6,4.3
ORD02165,2025-03-23,CUST0197,Central,Chhattisgarh,Corporate,Office Supplies,Stapler,Online,UPI,8,204.15,0.1,1633.2,163.32,1469.88,957.33,512.55,0.3487,32.33,4,3.8
ORD02166,2023-10-27,CUST0254,South,Karnataka,Small Business,Furniture,Bookshelf,Online,Credit Card,4,694.6,0.0,2778.4,0.0,2778.4,1711.38,1067.02,0.384,106.9,7,4.1
ORD02167,2022-01-12,CUST0867,South,Karnataka,Corporate,Office Supplies,Stapler,Online,Cash,4,710.28,0.0,2841.12,0.0,2841.12,1571.65,1269.47,0.4468,235.55,10,3.6
ORD02168,2025-03-02,CUST0762,West,Gujarat,Consumer,Home Appliances,Air Cooler,Store,UPI,6,1206.36,0.1,7238.16,723.82,6514.34,5116.58,1397.76,0.2146,176.46,10,3.9
ORD02169,2022-10-31,CUST0838,South,Telangana,Small Business,Furniture,Desk,Partner,UPI,6,1375.5,0.1,8253.0,825.3,7427.7,4357.74,3069.96,0.4133,23.02,3,3.9
ORD02170,2025-08-09,CUST0595,Central,Chhattisgarh,Small Business,Home Appliances,Blender,Store,Credit Card,3,137.13,0.1,411.39,41.14,370.25,291.42,78.83,0.2129,240.86,8,5.0
ORD02171,2024-09-01,CUST0748,East,West Bengal,Consumer,Electronics,Tablet,Partner,UPI,2,481.35,0.15,962.7,144.4,818.3,582.78,235.52,0.2878,49.12,7,4.5
ORD02172,2025-08-16,CUST0168,South,Andhra Pradesh,Corporate,Office Supplies,File Folder,Online,Credit Card,9,458.18,0.15,4123.62,618.54,3505.08,2515.54,989.54,0.2823,143.31,3,3.9
ORD02173,2024-02-22,CUST0006,West,Maharashtra,Corporate,Clothing,Shoes,Store,Debit Card,2,1494.13,0.1,2988.26,298.83,2689.43,2080.91,608.52,0.2263,299.85,9,4.1
ORD02174,2022-02-12,CUST0142,East,Bihar,Corporate,Furniture,Cabinet,Store,Debit Card,9,845.45,0.1,7609.05,760.91,6848.14,4708.44,2139.71,0.3125,53.98,10,3.7
ORD02175,2024-08-01,CUST0375,Central,Madhya Pradesh,Small Business,Office Supplies,Printer Paper,Store,UPI,8,1321.55,0.05,10572.4,528.62,10043.78,6492.97,3550.81,0.3535,248.21,5,3.8
ORD02176,2022-12-09,CUST0125,Central,Madhya Pradesh,Consumer,Clothing,Backpack,Store,Credit Card,10,647.66,0.1,6476.6,647.66,5828.94,3424.37,2404.57,0.4125,243.78,2,4.0
ORD02177,2025-09-11,CUST0323,North,Uttar Pradesh,Corporate,Electronics,Headphones,Online,Net Banking,7,1088.24,0.05,7617.68,380.88,7236.8,5094.79,2142.0,0.296,144.61,9,3.7
ORD02178,2023-05-13,CUST0395,North,Delhi,Corporate,Furniture,Bookshelf,Online,Debit Card,5,440.58,0.05,2202.9,110.15,2092.76,1463.58,629.18,0.3006,296.71,8,4.2
ORD02179,2022-12-30,CUST0167,Central,Chhattisgarh,Small Business,Home Appliances,Microwave,Partner,Debit Card,3,1369.0,0.05,4107.0,205.35,3901.65,2455.51,1446.14,0.3706,106.23,8,4.3
ORD02180,2024-06-09,CUST0681,Central,Chhattisgarh,Small Business,Electronics,Tablet,Online,Net Banking,2,690.89,0.0,1381.78,0.0,1381.78,983.85,397.93,0.288,108.42,1,5.0
ORD02181,2023-03-03,CUST0024,North,Punjab,Small Business,Clothing,Jeans,Online,UPI,8,1208.53,0.1,9668.24,966.82,8701.42,5818.02,2883.4,0.3314,62.67,4,2.6
ORD02182,2024-10-01,CUST0683,West,Goa,Consumer,Furniture,Bookshelf,Online,Debit Card,2,394.89,0.1,789.78,78.98,710.8,545.54,165.27,0.2325,123.53,7,3.8
ORD02183,2022-01-21,CUST0109,East,Bihar,Small Business,Furniture,Desk,Online,Debit Card,8,1045.0,0.05,8360.0,418.0,7942.0,5567.83,2374.17,0.2989,103.0,6,3.6
ORD02184,2023-02-11,CUST0210,South,Karnataka,Consumer,Electronics,Tablet,Store,Debit Card,5,616.66,0.25,3083.3,770.82,2312.48,1854.82,457.65,0.1979,189.26,9,2.5
ORD02185,2023-09-11,CUST0607,Central,Madhya Pradesh,Consumer,Furniture,Sofa,Store,UPI,9,61.69,0.1,555.21,55.52,499.69,344.71,154.98,0.3101,31.41,8,4.2
ORD02186,2024-10-11,CUST0202,North,Punjab,Consumer,Clothing,T-Shirt,Partner,Debit Card,4,628.32,0.2,2513.28,502.66,2010.62,1587.64,422.99,0.2104,106.87,9,3.9
ORD02187,2022-12-02,CUST0410,Central,Chhattisgarh,Small Business,Electronics,Laptop,Online,UPI,8,831.78,0.1,6654.24,665.42,5988.82,4135.53,1853.29,0.3095,21.32,4,4.4
ORD02188,2025-02-14,CUST0797,South,Tamil Nadu,Small Business,Home Appliances,Vacuum Cleaner,Store,UPI,7,240.37,0.0,1682.59,0.0,1682.59,1178.94,503.65,0.2993,21.77,8,4.5
ORD02189,2025-02-21,CUST0002,West,Maharashtra,Consumer,Electronics,Laptop,Partner,Credit Card,8,288.11,0.25,2304.88,576.22,1728.66,1121.97,606.69,0.351,249.68,6,3.5
ORD02190,2023-02-03,CUST0798,South,Andhra Pradesh,Consumer,Electronics,Headphones,Partner,Debit Card,5,705.32,0.2,3526.6,705.32,2821.28,1856.53,964.75,0.342,229.95,9,3.8
ORD02191,2024-03-03,CUST0743,East,Jharkhand,Small Business,Home Appliances,Blender,Partner,Credit Card,2,523.95,0.1,1047.9,104.79,943.11,756.32,186.79,0.1981,228.36,10,4.8
ORD02192,2023-12-16,CUST0766,West,Rajasthan,Corporate,Clothing,Shoes,Store,Debit Card,7,669.5,0.05,4686.5,234.32,4452.18,2717.1,1735.07,0.3897,119.02,1,2.9
ORD02193,2022-02-20,CUST0111,North,Uttar Pradesh,Small Business,Office Supplies,Pens,Online,UPI,3,699.33,0.05,2097.99,104.9,1993.09,1161.56,831.53,0.4172,215.79,6,3.7
ORD02194,2022-11-20,CUST0586,East,Jharkhand,Consumer,Office Supplies,Pens,Online,UPI,10,223.01,0.15,2230.1,334.52,1895.58,1467.48,428.1,0.2258,91.83,10,4.0
ORD02195,2024-02-28,CUST0076,East,Bihar,Consumer,Home Appliances,Microwave,Store,Net Banking,10,284.07,0.0,2840.7,0.0,2840.7,2004.87,835.83,0.2942,106.63,10,3.6
ORD02196,2022-05-21,CUST0212,North,Punjab,Consumer,Clothing,Shoes,Store,Credit Card,10,1274.53,0.1,12745.3,1274.53,11470.77,7190.51,4280.26,0.3731,177.5,2,3.8
ORD02197,2023-04-15,CUST0953,West,Rajasthan,Consumer,Furniture,Desk,Store,Cash,10,256.64,0.1,2566.4,256.64,2309.76,1540.03,769.73,0.3333,215.89,3,4.8
ORD02198,2024-02-26,CUST0630,South,Tamil Nadu,Consumer,Home Appliances,Air Cooler,Online,Debit Card,2,1003.88,0.0,2007.76,0.0,2007.76,1388.82,618.94,0.3083,94.4,9,4.6
ORD02199,2025-09-19,CUST0233,East,Jharkhand,Consumer,Office Supplies,Printer Paper,Store,Debit Card,3,636.51,0.15,1909.53,286.43,1623.1,1152.2,470.9,0.2901,210.2,5,3.2
ORD02200,2024-08-21,CUST0187,East,Odisha,Consumer,Clothing,Jeans,Online,UPI,4,1452.83,0.15,5811.32,871.7,4939.62,3811.83,1127.8,0.2283,289.5,5,4.5
ORD02201,2024-10-04,CUST0275,East,West Bengal,Consumer,Electronics,Headphones,Online,Net Banking,10,113.16,0.05,1131.6,56.58,1075.02,705.72,369.3,0.3435,158.27,1,4.1
ORD02202,2023-01-08,CUST0310,North,Punjab,Small Business,Clothing,Backpack,Online,Debit Card,7,1248.13,0.1,8736.91,873.69,7863.22,5761.03,2102.19,0.2673,133.99,10,4.5
ORD02203,2023-05-09,CUST0966,South,Karnataka,Consumer,Clothing,Shoes,Partner,UPI,10,744.8,0.15,7448.0,1117.2,6330.8,4908.82,1421.98,0.2246,85.1,2,4.7
ORD02204,2024-01-21,CUST0888,East,West Bengal,Consumer,Office Supplies,Printer Paper,Online,Net Banking,1,22.95,0.1,22.95,2.3,20.66,16.07,4.59,0.2222,119.72,9,4.2
ORD02205,2025-03-25,CUST0663,West,Maharashtra,Small Business,Office Supplies,Pens,Store,Net Banking,6,406.54,0.1,2439.24,243.92,2195.32,1358.12,837.19,0.3814,168.07,7,5.0
ORD02206,2022-10-18,CUST0211,West,Maharashtra,Corporate,Furniture,Bookshelf,Online,Credit Card,6,620.43,0.1,3722.58,372.26,3350.32,2159.44,1190.88,0.3555,284.35,4,4.8
ORD02207,2025-03-13,CUST0351,East,Bihar,Corporate,Furniture,Office Chair,Store,Net Banking,8,481.58,0.0,3852.64,0.0,3852.64,2737.78,1114.86,0.2894,93.01,7,4.9
ORD02208,2022-04-16,CUST0801,North,Punjab,Corporate,Home Appliances,Vacuum Cleaner,Store,Net Banking,2,553.24,0.25,1106.48,276.62,829.86,654.89,174.97,0.2108,84.81,10,3.9
ORD02209,2025-12-14,CUST0322,South,Tamil Nadu,Small Business,Electronics,Tablet,Partner,UPI,2,1376.26,0.1,2752.52,275.25,2477.27,1891.2,586.07,0.2366,288.96,2,4.1
ORD02210,2023-11-01,CUST0207,North,Delhi,Small Business,Furniture,Desk,Online,Net Banking,1,550.99,0.05,550.99,27.55,523.44,370.42,153.02,0.2923,189.64,5,4.0
ORD02211,2022-01-02,CUST0907,North,Haryana,Corporate,Office Supplies,Stapler,Online,Cash,3,636.96,0.15,1910.88,286.63,1624.25,1324.75,299.5,0.1844,225.88,9,3.6
ORD02212,2023-08-12,CUST0090,South,Karnataka,Small Business,Clothing,Shoes,Store,Debit Card,7,1145.28,0.1,8016.96,801.7,7215.26,4823.6,2391.67,0.3315,252.31,2,4.6
ORD02213,2023-10-06,CUST0658,South,Karnataka,Consumer,Home Appliances,Coffee Maker,Online,Credit Card,8,1193.84,0.05,9550.72,477.54,9073.18,7054.05,2019.13,0.2225,42.9,3,4.4
ORD02214,2022-03-31,CUST0065,South,Tamil Nadu,Consumer,Furniture,Bookshelf,Online,UPI,7,139.87,0.2,979.09,195.82,783.27,603.88,179.39,0.229,155.75,5,3.7
ORD02215,2025-09-30,CUST0416,North,Punjab,Small Business,Clothing,Jeans,Online,Credit Card,9,1060.54,0.0,9544.86,0.0,9544.86,7589.79,1955.07,0.2048,59.23,5,4.2
ORD02216,2022-12-16,CUST0900,North,Haryana,Consumer,Clothing,Jacket,Store,Debit Card,8,731.62,0.1,5852.96,585.3,5267.66,4301.96,965.7,0.1833,194.81,8,3.2
ORD02217,2025-07-10,CUST0598,North,Punjab,Small Business,Furniture,Office Chair,Online,UPI,8,213.77,0.1,1710.16,171.02,1539.14,1052.53,486.62,0.3162,287.04,7,2.4
ORD02218,2025-10-06,CUST0292,North,Delhi,Consumer,Electronics,Monitor,Online,Debit Card,2,408.1,0.05,816.2,40.81,775.39,467.42,307.97,0.3972,35.75,3,4.2
ORD02219,2025-02-05,CUST0477,South,Tamil Nadu,Consumer,Electronics,Laptop,Store,UPI,1,81.88,0.15,81.88,12.28,69.6,46.94,22.66,0.3256,96.75,5,5.0
ORD02220,2024-11-28,CUST0996,East,West Bengal,Small Business,Home Appliances,Air Cooler,Online,Net Banking,6,549.95,0.15,3299.7,494.96,2804.75,2189.24,615.5,0.2195,299.91,8,3.6
ORD02221,2024-06-27,CUST0441,North,Punjab,Consumer,Electronics,Smartphone,Online,Debit Card,7,394.28,0.15,2759.96,413.99,2345.97,1819.88,526.09,0.2243,21.54,5,3.9
ORD02222,2022-06-08,CUST0370,South,Tamil Nadu,Small Business,Home Appliances,Microwave,Online,Cash,6,582.42,0.1,3494.52,349.45,3145.07,2015.08,1129.99,0.3593,59.08,2,3.5
ORD02223,2024-08-16,CUST0673,South,Karnataka,Small Business,Office Supplies,Pens,Store,Credit Card,7,876.81,0.2,6137.67,1227.53,4910.14,2763.29,2146.84,0.4372,42.62,10,4.0
ORD02224,2022-11-08,CUST0743,North,Delhi,Small Business,Furniture,Bookshelf,Online,Net Banking,8,1102.52,0.05,8820.16,441.01,8379.15,5761.99,2617.17,0.3123,233.94,2,3.8
ORD02225,2025-06-18,CUST0654,North,Punjab,Corporate,Clothing,Shoes,Store,Net Banking,2,913.95,0.1,1827.9,182.79,1645.11,1115.4,529.71,0.322,230.26,1,4.0
ORD02226,2023-03-21,CUST0432,East,Bihar,Corporate,Home Appliances,Coffee Maker,Store,Debit Card,1,1022.39,0.2,1022.39,204.48,817.91,468.79,349.12,0.4268,237.72,6,3.4
ORD02227,2022-10-25,CUST0239,West,Maharashtra,Small Business,Electronics,Tablet,Online,Debit Card,10,1300.47,0.0,13004.7,0.0,13004.7,9943.66,3061.04,0.2354,236.96,1,3.9
ORD02228,2024-08-09,CUST0293,South,Andhra Pradesh,Corporate,Home Appliances,Vacuum Cleaner,Partner,Debit Card,8,1312.63,0.0,10501.04,0.0,10501.04,6579.63,3921.41,0.3734,253.86,8,3.5
ORD02229,2022-02-05,CUST0237,North,Haryana,Corporate,Home Appliances,Coffee Maker,Online,Net Banking,8,1293.17,0.25,10345.36,2586.34,7759.02,5620.27,2138.75,0.2756,236.41,1,2.7
ORD02230,2025-01-12,CUST0645,Central,Madhya Pradesh,Small Business,Electronics,Smartphone,Online,Net Banking,8,242.46,0.25,1939.68,484.92,1454.76,839.98,614.78,0.4226,155.39,8,4.4
ORD02231,2025-11-09,CUST0818,South,Tamil Nadu,Corporate,Electronics,Tablet,Store,Debit Card,10,387.84,0.15,3878.4,581.76,3296.64,2579.26,717.38,0.2176,228.74,6,4.2
ORD02232,2025-04-10,CUST0701,South,Karnataka,Small Business,Furniture,Desk,Store,UPI,7,760.95,0.1,5326.65,532.67,4793.99,3593.59,1200.39,0.2504,187.33,9,4.0
ORD02233,2025-10-31,CUST0726,Central,Chhattisgarh,Consumer,Clothing,Jacket,Online,Credit Card,2,547.73,0.1,1095.46,109.55,985.91,645.65,340.26,0.3451,122.63,3,4.2
ORD02234,2025-10-17,CUST0325,West,Gujarat,Consumer,Furniture,Bookshelf,Online,UPI,4,210.53,0.05,842.12,42.11,800.01,575.98,224.03,0.28,254.24,7,3.1
ORD02235,2023-07-13,CUST0869,South,Karnataka,Consumer,Furniture,Bookshelf,Online,Cash,9,442.31,0.1,3980.79,398.08,3582.71,2151.82,1430.89,0.3994,240.65,2,4.8
ORD02236,2024-06-09,CUST0422,East,Bihar,Consumer,Electronics,Headphones,Online,Credit Card,8,1463.51,0.1,11708.08,1170.81,10537.27,8599.09,1938.18,0.1839,68.58,5,3.9
ORD02237,2022-05-21,CUST0430,South,Karnataka,Corporate,Electronics,Tablet,Store,Cash,4,530.19,0.0,2120.76,0.0,2120.76,1622.27,498.49,0.2351,26.84,1,4.6
ORD02238,2024-06-05,CUST0354,North,Uttar Pradesh,Consumer,Clothing,T-Shirt,Store,Net Banking,8,637.09,0.1,5096.72,509.67,4587.05,3499.98,1087.07,0.237,108.47,5,3.2
ORD02239,2025-02-15,CUST0655,East,Bihar,Small Business,Home Appliances,Microwave,Online,Cash,10,24.51,0.1,245.1,24.51,220.59,130.46,90.13,0.4086,133.05,8,3.8
ORD02240,2025-07-24,CUST0496,North,Uttar Pradesh,Consumer,Furniture,Bookshelf,Online,Credit Card,6,1083.33,0.15,6499.98,975.0,5524.98,3065.19,2459.79,0.4452,68.82,10,5.0
ORD02241,2023-12-27,CUST0293,South,Karnataka,Consumer,Clothing,Backpack,Online,Credit Card,9,629.12,0.1,5662.08,566.21,5095.87,3608.13,1487.74,0.2919,259.44,3,4.5
ORD02242,2025-05-28,CUST0795,Central,Chhattisgarh,Consumer,Furniture,Desk,Online,Credit Card,1,168.16,0.2,168.16,33.63,134.53,79.23,55.3,0.4111,29.4,6,3.2
ORD02243,2024-11-15,CUST0624,Central,Madhya Pradesh,Corporate,Home Appliances,Microwave,Online,UPI,6,1453.31,0.05,8719.86,435.99,8283.87,6301.68,1982.19,0.2393,155.41,4,4.3
ORD02244,2023-06-05,CUST0257,South,Tamil Nadu,Consumer,Furniture,Bookshelf,Online,UPI,4,1169.49,0.1,4677.96,467.8,4210.16,2788.56,1421.6,0.3377,35.53,8,3.6
ORD02245,2022-01-10,CUST0413,West,Maharashtra,Consumer,Office Supplies,Notebook,Online,Credit Card,3,1093.33,0.1,3279.99,328.0,2951.99,1893.47,1058.52,0.3586,170.26,2,3.3
ORD02246,2024-09-10,CUST0381,East,Bihar,Corporate,Clothing,T-Shirt,Online,Net Banking,5,1437.44,0.05,7187.2,359.36,6827.84,3891.09,2936.75,0.4301,149.82,5,3.6
ORD02247,2023-01-13,CUST0200,Central,Chhattisgarh,Consumer,Electronics,Laptop,Store,Debit Card,10,620.11,0.05,6201.1,310.06,5891.04,4824.4,1066.65,0.1811,238.44,6,4.1
ORD02248,2023-11-13,CUST0225,South,Tamil Nadu,Consumer,Furniture,Bookshelf,Online,Credit Card,8,1082.02,0.15,8656.16,1298.42,7357.74,5945.96,1411.78,0.1919,213.11,8,4.1
ORD02249,2023-08-07,CUST0903,North,Punjab,Corporate,Clothing,Jacket,Partner,Debit Card,10,321.22,0.1,3212.2,321.22,2890.98,1692.76,1198.22,0.4145,256.31,2,3.5
ORD02250,2022-06-01,CUST0797,North,Punjab,Consumer,Clothing,Shoes,Store,Credit Card,6,1050.22,0.2,6301.32,1260.26,5041.06,3225.57,1815.49,0.3601,172.42,9,3.9
ORD02251,2023-12-21,CUST0671,South,Andhra Pradesh,Consumer,Furniture,Sofa,Partner,Debit Card,1,35.91,0.1,35.91,3.59,32.32,21.19,11.13,0.3445,250.28,7,3.4
ORD02252,2024-12-08,CUST0294,South,Andhra Pradesh,Consumer,Electronics,Headphones,Partner,Debit Card,6,202.56,0.0,1215.36,0.0,1215.36,765.84,449.52,0.3699,221.36,10,3.9
ORD02253,2025-03-23,CUST0520,West,Maharashtra,Consumer,Electronics,Laptop,Store,Net Banking,7,646.51,0.1,4525.57,452.56,4073.01,3267.8,805.21,0.1977,238.26,4,4.2
ORD02254,2024-05-08,CUST0607,West,Rajasthan,Corporate,Furniture,Cabinet,Store,Net Banking,6,32.96,0.15,197.76,29.66,168.1,125.19,42.9,0.2552,188.19,10,3.0
ORD02255,2025-08-09,CUST0677,South,Telangana,Consumer,Clothing,Jacket,Online,Debit Card,3,701.02,0.1,2103.06,210.31,1892.75,1529.53,363.22,0.1919,221.48,2,3.3
ORD02256,2022-02-19,CUST0443,East,Odisha,Small Business,Electronics,Headphones,Store,UPI,9,791.35,0.2,7122.15,1424.43,5697.72,4479.07,1218.65,0.2139,132.48,8,3.6
ORD02257,2023-10-26,CUST0719,North,Punjab,Small Business,Furniture,Cabinet,Store,UPI,10,938.09,0.15,9380.9,1407.14,7973.76,6010.04,1963.73,0.2463,43.79,2,4.3
ORD02258,2023-06-15,CUST0182,Central,Chhattisgarh,Consumer,Furniture,Sofa,Online,Debit Card,10,164.07,0.0,1640.7,0.0,1640.7,1211.13,429.57,0.2618,136.64,2,3.3
ORD02259,2024-12-19,CUST0500,Central,Chhattisgarh,Small Business,Furniture,Sofa,Store,UPI,4,283.8,0.0,1135.2,0.0,1135.2,889.84,245.36,0.2161,68.55,9,4.5
ORD02260,2025-04-05,CUST0442,Central,Chhattisgarh,Consumer,Clothing,Backpack,Online,UPI,5,925.73,0.1,4628.65,462.86,4165.78,3060.69,1105.1,0.2653,196.23,4,3.3
ORD02261,2025-05-10,CUST0608,Central,Madhya Pradesh,Consumer,Electronics,Headphones,Online,UPI,5,992.41,0.05,4962.05,248.1,4713.95,2832.87,1881.08,0.399,93.71,7,3.4
ORD02262,2024-05-06,CUST0282,North,Delhi,Consumer,Clothing,T-Shirt,Online,UPI,3,53.46,0.1,160.38,16.04,144.34,104.65,39.69,0.275,288.28,10,3.7
ORD02263,2022-05-26,CUST0944,North,Uttar Pradesh,Consumer,Office Supplies,Notebook,Store,UPI,2,817.45,0.15,1634.9,245.24,1389.66,957.55,432.12,0.3109,95.93,4,3.7
ORD02264,2024-07-03,CUST0113,East,West Bengal,Corporate,Electronics,Laptop,Partner,Debit Card,8,1180.7,0.1,9445.6,944.56,8501.04,6929.3,1571.74,0.1849,47.48,5,3.5
ORD02265,2024-09-19,CUST0267,Central,Madhya Pradesh,Consumer,Clothing,Jeans,Store,Net Banking,7,117.61,0.1,823.27,82.33,740.94,509.54,231.4,0.3123,266.57,1,3.2
ORD02266,2022-08-30,CUST0535,North,Punjab,Small Business,Electronics,Headphones,Store,Credit Card,5,628.56,0.1,3142.8,314.28,2828.52,1585.05,1243.47,0.4396,136.04,10,3.0
ORD02267,2023-08-04,CUST0930,North,Uttar Pradesh,Corporate,Office Supplies,Printer Paper,Online,Net Banking,1,499.87,0.0,499.87,0.0,499.87,310.58,189.29,0.3787,119.62,1,4.5
ORD02268,2023-11-18,CUST0801,West,Gujarat,Consumer,Home Appliances,Vacuum Cleaner,Partner,Debit Card,10,1371.79,0.15,13717.9,2057.68,11660.22,9301.27,2358.94,0.2023,267.91,10,4.0
ORD02269,2023-04-28,CUST0465,North,Haryana,Corporate,Furniture,Cabinet,Online,Credit Card,1,290.92,0.15,290.92,43.64,247.28,200.26,47.02,0.1902,202.97,10,5.0
ORD02270,2025-02-05,CUST0993,South,Andhra Pradesh,Small Business,Clothing,Jacket,Partner,UPI,8,487.77,0.1,3902.16,390.22,3511.94,2622.35,889.59,0.2533,169.01,3,4.0
ORD02271,2025-06-03,CUST0386,West,Goa,Consumer,Office Supplies,Printer Paper,Online,Debit Card,4,1349.19,0.05,5396.76,269.84,5126.92,2898.52,2228.4,0.4346,111.6,6,4.2
ORD02272,2023-11-04,CUST0508,South,Karnataka,Consumer,Office Supplies,Notebook,Online,Net Banking,4,506.02,0.15,2024.08,303.61,1720.47,957.19,763.28,0.4436,101.9,1,4.8
ORD02273,2023-09-23,CUST0113,North,Uttar Pradesh,Consumer,Electronics,Headphones,Store,Debit Card,9,804.05,0.1,7236.45,723.64,6512.8,4425.39,2087.41,0.3205,182.26,4,4.3
ORD02274,2023-10-23,CUST0317,West,Goa,Consumer,Electronics,Headphones,Store,UPI,2,64.06,0.0,128.12,0.0,128.12,105.05,23.07,0.1801,160.39,9,3.8
ORD02275,2023-10-24,CUST0132,West,Goa,Consumer,Furniture,Office Chair,Online,Debit Card,5,1477.58,0.2,7387.9,1477.58,5910.32,4637.89,1272.43,0.2153,97.28,2,3.7
ORD02276,2025-12-26,CUST0524,Central,Chhattisgarh,Consumer,Electronics,Headphones,Store,Credit Card,6,1240.05,0.15,7440.3,1116.04,6324.25,5071.67,1252.59,0.1981,71.53,2,4.2
ORD02277,2024-03-15,CUST0925,South,Tamil Nadu,Corporate,Clothing,Backpack,Online,Debit Card,6,957.09,0.1,5742.54,574.25,5168.29,3712.67,1455.62,0.2816,249.04,2,4.3
ORD02278,2023-02-23,CUST0746,North,Uttar Pradesh,Corporate,Clothing,Backpack,Online,UPI,10,105.22,0.1,1052.2,105.22,946.98,740.5,206.48,0.218,212.57,10,4.2
ORD02279,2024-09-14,CUST0751,West,Goa,Corporate,Clothing,Backpack,Store,UPI,3,126.18,0.25,378.54,94.64,283.91,180.65,103.25,0.3637,298.12,10,3.9
ORD02280,2025-03-29,CUST0875,East,Odisha,Consumer,Home Appliances,Vacuum Cleaner,Online,UPI,10,824.29,0.15,8242.9,1236.44,7006.46,3905.32,3101.14,0.4426,164.42,7,3.7
ORD02281,2023-10-12,CUST0103,South,Tamil Nadu,Consumer,Clothing,T-Shirt,Store,Cash,6,438.32,0.1,2629.92,262.99,2366.93,1888.64,478.29,0.2021,298.43,7,4.3
ORD02282,2024-08-26,CUST0682,West,Goa,Consumer,Electronics,Tablet,Online,UPI,10,939.84,0.15,9398.4,1409.76,7988.64,4864.89,3123.75,0.391,149.03,6,3.9
ORD02283,2023-08-13,CUST0979,South,Telangana,Consumer,Electronics,Smartphone,Online,Cash,10,903.32,0.05,9033.2,451.66,8581.54,6407.76,2173.78,0.2533,169.79,2,3.2
ORD02284,2025-01-05,CUST0185,South,Andhra Pradesh,Small Business,Clothing,Backpack,Online,Credit Card,5,1260.4,0.0,6302.0,0.0,6302.0,4587.36,1714.64,0.2721,78.55,5,3.6
ORD02285,2023-05-24,CUST0946,North,Haryana,Consumer,Office Supplies,Pens,Online,Credit Card,8,432.84,0.05,3462.72,173.14,3289.58,1949.75,1339.83,0.4073,61.86,6,3.4
ORD02286,2023-03-17,CUST0066,South,Tamil Nadu,Consumer,Office Supplies,Printer Paper,Online,Debit Card,4,873.13,0.05,3492.52,174.63,3317.89,2000.23,1317.67,0.3971,283.26,6,4.2
ORD02287,2025-07-01,CUST0135,South,Karnataka,Consumer,Office Supplies,Notebook,Store,Credit Card,10,1169.38,0.15,11693.8,1754.07,9939.73,6349.99,3589.74,0.3612,294.74,10,3.6
ORD02288,2024-07-09,CUST0125,East,Bihar,Small Business,Furniture,Office Chair,Partner,UPI,10,743.8,0.0,7438.0,0.0,7438.0,5611.01,1826.99,0.2456,173.32,6,5.0
ORD02289,2024-02-09,CUST0057,West,Maharashtra,Corporate,Home Appliances,Coffee Maker,Store,UPI,3,1248.51,0.15,3745.53,561.83,3183.7,1784.77,1398.93,0.4394,96.23,6,4.3
ORD02290,2025-09-05,CUST0302,Central,Chhattisgarh,Consumer,Clothing,Jeans,Store,UPI,6,209.95,0.1,1259.7,125.97,1133.73,748.16,385.57,0.3401,286.39,1,5.0
ORD02291,2022-09-20,CUST0790,North,Delhi,Consumer,Furniture,Desk,Online,UPI,10,1104.84,0.05,11048.4,552.42,10495.98,7657.66,2838.32,0.2704,243.09,4,5.0
ORD02292,2025-10-29,CUST0907,North,Delhi,Consumer,Office Supplies,File Folder,Online,Cash,9,1415.33,0.05,12737.97,636.9,12101.07,7215.83,4885.24,0.4037,70.35,1,3.8
ORD02293,2023-09-29,CUST0929,North,Delhi,Corporate,Clothing,Backpack,Online,Net Banking,8,507.85,0.1,4062.8,406.28,3656.52,2128.98,1527.54,0.4178,103.54,3,4.7
ORD02294,2025-04-05,CUST0694,North,Punjab,Small Business,Furniture,Sofa,Online,Credit Card,10,559.01,0.05,5590.1,279.51,5310.6,3480.34,1830.26,0.3446,21.18,2,4.1
ORD02295,2023-04-04,CUST0660,West,Maharashtra,Corporate,Electronics,Headphones,Store,Debit Card,8,139.07,0.1,1112.56,111.26,1001.3,628.19,373.11,0.3726,182.96,2,4.7
ORD02296,2024-09-25,CUST0773,West,Rajasthan,Corporate,Office Supplies,File Folder,Online,Debit Card,3,967.62,0.15,2902.86,435.43,2467.43,1789.52,677.91,0.2747,167.39,6,3.2
ORD02297,2025-07-27,CUST0836,West,Gujarat,Consumer,Furniture,Bookshelf,Online,Credit Card,1,835.39,0.1,835.39,83.54,751.85,610.34,141.51,0.1882,65.89,1,4.2
ORD02298,2023-12-01,CUST0014,South,Tamil Nadu,Consumer,Electronics,Headphones,Online,UPI,3,74.91,0.15,224.73,33.71,191.02,105.29,85.73,0.4488,115.01,4,4.2
ORD02299,2022-10-29,CUST0899,South,Andhra Pradesh,Small Business,Office Supplies,File Folder,Online,UPI,3,1132.03,0.15,3396.09,509.41,2886.68,2290.99,595.69,0.2064,282.98,9,4.8
ORD02300,2025-05-26,CUST0626,East,Jharkhand,Consumer,Home Appliances,Blender,Online,Credit Card,6,1246.49,0.15,7478.94,1121.84,6357.1,4240.0,2117.1,0.333,201.72,3,3.3
ORD02301,2025-01-30,CUST0466,North,Haryana,Small Business,Office Supplies,Stapler,Store,UPI,3,1362.07,0.05,4086.21,204.31,3881.9,2831.0,1050.9,0.2707,261.64,8,3.8
ORD02302,2023-07-08,CUST0442,West,Maharashtra,Consumer,Home Appliances,Vacuum Cleaner,Online,UPI,2,825.42,0.25,1650.84,412.71,1238.13,965.47,272.66,0.2202,254.73,9,4.1
ORD02303,2022-10-15,CUST0027,Central,Chhattisgarh,Consumer,Home Appliances,Microwave,Store,Credit Card,9,687.08,0.1,6183.72,618.37,5565.35,3922.65,1642.7,0.2952,277.78,2,4.3
ORD02304,2025-04-05,CUST0772,South,Tamil Nadu,Corporate,Home Appliances,Blender,Online,Debit Card,6,1316.06,0.15,7896.36,1184.45,6711.91,3867.9,2844.01,0.4237,31.63,5,5.0
ORD02305,2023-09-13,CUST0384,West,Maharashtra,Consumer,Clothing,Jacket,Store,Net Banking,5,607.06,0.15,3035.3,455.29,2580.0,1516.94,1063.06,0.412,93.49,6,4.2
ORD02306,2024-10-02,CUST0963,East,West Bengal,Consumer,Clothing,Jacket,Store,UPI,3,988.33,0.1,2964.99,296.5,2668.49,2036.34,632.15,0.2369,136.36,5,4.3
ORD02307,2022-02-05,CUST0320,North,Punjab,Consumer,Home Appliances,Vacuum Cleaner,Store,Debit Card,7,928.81,0.25,6501.67,1625.42,4876.25,2983.57,1892.69,0.3881,199.23,6,4.6
ORD02308,2024-01-14,CUST0219,East,Odisha,Corporate,Electronics,Smartphone,Online,Debit Card,7,567.66,0.05,3973.62,198.68,3774.94,2656.2,1118.74,0.2964,190.28,5,4.1
ORD02309,2022-12-19,CUST0732,South,Tamil Nadu,Consumer,Home Appliances,Vacuum Cleaner,Online,Credit Card,4,144.03,0.1,576.12,57.61,518.51,345.11,173.4,0.3344,88.91,7,3.6
ORD02310,2022-03-14,CUST0854,North,Punjab,Consumer,Furniture,Office Chair,Partner,Credit Card,10,46.8,0.0,468.0,0.0,468.0,295.77,172.23,0.368,73.99,5,3.5
ORD02311,2023-10-10,CUST0170,West,Maharashtra,Corporate,Home Appliances,Air Cooler,Online,Net Banking,2,650.93,0.0,1301.86,0.0,1301.86,992.64,309.22,0.2375,142.48,5,4.5
ORD02312,2025-10-08,CUST0413,Central,Chhattisgarh,Consumer,Clothing,Jeans,Online,Credit Card,2,729.58,0.15,1459.16,218.87,1240.29,927.03,313.26,0.2526,90.17,7,3.9
ORD02313,2024-12-29,CUST0592,South,Andhra Pradesh,Small Business,Clothing,Jacket,Online,Debit Card,8,1236.68,0.0,9893.44,0.0,9893.44,7167.3,2726.14,0.2756,290.23,3,3.4
ORD02314,2023-03-01,CUST0419,South,Andhra Pradesh,Consumer,Furniture,Cabinet,Store,Credit Card,4,630.4,0.2,2521.6,504.32,2017.28,1312.49,704.79,0.3494,290.33,10,3.4
ORD02315,2024-09-25,CUST0787,Central,Madhya Pradesh,Corporate,Furniture,Sofa,Online,Net Banking,7,432.52,0.1,3027.64,302.76,2724.88,1665.3,1059.58,0.3889,51.74,7,4.0
ORD02316,2023-12-09,CUST0116,West,Gujarat,Consumer,Office Supplies,Printer Paper,Store,Credit Card,3,701.21,0.1,2103.63,210.36,1893.27,1305.01,588.25,0.3107,217.43,8,4.3
ORD02317,2023-07-15,CUST0606,West,Rajasthan,Corporate,Electronics,Tablet,Store,Debit Card,9,368.42,0.05,3315.78,165.79,3149.99,2427.44,722.55,0.2294,83.9,5,4.5
ORD02318,2024-04-07,CUST0975,South,Telangana,Corporate,Electronics,Tablet,Online,UPI,10,150.67,0.0,1506.7,0.0,1506.7,1062.87,443.83,0.2946,220.88,4,4.1
ORD02319,2024-08-13,CUST0069,Central,Chhattisgarh,Small Business,Electronics,Monitor,Online,Debit Card,9,182.87,0.2,1645.83,329.17,1316.66,1069.05,247.61,0.1881,234.79,2,3.2
ORD02320,2023-06-01,CUST0287,North,Uttar Pradesh,Consumer,Clothing,Jeans,Online,Debit Card,7,488.94,0.15,3422.58,513.39,2909.19,1612.18,1297.01,0.4458,33.49,5,3.6
ORD02321,2023-03-04,CUST0683,West,Goa,Consumer,Electronics,Monitor,Online,Debit Card,7,33.82,0.05,236.74,11.84,224.9,184.32,40.58,0.1804,214.7,6,2.9
ORD02322,2022-06-09,CUST0607,North,Punjab,Corporate,Office Supplies,Notebook,Online,Net Banking,1,342.0,0.0,342.0,0.0,342.0,251.94,90.06,0.2633,271.1,9,4.9
ORD02323,2022-05-29,CUST0969,West,Gujarat,Consumer,Office Supplies,File Folder,Online,Cash,10,1184.47,0.05,11844.7,592.24,11252.46,8718.66,2533.81,0.2252,80.56,6,2.8
ORD02324,2024-02-15,CUST0461,South,Karnataka,Consumer,Electronics,Laptop,Store,Debit Card,8,363.41,0.0,2907.28,0.0,2907.28,1861.93,1045.35,0.3596,52.36,6,4.2
ORD02325,2025-06-07,CUST0149,South,Tamil Nadu,Small Business,Furniture,Bookshelf,Store,Credit Card,2,179.43,0.15,358.86,53.83,305.03,209.63,95.4,0.3127,178.71,6,4.5
ORD02326,2022-03-08,CUST0878,South,Tamil Nadu,Consumer,Office Supplies,Stapler,Online,Credit Card,8,1424.38,0.15,11395.04,1709.26,9685.78,7411.44,2274.35,0.2348,164.89,8,4.4
ORD02327,2024-10-10,CUST0735,North,Uttar Pradesh,Small Business,Furniture,Cabinet,Store,Net Banking,2,939.37,0.1,1878.74,187.87,1690.87,1277.24,413.63,0.2446,268.02,6,5.0
ORD02328,2023-01-16,CUST0193,West,Rajasthan,Consumer,Clothing,Shoes,Store,UPI,1,104.14,0.2,104.14,20.83,83.31,53.34,29.98,0.3598,146.3,1,3.5
ORD02329,2022-02-27,CUST0233,Central,Madhya Pradesh,Corporate,Office Supplies,Printer Paper,Online,Net Banking,8,107.43,0.0,859.44,0.0,859.44,547.97,311.47,0.3624,135.79,1,3.7
ORD02330,2025-07-06,CUST0717,Central,Chhattisgarh,Corporate,Furniture,Cabinet,Online,UPI,4,924.0,0.1,3696.0,369.6,3326.4,2424.81,901.59,0.271,219.91,10,2.8
ORD02331,2022-12-08,CUST0162,North,Haryana,Consumer,Electronics,Laptop,Partner,Cash,10,817.09,0.15,8170.9,1225.64,6945.26,5570.71,1374.55,0.1979,41.68,2,4.1
ORD02332,2025-02-27,CUST0957,West,Rajasthan,Small Business,Clothing,Shoes,Store,Net Banking,6,116.54,0.0,699.24,0.0,699.24,467.42,231.82,0.3315,35.97,1,3.5
ORD02333,2023-12-28,CUST0548,West,Gujarat,Consumer,Home Appliances,Blender,Store,Net Banking,10,348.11,0.05,3481.1,174.06,3307.05,2134.02,1173.03,0.3547,161.38,3,4.5
ORD02334,2025-04-10,CUST0976,South,Andhra Pradesh,Small Business,Home Appliances,Coffee Maker,Online,UPI,10,1394.63,0.1,13946.3,1394.63,12551.67,9935.47,2616.2,0.2084,44.93,3,3.6
ORD02335,2024-02-09,CUST0458,North,Punjab,Corporate,Electronics,Smartphone,Store,Debit Card,1,864.44,0.05,864.44,43.22,821.22,603.12,218.09,0.2656,282.96,4,4.2
ORD02336,2023-09-06,CUST0742,West,Gujarat,Consumer,Clothing,T-Shirt,Store,UPI,9,668.88,0.1,6019.92,601.99,5417.93,3547.85,1870.08,0.3452,203.19,6,5.0
ORD02337,2025-05-17,CUST0553,Central,Madhya Pradesh,Small Business,Clothing,Backpack,Online,UPI,7,386.48,0.1,2705.36,270.54,2434.82,1376.81,1058.02,0.4345,231.02,10,3.5
ORD02338,2022-12-20,CUST0162,West,Gujarat,Consumer,Clothing,Jeans,Partner,UPI,5,213.54,0.05,1067.7,53.39,1014.32,755.46,258.85,0.2552,84.08,7,4.8
ORD02339,2022-04-26,CUST0153,South,Andhra Pradesh,Small Business,Clothing,Jacket,Online,Credit Card,6,612.91,0.0,3677.46,0.0,3677.46,2372.99,1304.47,0.3547,158.33,9,2.9
ORD02340,2025-07-11,CUST0441,East,Bihar,Consumer,Home Appliances,Coffee Maker,Online,UPI,3,1384.71,0.0,4154.13,0.0,4154.13,2363.92,1790.21,0.4309,57.48,8,4.3
ORD02341,2023-10-24,CUST0321,North,Delhi,Small Business,Furniture,Cabinet,Online,UPI,9,87.34,0.1,786.06,78.61,707.45,506.05,201.4,0.2847,76.87,6,4.3
ORD02342,2023-03-29,CUST0076,West,Rajasthan,Corporate,Clothing,Backpack,Store,UPI,2,1486.6,0.0,2973.2,0.0,2973.2,1894.56,1078.64,0.3628,179.1,9,3.8
ORD02343,2022-10-14,CUST0380,West,Goa,Consumer,Furniture,Cabinet,Store,Credit Card,10,323.6,0.2,3236.0,647.2,2588.8,1660.41,928.39,0.3586,98.38,4,4.4
ORD02344,2025-08-19,CUST0763,North,Punjab,Corporate,Clothing,Jacket,Store,Debit Card,1,622.02,0.15,622.02,93.3,528.72,359.2,169.52,0.3206,276.8,6,4.2
ORD02345,2024-10-13,CUST0790,Central,Chhattisgarh,Consumer,Office Supplies,Notebook,Partner,Credit Card,1,81.9,0.05,81.9,4.1,77.81,57.86,19.94,0.2563,298.67,7,4.2
ORD02346,2022-11-07,CUST0700,South,Andhra Pradesh,Consumer,Office Supplies,Pens,Online,Net Banking,10,883.4,0.15,8834.0,1325.1,7508.9,4690.13,2818.77,0.3754,21.1,2,3.6
ORD02347,2022-07-27,CUST0438,Central,Madhya Pradesh,Consumer,Office Supplies,Pens,Store,UPI,2,733.08,0.1,1466.16,146.62,1319.54,754.59,564.96,0.4281,232.55,1,3.8
ORD02348,2023-09-10,CUST0889,South,Andhra Pradesh,Consumer,Clothing,Jeans,Store,Credit Card,6,1005.06,0.0,6030.36,0.0,6030.36,4007.75,2022.61,0.3354,52.29,10,4.6
ORD02349,2023-03-22,CUST0790,North,Haryana,Consumer,Furniture,Sofa,Partner,Credit Card,6,820.88,0.1,4925.28,492.53,4432.75,2503.75,1929.0,0.4352,180.89,8,3.4
ORD02350,2023-11-01,CUST0701,South,Karnataka,Consumer,Home Appliances,Air Cooler,Online,UPI,9,606.29,0.15,5456.61,818.49,4638.12,3424.15,1213.97,0.2617,83.98,8,3.7
ORD02351,2023-09-25,CUST0126,South,Telangana,Consumer,Electronics,Smartphone,Partner,Credit Card,10,1110.57,0.0,11105.7,0.0,11105.7,8984.46,2121.24,0.191,290.16,7,3.1
ORD02352,2022-02-24,CUST0752,North,Punjab,Consumer,Home Appliances,Vacuum Cleaner,Online,Cash,4,52.16,0.05,208.64,10.43,198.21,144.27,53.94,0.2721,265.23,9,4.0
ORD02353,2024-06-30,CUST0706,East,Odisha,Consumer,Clothing,Jeans,Store,UPI,8,818.43,0.0,6547.44,0.0,6547.44,4087.93,2459.51,0.3756,186.71,9,5.0
ORD02354,2024-11-01,CUST0941,East,Odisha,Corporate,Office Supplies,File Folder,Store,Debit Card,4,184.11,0.05,736.44,36.82,699.62,419.11,280.51,0.4009,69.28,3,4.3
ORD02355,2023-10-19,CUST0200,West,Maharashtra,Corporate,Office Supplies,Printer Paper,Store,UPI,3,662.47,0.05,1987.41,99.37,1888.04,1157.09,730.95,0.3871,239.15,1,3.3
ORD02356,2025-11-24,CUST0225,North,Delhi,Consumer,Furniture,Desk,Online,Debit Card,4,1189.82,0.1,4759.28,475.93,4283.35,2612.14,1671.22,0.3902,165.68,9,4.9
ORD02357,2024-09-06,CUST0581,East,Odisha,Small Business,Clothing,Backpack,Online,Net Banking,1,226.55,0.0,226.55,0.0,226.55,143.8,82.75,0.3653,191.24,1,3.4
ORD02358,2023-05-30,CUST0192,North,Haryana,Corporate,Home Appliances,Air Cooler,Online,Debit Card,9,1404.68,0.0,12642.12,0.0,12642.12,7285.45,5356.67,0.4237,221.02,1,
ORD02359,2022-08-25,CUST0522,West,Maharashtra,Corporate,Clothing,Backpack,Store,Cash,5,1334.43,0.05,6672.15,333.61,6338.54,5019.14,1319.4,0.2082,136.57,5,4.0
ORD02360,2025-07-26,CUST0963,North,Delhi,Consumer,Clothing,T-Shirt,Store,UPI,7,631.13,0.15,4417.91,662.69,3755.22,2962.81,792.42,0.211,22.17,2,4.3
ORD02361,2022-12-14,CUST0779,Central,Madhya Pradesh,Consumer,Office Supplies,Printer Paper,Partner,Net Banking,3,23.87,0.05,71.61,3.58,68.03,48.72,19.31,0.2839,121.97,2,4.7
ORD02362,2023-09-19,CUST0246,West,Goa,Small Business,Home Appliances,Blender,Online,Credit Card,5,1187.77,0.1,5938.85,593.89,5344.96,3029.09,2315.87,0.4333,135.82,5,3.1
ORD02363,2025-02-01,CUST0990,East,Odisha,Small Business,Electronics,Headphones,Online,Debit Card,10,1323.13,0.1,13231.3,1323.13,11908.17,9134.52,2773.65,0.2329,122.74,7,3.8
ORD02364,2023-09-22,CUST0412,South,Andhra Pradesh,Consumer,Office Supplies,Pens,Online,UPI,4,274.49,0.15,1097.96,164.69,933.27,528.87,404.4,0.4333,252.7,6,4.5
ORD02365,2025-06-25,CUST0773,North,Punjab,Consumer,Home Appliances,Coffee Maker,Online,UPI,7,1375.55,0.1,9628.85,962.89,8665.96,5015.29,3650.68,0.4213,113.06,5,3.9
ORD02366,2022-12-30,CUST0524,South,Andhra Pradesh,Corporate,Furniture,Bookshelf,Store,,5,1372.43,0.0,6862.15,0.0,6862.15,4376.89,2485.26,0.3622,136.57,3,3.6
ORD02367,2022-11-17,CUST0556,Central,Chhattisgarh,Corporate,Office Supplies,Notebook,Store,Debit Card,2,714.87,0.05,1429.74,71.49,1358.25,905.27,452.98,0.3335,37.25,9,3.9
ORD02368,2022-10-13,CUST0621,Central,Madhya Pradesh,Small Business,Furniture,Cabinet,Partner,Debit Card,3,1200.08,0.0,3600.24,0.0,3600.24,2324.13,1276.11,0.3544,220.72,8,3.7
ORD02369,2022-05-29,CUST0349,North,Haryana,Consumer,Office Supplies,Notebook,Online,UPI,8,675.75,0.1,5406.0,540.6,4865.4,2893.03,1972.37,0.4054,80.32,3,3.8
ORD02370,2025-01-12,CUST0090,East,Jharkhand,Consumer,Clothing,T-Shirt,Online,Debit Card,3,852.61,0.0,2557.83,0.0,2557.83,1484.24,1073.59,0.4197,85.8,7,4.8
ORD02371,2023-02-10,CUST0989,West,Rajasthan,Consumer,Home Appliances,Microwave,Online,Debit Card,7,489.96,0.05,3429.72,171.49,3258.23,2548.08,710.16,0.218,184.32,3,3.8
ORD02372,2024-09-04,CUST0797,West,Rajasthan,Consumer,Furniture,Cabinet,Store,Credit Card,5,251.81,0.1,1259.05,125.9,1133.14,734.34,398.8,0.3519,295.39,6,4.8
ORD02373,2023-04-01,CUST0462,North,Punjab,Consumer,Office Supplies,File Folder,Partner,Debit Card,7,1123.61,0.05,7865.27,393.26,7472.01,4550.62,2921.39,0.391,134.84,3,4.6
ORD02374,2024-03-10,CUST0292,South,Karnataka,Small Business,Furniture,Sofa,Online,Credit Card,10,17.07,0.15,170.7,25.6,145.1,98.88,46.21,0.3185,111.6,8,4.3
ORD02375,2025-03-30,CUST0291,South,Andhra Pradesh,Consumer,Office Supplies,Printer Paper,Online,Cash,9,875.64,0.05,7880.76,394.04,7486.72,4192.13,3294.59,0.4401,30.14,3,3.7
ORD02376,2024-10-09,CUST0369,West,Goa,Small Business,Office Supplies,Pens,Store,Credit Card,7,1299.06,,9093.42,2273.36,6820.06,4856.4,1963.66,0.2879,240.46,5,4.2
ORD02377,2024-02-23,CUST0264,East,Odisha,Consumer,Electronics,Monitor,Store,Cash,6,343.6,0.25,2061.6,515.4,1546.2,954.15,592.05,0.3829,93.16,3,4.1
ORD02378,2023-04-05,CUST0272,East,Bihar,Consumer,Electronics,Laptop,Online,Debit Card,1,509.36,0.15,509.36,76.4,432.96,308.05,124.9,0.2885,235.28,8,3.7
ORD02379,2024-01-08,CUST0811,Central,Chhattisgarh,Consumer,Electronics,Tablet,Store,Debit Card,4,887.42,0.25,3549.68,887.42,2662.26,1905.68,756.58,0.2842,99.03,10,4.1
ORD02380,2023-05-24,CUST0069,West,Maharashtra,Consumer,Furniture,Cabinet,Online,Credit Card,8,381.6,0.05,3052.8,152.64,2900.16,2228.75,671.41,0.2315,28.37,9,3.7
ORD02381,2023-04-26,CUST0144,Central,Chhattisgarh,Small Business,Clothing,T-Shirt,Partner,UPI,1,1273.52,0.15,1273.52,191.03,1082.49,662.57,419.93,0.3879,159.5,6,5.0
ORD02382,2022-04-24,CUST0056,East,Bihar,Consumer,Office Supplies,Printer Paper,Online,UPI,6,559.41,0.05,3356.46,167.82,3188.64,2152.76,1035.88,0.3249,273.7,10,3.3
ORD02383,2024-01-19,CUST0553,North,Uttar Pradesh,Consumer,Home Appliances,Vacuum Cleaner,Online,UPI,2,878.7,0.15,1757.4,263.61,1493.79,1209.54,284.25,0.1903,78.97,4,4.4
ORD02384,2022-12-27,CUST0077,Central,Chhattisgarh,Consumer,Electronics,Headphones,Online,Credit Card,9,350.79,0.05,3157.11,157.86,2999.25,2238.41,760.84,0.2537,63.1,10,4.0
ORD02385,2022-12-07,CUST0520,East,West Bengal,Consumer,Furniture,Desk,Online,Cash,8,76.46,0.05,611.68,30.58,581.1,472.63,108.47,0.1867,71.74,4,4.5
ORD02386,2024-02-09,CUST0310,North,Delhi,Corporate,Furniture,Cabinet,Online,,9,272.94,0.25,2456.46,614.12,1842.34,1474.59,367.75,0.1996,213.28,5,4.5
ORD02387,2024-01-31,CUST0090,South,Andhra Pradesh,Consumer,Furniture,Office Chair,Store,Debit Card,9,83.61,0.05,752.49,37.62,714.87,511.06,203.81,0.2851,122.87,3,4.7
ORD02388,2024-08-26,CUST0376,North,Uttar Pradesh,Corporate,Home Appliances,Vacuum Cleaner,Online,UPI,2,710.88,0.15,1421.76,213.26,1208.5,750.79,457.7,0.3787,91.7,4,3.8
ORD02389,2023-03-25,CUST0901,East,Bihar,Corporate,Home Appliances,Microwave,Store,,2,886.16,0.15,1772.32,265.85,1506.47,1136.44,370.04,0.2456,114.56,4,3.1
ORD02390,2024-04-14,CUST0777,Central,Madhya Pradesh,Consumer,Electronics,Tablet,Online,Debit Card,9,81.34,0.05,732.06,36.6,695.46,513.59,181.87,0.2615,106.55,1,5.0
ORD02391,2025-04-18,CUST0998,Central,Madhya Pradesh,Consumer,Home Appliances,Microwave,Online,Credit Card,2,149.37,0.1,298.74,29.87,268.87,190.63,78.24,0.291,172.26,1,3.8
ORD02392,2025-12-01,CUST0194,Central,Chhattisgarh,Corporate,Electronics,Monitor,Partner,UPI,4,736.0,0.0,2944.0,0.0,2944.0,2173.89,770.11,0.2616,57.33,9,3.1
ORD02393,2025-05-04,CUST0583,North,Haryana,Corporate,Home Appliances,Microwave,Store,Net Banking,2,1201.78,0.2,2403.56,480.71,1922.85,1376.12,546.73,0.2843,162.44,3,4.2
ORD02394,2022-11-07,CUST0798,South,Tamil Nadu,Consumer,Home Appliances,Vacuum Cleaner,Online,Credit Card,1,947.59,0.25,947.59,236.9,710.69,490.54,220.15,0.3098,107.29,5,3.9
ORD02395,2022-09-19,CUST0337,North,Delhi,Consumer,Home Appliances,Microwave,Online,UPI,10,170.49,0.15,1704.9,255.74,1449.16,959.79,489.37,0.3377,281.14,2,4.5
ORD02396,2025-12-13,CUST0506,Central,Madhya Pradesh,Consumer,Electronics,Laptop,Store,Net Banking,7,1333.0,0.15,9331.0,1399.65,7931.35,4457.98,3473.37,0.4379,138.11,1,4.0
ORD02397,2023-02-10,CUST0108,South,Andhra Pradesh,Consumer,Office Supplies,Pens,Online,Credit Card,5,1377.41,0.0,6887.05,0.0,6887.05,5397.63,1489.42,0.2163,48.0,7,4.8
ORD02398,2022-05-23,CUST0607,West,Rajasthan,Consumer,Electronics,Laptop,Store,Credit Card,3,497.56,0.05,1492.68,74.63,1418.05,1111.32,306.73,0.2163,281.41,10,3.9
ORD02399,2022-12-08,CUST0511,West,Goa,Consumer,Office Supplies,Printer Paper,Online,Net Banking,8,929.79,0.05,7438.32,371.92,7066.4,5019.92,2046.48,0.2896,282.5,9,3.2
ORD02400,2025-09-01,CUST0321,South,Andhra Pradesh,Consumer,Furniture,Sofa,Online,Debit Card,5,746.11,0.1,3730.55,373.06,3357.5,2089.47,1268.03,0.3777,69.14,4,4.4
ORD02401,2025-01-29,CUST0476,South,Tamil Nadu,Consumer,Furniture,Desk,Online,Credit Card,1,1413.91,0.0,1413.91,0.0,1413.91,788.39,625.52,0.4424,248.6,4,3.3
ORD02402,2022-09-01,CUST0286,Central,Chhattisgarh,Consumer,Electronics,Headphones,Store,Debit Card,9,770.49,0.1,6934.41,693.44,6240.97,3434.94,2806.03,0.4496,261.34,3,4.1
ORD02403,2023-05-05,CUST0815,Central,Madhya Pradesh,Small Business,Office Supplies,Printer Paper,Online,Debit Card,5,1440.55,0.15,7202.75,1080.41,6122.34,3487.8,2634.53,0.4303,119.57,3,4.7
ORD02404,2022-01-12,CUST0351,South,Andhra Pradesh,Corporate,Office Supplies,Stapler,Online,Net Banking,3,311.02,0.0,933.06,0.0,933.06,603.85,329.21,0.3528,64.66,2,3.6
ORD02405,2025-06-16,CUST0856,East,Odisha,Small Business,Office Supplies,Notebook,Store,UPI,6,528.12,0.0,3168.72,0.0,3168.72,1903.98,1264.74,0.3991,243.57,3,4.4
ORD02406,2023-07-15,CUST0927,Central,Madhya Pradesh,Consumer,Furniture,Bookshelf,Store,Debit Card,8,1175.3,0.0,9402.4,0.0,9402.4,5844.21,3558.19,0.3784,27.93,5,4.2
ORD02407,2022-02-11,CUST0956,North,Delhi,Corporate,Electronics,Monitor,Online,UPI,2,1178.66,0.15,2357.32,353.6,2003.72,1480.57,523.16,0.2611,193.43,8,3.7
ORD02408,2023-11-09,CUST0245,South,Tamil Nadu,Consumer,Clothing,Backpack,Partner,Cash,3,1102.29,0.05,3306.87,165.34,3141.53,2541.4,600.12,0.191,115.75,8,4.9
ORD02409,2023-08-17,CUST0587,North,Delhi,Corporate,Office Supplies,Stapler,Store,Credit Card,7,1291.52,0.05,9040.64,452.03,8588.61,5203.23,3385.38,0.3942,186.89,5,4.4
ORD02410,2025-12-23,CUST0362,East,Jharkhand,Consumer,Office Supplies,File Folder,Online,Credit Card,2,1058.28,0.15,2116.56,317.48,1799.08,1215.68,583.4,0.3243,240.88,1,4.8
ORD02411,2025-03-27,CUST0336,North,Punjab,Consumer,Clothing,Backpack,Online,Cash,5,959.59,0.0,4797.95,0.0,4797.95,3923.28,874.67,0.1823,252.05,10,3.6
ORD02412,2025-05-24,CUST0649,South,Telangana,Small Business,Electronics,Headphones,Store,Cash,9,696.5,0.1,6268.5,626.85,5641.65,4522.08,1119.57,0.1984,299.57,2,4.1
ORD02413,2022-05-14,CUST0222,South,Karnataka,Corporate,Office Supplies,Pens,Online,,7,708.63,0.15,4960.41,744.06,4216.35,2720.07,1496.27,0.3549,199.26,8,4.7
ORD02414,2024-12-26,CUST0716,East,Jharkhand,Small Business,Electronics,Headphones,Online,Credit Card,3,618.15,0.1,1854.45,185.44,1669.0,1062.01,606.99,0.3637,82.57,10,4.1
ORD02415,2024-10-27,CUST0438,Central,Chhattisgarh,Consumer,Office Supplies,Notebook,Store,Debit Card,2,936.01,0.1,1872.02,187.2,1684.82,1036.81,648.0,0.3846,97.31,9,5.0
ORD02416,2024-08-05,CUST0573,West,Maharashtra,Consumer,Home Appliances,Coffee Maker,Online,Credit Card,10,618.9,0.0,6189.0,0.0,6189.0,3663.63,2525.37,0.408,142.12,7,3.7
ORD02417,2022-03-14,CUST0448,West,Goa,Consumer,Office Supplies,File Folder,Store,UPI,9,234.03,0.0,2106.27,0.0,2106.27,1420.08,686.19,0.3258,257.57,9,4.0
ORD02418,2023-02-03,CUST0976,West,Maharashtra,Corporate,Home Appliances,Air Cooler,Online,Credit Card,9,173.2,0.1,1558.8,155.88,1402.92,900.82,502.1,0.3579,122.72,9,4.5
ORD02419,2025-11-29,CUST0865,North,Uttar Pradesh,Corporate,Electronics,Tablet,Online,Credit Card,9,1387.84,0.0,12490.56,0.0,12490.56,9381.74,3108.82,0.2489,212.72,6,4.3
ORD02420,2023-08-01,CUST0262,South,Karnataka,Small Business,Office Supplies,Pens,Online,UPI,10,51.74,0.2,517.4,103.48,413.92,254.13,159.79,0.386,32.62,6,4.2
ORD02421,2024-05-08,CUST0301,Central,Chhattisgarh,Consumer,Furniture,Cabinet,Online,Cash,3,171.62,0.05,514.86,25.74,489.12,366.26,122.86,0.2512,140.42,7,4.2
ORD02422,2022-05-10,CUST0577,South,Andhra Pradesh,Corporate,Furniture,Sofa,Store,Debit Card,1,676.28,0.1,676.28,67.63,608.65,382.11,226.54,0.3722,66.77,1,2.9
ORD02423,2024-07-19,CUST0973,North,Haryana,Consumer,Clothing,Jacket,Store,Debit Card,9,405.45,0.05,3649.05,182.45,3466.6,2461.41,1005.19,0.29,282.76,9,3.9
ORD02424,2025-05-14,CUST0549,West,Maharashtra,Consumer,Furniture,Bookshelf,Online,Cash,7,617.69,0.2,4323.83,864.77,3459.06,2498.75,960.32,0.2776,241.6,1,4.2
ORD02425,2022-09-23,CUST0995,South,Andhra Pradesh,Consumer,Home Appliances,Coffee Maker,Partner,UPI,2,189.41,0.1,378.82,37.88,340.94,249.36,91.58,0.2686,58.85,8,4.2
ORD02426,2024-03-03,CUST0858,South,Telangana,Consumer,Furniture,Sofa,Online,Debit Card,6,209.4,0.1,1256.4,125.64,1130.76,675.45,455.31,0.4027,132.52,10,3.5
ORD02427,2022-09-10,CUST0234,Central,Chhattisgarh,Consumer,Furniture,Cabinet,Online,Debit Card,9,1203.98,0.1,10835.82,1083.58,9752.24,6108.14,3644.1,0.3737,42.57,2,4.2
ORD02428,2024-04-01,CUST0201,Central,Madhya Pradesh,Consumer,Furniture,Office Chair,Online,Credit Card,8,1142.28,0.05,9138.24,456.91,8681.33,5351.62,3329.71,0.3835,229.04,10,4.3
ORD02429,2025-08-05,CUST0401,South,Tamil Nadu,Consumer,Office Supplies,Notebook,Online,UPI,6,169.82,0.1,1018.92,101.89,917.03,647.02,270.01,0.2944,73.58,7,4.2
ORD02430,2022-06-13,CUST0614,Central,Chhattisgarh,Consumer,Clothing,Jacket,Store,Debit Card,6,1006.67,,6040.02,302.0,5738.02,3273.26,2464.76,0.4295,245.21,5,4.0
ORD02431,2022-04-05,CUST0110,West,Gujarat,Consumer,Electronics,Tablet,Online,Debit Card,8,919.83,0.1,7358.64,735.86,6622.78,4569.25,2053.53,0.3101,40.73,8,3.5
ORD02432,2024-04-12,CUST0995,West,Gujarat,Consumer,Clothing,T-Shirt,Online,Credit Card,9,1074.34,0.05,9669.06,483.45,9185.61,5269.01,3916.59,0.4264,180.43,10,3.6
ORD02433,2025-02-07,CUST0921,North,Haryana,Consumer,Home Appliances,Blender,Online,Debit Card,8,719.56,0.0,5756.48,0.0,5756.48,3689.93,2066.55,0.359,190.3,7,4.2
ORD02434,2022-12-02,CUST0562,North,Punjab,Small Business,Office Supplies,Notebook,Store,UPI,1,415.93,,415.93,0.0,415.93,305.88,110.05,0.2646,113.61,8,2.8
ORD02435,2024-04-01,CUST0508,West,Gujarat,Small Business,Office Supplies,File Folder,Partner,Credit Card,2,1000.56,0.0,2001.12,0.0,2001.12,1323.53,677.59,0.3386,65.98,2,4.7
ORD02436,2022-08-26,CUST0891,Central,Madhya Pradesh,Consumer,Furniture,Cabinet,Store,Credit Card,6,566.47,0.05,3398.82,169.94,3228.88,2020.28,1208.59,0.3743,110.67,10,3.8
ORD02437,2023-01-16,CUST0839,West,Gujarat,Small Business,Furniture,Office Chair,Online,Cash,8,340.15,0.2,2721.2,544.24,2176.96,1559.32,617.64,0.2837,158.74,9,4.2
ORD02438,2025-12-30,CUST0879,North,Delhi,Corporate,Home Appliances,Coffee Maker,Store,UPI,4,621.81,0.1,2487.24,248.72,2238.52,1678.6,559.91,0.2501,291.35,6,4.7
ORD02439,2024-06-17,CUST0799,North,Uttar Pradesh,Consumer,Office Supplies,File Folder,Online,Credit Card,4,1148.46,0.25,4593.84,1148.46,3445.38,2131.79,1313.59,0.3813,145.14,6,3.3
ORD02440,2023-04-28,CUST0672,West,Goa,Consumer,Electronics,Smartphone,Online,UPI,2,721.55,0.05,1443.1,72.16,1370.94,864.84,506.1,0.3692,73.03,6,4.3
ORD02441,2024-06-20,CUST0883,North,Haryana,Small Business,Clothing,Jacket,Store,Credit Card,10,460.3,0.1,4603.0,460.3,4142.7,2994.67,1148.03,0.2771,27.25,1,3.9
ORD02442,2024-11-14,CUST0816,East,Odisha,Corporate,Office Supplies,File Folder,Online,UPI,1,1250.32,0.15,1250.32,187.55,1062.77,861.49,201.28,0.1894,22.3,7,
ORD02443,2025-02-14,CUST0211,North,Uttar Pradesh,Small Business,Electronics,Headphones,Online,UPI,10,1324.24,0.1,13242.4,1324.24,11918.16,7243.21,4674.95,0.3923,136.69,2,4.9
ORD02444,2023-04-27,CUST0499,North,Haryana,Small Business,Electronics,Monitor,Online,UPI,9,658.38,0.1,5925.42,592.54,5332.88,3875.12,1457.76,0.2734,102.97,2,3.4
ORD02445,2025-11-16,CUST0657,West,Maharashtra,Consumer,Clothing,Jacket,Online,UPI,7,571.41,0.1,3999.87,399.99,3599.88,2861.11,738.77,0.2052,52.22,5,4.8
ORD02446,2024-07-05,CUST0189,West,Gujarat,Consumer,Electronics,Headphones,Online,Credit Card,9,924.86,0.1,8323.74,832.37,7491.37,5054.66,2436.71,0.3253,68.21,6,3.3
ORD02447,2024-09-20,CUST0185,South,Tamil Nadu,Consumer,Home Appliances,Microwave,Online,UPI,2,101.09,0.15,202.18,30.33,171.85,109.22,62.63,0.3645,117.97,1,3.1
ORD02448,2024-08-21,CUST0313,South,Andhra Pradesh,Consumer,Electronics,Smartphone,Online,Credit Card,10,1041.61,0.15,10416.1,1562.41,8853.68,6463.68,2390.01,0.2699,212.26,1,3.3
ORD02449,2023-06-21,CUST0454,West,Gujarat,Consumer,Home Appliances,Coffee Maker,Partner,Debit Card,5,1176.7,0.25,5883.5,1470.88,4412.62,2464.39,1948.23,0.4415,190.68,1,3.4
ORD02450,2025-01-07,CUST0985,South,Telangana,Consumer,Electronics,Laptop,Store,Cash,2,605.2,0.2,1210.4,242.08,968.32,626.74,341.58,0.3528,42.39,7,3.4
ORD02451,2025-04-11,CUST0249,East,West Bengal,Consumer,Furniture,Sofa,Store,UPI,10,274.3,0.1,2743.0,274.3,2468.7,1529.74,938.96,0.3803,60.05,1,4.5
ORD02452,2024-11-01,CUST0673,Central,Madhya Pradesh,Consumer,Electronics,Smartphone,Store,Cash,7,57.8,0.0,404.6,0.0,404.6,247.07,157.53,0.3894,274.35,9,5.0
ORD02453,2022-05-08,CUST0659,North,Haryana,Consumer,Home Appliances,Blender,Store,Credit Card,9,961.31,0.0,8651.79,0.0,8651.79,5178.4,3473.39,0.4015,39.9,3,4.9
ORD02454,2022-04-02,CUST0783,Central,Chhattisgarh,Consumer,Electronics,Smartphone,Online,UPI,3,414.46,0.0,1243.38,0.0,1243.38,931.3,312.08,0.251,75.68,10,4.0
ORD02455,2023-06-27,CUST0675,North,Haryana,Consumer,Electronics,Headphones,Online,Credit Card,1,703.88,0.0,703.88,0.0,703.88,568.65,135.23,0.1921,109.02,2,3.9
ORD02456,2024-04-25,CUST0689,East,Odisha,Consumer,Electronics,Laptop,Store,UPI,4,588.74,0.05,2354.96,117.75,2237.21,1462.89,774.33,0.3461,84.43,6,3.8
ORD02457,2024-09-15,CUST0992,South,Tamil Nadu,Corporate,Home Appliances,Coffee Maker,Online,Credit Card,4,274.7,0.0,1098.8,0.0,1098.8,618.91,479.89,0.4367,101.43,2,2.7
ORD02458,2023-03-23,CUST0230,Central,Chhattisgarh,Small Business,Electronics,Smartphone,Online,Credit Card,6,769.93,0.1,4619.58,461.96,4157.62,3093.71,1063.91,0.2559,223.77,5,4.1
ORD02459,2023-01-25,CUST0676,South,Andhra Pradesh,Consumer,Clothing,Jeans,Online,Debit Card,5,697.5,0.0,3487.5,0.0,3487.5,2424.91,1062.59,0.3047,46.6,5,4.3
ORD02460,2023-11-03,CUST0224,South,Andhra Pradesh,Consumer,Clothing,T-Shirt,Store,UPI,5,941.86,0.1,4709.3,470.93,4238.37,3159.21,1079.16,0.2546,118.63,9,3.5
ORD02461,2022-02-12,CUST0736,Central,Madhya Pradesh,Small Business,Home Appliances,Blender,Partner,Credit Card,9,389.05,0.0,3501.45,0.0,3501.45,2538.32,963.13,0.2751,191.28,4,3.1
ORD02462,2022-09-11,CUST0744,East,West Bengal,Consumer,Furniture,Desk,Online,Net Banking,1,333.74,0.15,333.74,50.06,283.68,225.37,58.31,0.2055,33.68,8,4.0
ORD02463,2025-02-27,CUST0054,East,West Bengal,Corporate,Clothing,Shoes,Online,Credit Card,8,1224.3,0.15,9794.4,1469.16,8325.24,4894.57,3430.67,0.4121,32.4,7,4.5
ORD02464,2024-12-19,CUST0036,South,Andhra Pradesh,Consumer,Office Supplies,Pens,Partner,Credit Card,8,1057.76,0.05,8462.08,423.1,8038.98,4788.61,3250.37,0.4043,159.6,7,3.4
ORD02465,2023-10-25,CUST0565,West,Maharashtra,Small Business,Clothing,T-Shirt,Online,Debit Card,8,1161.73,0.2,9293.84,1858.77,7435.07,4774.98,2660.09,0.3578,271.95,1,3.4
ORD02466,2023-04-12,CUST0700,North,Uttar Pradesh,Small Business,Office Supplies,Notebook,Online,Cash,3,198.09,0.0,594.27,0.0,594.27,405.69,188.58,0.3173,144.54,6,3.6
ORD02467,2022-10-14,CUST0482,North,Haryana,Corporate,Home Appliances,Microwave,Online,Credit Card,10,347.7,0.15,3477.0,521.55,2955.45,2364.19,591.26,0.2001,133.86,6,4.3
ORD02468,2024-10-07,CUST0586,East,West Bengal,Consumer,Furniture,Sofa,Partner,Credit Card,8,869.66,0.1,6957.28,695.73,6261.55,4977.18,1284.37,0.2051,22.84,10,3.6
ORD02469,2024-02-17,CUST0300,South,Andhra Pradesh,Small Business,Office Supplies,Stapler,Online,Net Banking,2,1287.94,0.05,2575.88,128.79,2447.09,1921.95,525.13,0.2146,225.16,8,4.9
ORD02470,2022-12-11,CUST0289,Central,Chhattisgarh,Corporate,Office Supplies,File Folder,Online,Debit Card,8,1339.79,0.0,10718.32,0.0,10718.32,6539.06,4179.26,0.3899,65.94,6,3.7
ORD02471,2023-10-04,CUST0428,Central,Madhya Pradesh,Corporate,Clothing,Shoes,Online,UPI,8,1250.39,0.0,10003.12,0.0,10003.12,7472.46,2530.66,0.253,215.58,8,3.7
ORD02472,2023-01-17,CUST0311,West,Gujarat,Consumer,Office Supplies,Notebook,Store,Credit Card,3,79.45,0.2,238.35,47.67,190.68,124.62,66.06,0.3465,117.58,6,4.0
ORD02473,2023-11-21,CUST0458,West,Gujarat,Corporate,Home Appliances,Coffee Maker,Partner,UPI,4,1234.01,0.1,4936.04,493.6,4442.44,3560.25,882.18,0.1986,32.6,8,4.6
ORD02474,2025-06-30,CUST0556,West,Rajasthan,Consumer,Home Appliances,Vacuum Cleaner,Online,Debit Card,9,1350.15,0.05,12151.35,607.57,11543.78,7017.75,4526.03,0.3921,111.81,5,4.4
ORD02475,2024-12-15,CUST0051,North,Haryana,Consumer,Home Appliances,Blender,Partner,UPI,9,99.27,0.1,893.43,89.34,804.09,472.92,331.17,0.4119,204.68,9,2.9
ORD02476,2023-04-02,CUST0509,West,Goa,Corporate,Clothing,Jeans,Online,Net Banking,10,633.18,0.0,6331.8,0.0,6331.8,4922.62,1409.18,0.2226,235.13,4,4.3
ORD02477,2024-09-09,CUST0099,South,Telangana,Consumer,Furniture,Cabinet,Online,Net Banking,9,811.87,0.0,7306.83,0.0,7306.83,5433.1,1873.73,0.2564,197.95,6,4.6
ORD02478,2022-03-24,CUST0342,South,Tamil Nadu,Corporate,Clothing,Jacket,Partner,UPI,10,360.63,0.2,3606.3,721.26,2885.04,2226.63,658.41,0.2282,219.1,2,4.7
ORD02479,2025-01-27,CUST0563,West,Rajasthan,Corporate,Home Appliances,Blender,Online,Cash,6,782.28,0.1,4693.68,469.37,4224.31,2503.52,1720.8,0.4074,86.06,3,4.9
ORD02480,2022-05-29,CUST0983,East,Jharkhand,Consumer,Clothing,Backpack,Online,Debit Card,1,1330.64,0.05,1330.64,66.53,1264.11,997.25,266.86,0.2111,290.27,4,5.0
ORD02481,2025-09-14,CUST0647,Central,Chhattisgarh,Corporate,Home Appliances,Air Cooler,Online,Credit Card,8,1302.41,0.2,10419.28,2083.86,8335.42,6109.51,2225.91,0.267,83.53,3,4.1
ORD02482,2025-03-25,CUST0725,South,Andhra Pradesh,Small Business,Electronics,Laptop,Store,UPI,9,1410.66,0.05,12695.94,634.8,12061.14,8755.44,3305.7,0.2741,67.63,7,3.8
ORD02483,2022-07-09,CUST0385,West,Maharashtra,Consumer,Electronics,Monitor,Store,UPI,8,733.9,0.05,5871.2,293.56,5577.64,3945.05,1632.59,0.2927,89.95,9,3.5
ORD02484,2024-06-01,CUST0653,North,Haryana,Corporate,Office Supplies,Printer Paper,Partner,Credit Card,1,624.69,0.05,624.69,31.23,593.46,448.96,144.5,0.2435,292.18,6,3.3
ORD02485,2022-09-20,CUST0457,West,Goa,Consumer,Furniture,Office Chair,Store,,6,1003.69,0.1,6022.14,602.21,5419.93,3589.15,1830.77,0.3378,38.19,3,3.7
ORD02486,2025-01-08,CUST0304,West,Rajasthan,Consumer,Electronics,Tablet,Partner,Debit Card,9,633.89,0.1,5705.01,570.5,5134.51,3008.11,2126.4,0.4141,236.56,9,3.7
ORD02487,2023-02-04,CUST0895,East,Bihar,Consumer,Home Appliances,Blender,Online,UPI,9,77.29,0.0,695.61,0.0,695.61,483.87,211.74,0.3044,49.48,1,3.4
ORD02488,2024-02-03,CUST0626,South,Telangana,Consumer,Clothing,T-Shirt,Store,Net Banking,7,1084.08,0.15,7588.56,1138.28,6450.28,4850.53,1599.75,0.248,236.52,5,4.1
ORD02489,2023-09-01,CUST0751,North,Haryana,Consumer,Clothing,Shoes,Store,UPI,7,432.26,0.15,3025.82,453.87,2571.95,1521.27,1050.68,0.4085,97.57,10,4.0
ORD02490,2025-07-07,CUST0852,North,Punjab,Small Business,Office Supplies,Pens,Online,Credit Card,4,87.89,0.1,351.56,35.16,316.4,193.16,123.24,0.3895,223.45,10,4.0
ORD02491,2024-02-24,CUST0687,West,Rajasthan,Corporate,Clothing,Backpack,Online,UPI,7,45.62,0.2,319.34,63.87,255.47,188.56,66.92,0.2619,33.72,5,3.4
ORD02492,2022-04-11,CUST0559,Central,Madhya Pradesh,Consumer,Electronics,Smartphone,Online,UPI,10,1398.07,0.05,13980.7,699.04,13281.66,8271.9,5009.77,0.3772,113.69,2,4.3
ORD02493,2025-10-14,CUST0266,South,Telangana,Consumer,Clothing,Shoes,Store,Credit Card,5,389.33,0.0,1946.65,0.0,1946.65,1159.98,786.67,0.4041,150.09,5,3.6
ORD02494,2025-11-04,CUST0026,West,Goa,Consumer,Electronics,Monitor,Online,UPI,10,680.13,0.15,6801.3,1020.2,5781.1,4567.86,1213.25,0.2099,25.79,1,4.9
ORD02495,2024-03-30,CUST0050,Central,Madhya Pradesh,Consumer,Electronics,Monitor,Online,Cash,5,1426.61,0.0,7133.05,0.0,7133.05,4233.05,2900.0,0.4066,70.64,1,2.7
ORD02496,2025-05-29,CUST0943,East,Odisha,Consumer,Furniture,Sofa,Online,,1,709.26,0.0,709.26,0.0,709.26,456.0,253.26,0.3571,67.26,4,3.7
ORD02497,2024-03-30,CUST0940,West,Goa,Consumer,Office Supplies,Printer Paper,Online,Credit Card,2,131.73,0.0,263.46,0.0,263.46,175.38,88.08,0.3343,154.79,6,4.3
ORD02498,2023-02-24,CUST0641,West,Rajasthan,Consumer,Home Appliances,Vacuum Cleaner,Store,Credit Card,9,834.63,0.15,7511.67,1126.75,6384.92,4332.54,2052.38,0.3214,57.29,2,3.2
ORD02499,2022-05-04,CUST0365,South,Telangana,Consumer,Electronics,Tablet,Online,UPI,2,145.98,0.0,291.96,0.0,291.96,189.06,102.9,0.3524,293.61,5,4.8
ORD02500,2023-02-26,CUST0831,South,Andhra Pradesh,Corporate,Office Supplies,Notebook,Online,Cash,10,156.21,0.05,1562.1,78.11,1484.0,1181.83,302.16,0.2036,268.34,10,4.6
ORD02501,2025-06-08,CUST0145,North,Uttar Pradesh,Small Business,Home Appliances,Coffee Maker,Store,UPI,2,1279.44,0.0,2558.88,0.0,2558.88,1862.43,696.45,0.2722,82.81,5,5.0
ORD02502,2024-12-22,CUST0145,Central,Chhattisgarh,Consumer,Clothing,Jacket,Store,Debit Card,9,444.79,0.15,4003.11,600.47,3402.64,2201.73,1200.92,0.3529,85.58,3,4.8
ORD02503,2024-02-07,CUST0167,Central,Madhya Pradesh,Consumer,Office Supplies,Notebook,Online,UPI,3,1022.83,0.1,3068.49,306.85,2761.64,1785.63,976.01,0.3534,285.28,4,4.4
ORD02504,2023-04-28,CUST0043,West,Gujarat,Consumer,Office Supplies,Stapler,Online,UPI,2,770.75,0.05,1541.5,77.08,1464.42,1004.3,460.13,0.3142,103.87,2,4.1
ORD02505,2023-06-03,CUST0972,North,Punjab,Small Business,Office Supplies,Notebook,Partner,UPI,7,345.16,0.15,2416.12,362.42,2053.7,1148.2,905.5,0.4409,138.52,7,3.3
ORD02506,2022-06-04,CUST0553,South,Telangana,Small Business,Clothing,T-Shirt,Online,Credit Card,9,783.96,0.15,7055.64,1058.35,5997.29,4799.0,1198.3,0.1998,216.41,3,4.8
ORD02507,2022-04-02,CUST0015,North,Delhi,Corporate,Clothing,T-Shirt,Partner,UPI,6,117.46,0.1,704.76,70.48,634.28,387.1,247.18,0.3897,116.33,6,3.6
ORD02508,2024-09-08,CUST0129,North,Uttar Pradesh,Small Business,Office Supplies,Pens,Online,Debit Card,7,530.61,0.05,3714.27,185.71,3528.56,2605.31,923.25,0.2617,272.69,9,3.9
ORD02509,2023-03-31,CUST0058,West,Rajasthan,Consumer,Furniture,Desk,Online,Credit Card,3,791.41,0.1,2374.23,237.42,2136.81,1623.94,512.87,0.24,184.93,7,3.8
ORD02510,2023-08-21,CUST0054,Central,Madhya Pradesh,Small Business,Electronics,Monitor,Online,UPI,3,354.17,0.2,1062.51,212.5,850.01,657.39,192.62,0.2266,178.83,4,3.7
ORD02511,2023-05-25,CUST0224,Central,Madhya Pradesh,Consumer,Clothing,Jeans,Online,,8,995.38,0.0,7963.04,0.0,7963.04,4735.81,3227.23,0.4053,175.2,2,4.7
ORD02512,2025-04-21,CUST0715,West,Gujarat,Consumer,Furniture,Sofa,Partner,Debit Card,7,91.94,0.05,643.58,32.18,611.4,424.87,186.53,0.3051,51.37,7,4.5
ORD02513,2023-01-21,CUST0133,North,Haryana,Corporate,Clothing,Shoes,Partner,Cash,5,734.94,0.05,3674.7,183.74,3490.96,1998.9,1492.07,0.4274,241.32,8,4.3
ORD02514,2023-02-09,CUST0574,South,Karnataka,Consumer,Office Supplies,Stapler,Partner,Credit Card,6,1076.77,0.1,6460.62,646.06,5814.56,4461.48,1353.08,0.2327,180.19,3,4.0
ORD02515,2022-09-03,CUST0243,South,Tamil Nadu,Corporate,Furniture,Sofa,Partner,UPI,9,653.47,0.15,5881.23,882.18,4999.05,3406.06,1592.99,0.3187,34.99,7,3.0
ORD02516,2024-01-12,CUST0210,West,Maharashtra,Consumer,Home Appliances,Air Cooler,Store,Credit Card,3,1313.76,0.05,3941.28,197.06,3744.22,2219.54,1524.67,0.4072,258.1,1,4.0
ORD02517,2023-10-23,CUST0242,West,Gujarat,Corporate,Electronics,Tablet,Store,Debit Card,3,953.81,0.05,2861.43,143.07,2718.36,2022.58,695.78,0.256,224.25,8,4.8
ORD02518,2023-10-12,CUST0383,South,Karnataka,Consumer,Electronics,Monitor,Store,UPI,6,1438.36,0.2,8630.16,1726.03,6904.13,4414.61,2489.52,0.3606,100.89,7,3.7
ORD02519,2025-12-17,CUST0210,South,Karnataka,Consumer,Clothing,Jeans,Online,UPI,8,436.92,0.15,3495.36,524.3,2971.06,1725.94,1245.12,0.4191,100.09,6,3.7
ORD02520,2024-06-19,CUST0215,North,Haryana,Small Business,Electronics,Headphones,Online,Net Banking,5,1409.1,0.2,7045.5,1409.1,5636.4,3801.7,1834.7,0.3255,161.32,3,4.5
ORD02521,2022-03-06,CUST0244,South,Karnataka,Small Business,Home Appliances,Coffee Maker,Store,UPI,1,916.13,0.15,916.13,137.42,778.71,477.75,300.96,0.3865,22.02,4,4.0
ORD02522,2024-11-02,CUST0071,East,West Bengal,Small Business,Furniture,Cabinet,Partner,UPI,3,1121.59,0.1,3364.77,336.48,3028.29,2442.5,585.79,0.1934,246.69,8,4.7
ORD02523,2022-08-01,CUST0814,North,Haryana,Corporate,Furniture,Cabinet,Store,Cash,8,1354.71,0.0,10837.68,0.0,10837.68,7018.13,3819.55,0.3524,283.77,1,3.5
ORD02524,2022-08-30,CUST0090,East,Jharkhand,Corporate,Office Supplies,Pens,Store,UPI,4,833.53,0.1,3334.12,333.41,3000.71,2114.19,886.52,0.2954,145.05,2,4.1
ORD02525,2023-05-08,CUST0449,Central,Madhya Pradesh,Corporate,Furniture,Sofa,Online,Credit Card,9,1295.34,0.05,11658.06,582.9,11075.16,8927.21,2147.94,0.1939,170.24,1,4.2
ORD02526,2025-05-21,CUST0156,East,Odisha,Consumer,Clothing,Backpack,Store,Credit Card,6,819.42,0.1,4916.52,491.65,4424.87,2904.06,1520.81,0.3437,246.74,4,4.0
ORD02527,2022-12-04,CUST0378,North,Haryana,Consumer,Home Appliances,Coffee Maker,Partner,Debit Card,10,904.81,0.1,9048.1,904.81,8143.29,5266.22,2877.07,0.3533,97.73,6,4.8
ORD02528,2022-06-22,CUST0084,North,Delhi,Consumer,Office Supplies,Stapler,Online,UPI,4,675.97,0.2,2703.88,540.78,2163.1,1284.56,878.55,0.4062,157.68,5,4.0
ORD02529,2023-11-03,CUST0425,East,West Bengal,Small Business,Clothing,Jacket,Partner,Credit Card,4,231.27,0.0,925.08,0.0,925.08,743.16,181.92,0.1967,51.08,6,4.4
ORD02530,2022-06-13,CUST0663,South,Karnataka,Consumer,Clothing,Backpack,Online,Credit Card,10,836.95,0.0,8369.5,0.0,8369.5,6412.72,1956.78,0.2338,216.53,2,4.0
ORD02531,2023-04-10,CUST0672,South,Telangana,Small Business,Clothing,Jeans,Store,Credit Card,5,1466.51,0.1,7332.55,733.26,6599.3,4023.41,2575.88,0.3903,242.0,5,4.0
ORD02532,2024-09-21,CUST0954,East,Bihar,Consumer,Electronics,Laptop,Partner,UPI,7,1183.97,0.2,8287.79,1657.56,6630.23,4242.17,2388.06,0.3602,38.73,1,4.2
ORD02533,2023-05-12,CUST0486,East,Jharkhand,Corporate,Clothing,T-Shirt,Online,Credit Card,7,1125.04,0.2,7875.28,1575.06,6300.22,5021.44,1278.78,0.203,267.08,6,3.4
ORD02534,2023-12-01,CUST0935,West,Rajasthan,Consumer,Electronics,Laptop,Online,Credit Card,10,970.31,0.1,9703.1,970.31,8732.79,6069.86,2662.93,0.3049,124.87,4,3.6
ORD02535,2023-01-30,CUST0082,South,Telangana,Consumer,Furniture,Bookshelf,Online,UPI,7,531.64,0.0,3721.48,0.0,3721.48,2605.82,1115.66,0.2998,278.22,10,3.9
ORD02536,2023-12-04,CUST0801,West,Rajasthan,Small Business,Electronics,Tablet,Online,Net Banking,5,266.88,0.05,1334.4,66.72,1267.68,919.07,348.61,0.275,272.05,9,4.0
ORD02537,2022-11-04,CUST0186,South,Telangana,Consumer,Clothing,T-Shirt,Online,Debit Card,9,348.46,0.2,3136.14,627.23,2508.91,1896.2,612.72,0.2442,241.45,3,4.0
ORD02538,2022-07-02,CUST0089,North,Uttar Pradesh,Consumer,Home Appliances,Microwave,Online,UPI,2,24.39,0.1,48.78,4.88,43.9,35.28,8.62,0.1964,252.44,3,3.0
ORD02539,2023-09-21,CUST0160,East,Odisha,Consumer,Home Appliances,Air Cooler,Partner,Credit Card,8,1015.12,0.15,8120.96,1218.14,6902.82,5291.7,1611.11,0.2334,101.02,9,4.6
ORD02540,2023-05-25,CUST0370,East,Bihar,Consumer,Furniture,Cabinet,Online,Cash,10,1220.64,0.05,12206.4,610.32,11596.08,9303.86,2292.22,0.1977,122.84,4,4.0
ORD02541,2023-06-30,CUST0562,Central,Chhattisgarh,Consumer,Clothing,Backpack,Online,Debit Card,8,414.33,0.0,3314.64,0.0,3314.64,2557.46,757.18,0.2284,87.22,7,3.2
ORD02542,2023-09-16,CUST0179,West,Maharashtra,Corporate,Electronics,Headphones,Partner,Cash,3,151.4,0.1,454.2,45.42,408.78,229.95,178.83,0.4375,119.26,10,3.8
ORD02543,2023-08-17,CUST0732,Central,Madhya Pradesh,Consumer,Home Appliances,Coffee Maker,Partner,Cash,5,513.55,0.15,2567.75,385.16,2182.59,1269.69,912.9,0.4183,177.33,2,4.9
ORD02544,2024-01-14,CUST0205,Central,Chhattisgarh,Corporate,Office Supplies,Printer Paper,Store,Net Banking,8,448.7,0.25,3589.6,897.4,2692.2,2123.93,568.27,0.2111,261.93,1,3.6
ORD02545,2025-06-04,CUST0531,West,Goa,Consumer,Clothing,Jacket,Store,Credit Card,10,684.55,0.15,6845.5,1026.82,5818.68,3243.78,2574.89,0.4425,173.21,10,5.0
ORD02546,2025-12-30,CUST0515,East,Jharkhand,Small Business,Clothing,Shoes,Online,UPI,9,407.19,0.1,3664.71,366.47,3298.24,2521.26,776.98,0.2356,215.07,1,3.8
ORD02547,2025-12-16,CUST0116,East,Bihar,Corporate,Office Supplies,Notebook,Online,Credit Card,7,519.5,0.1,3636.5,363.65,3272.85,2551.05,721.8,0.2205,58.02,6,4.9
ORD02548,2023-07-08,CUST0347,Central,Chhattisgarh,Consumer,Home Appliances,Coffee Maker,Online,Net Banking,4,1362.72,0.15,5450.88,817.63,4633.25,3068.02,1565.23,0.3378,283.08,4,4.8
ORD02549,2022-01-21,CUST0401,West,Gujarat,Consumer,Office Supplies,Printer Paper,Store,Net Banking,4,512.23,0.0,2048.92,0.0,2048.92,1323.21,725.71,0.3542,183.29,2,4.1
ORD02550,2023-07-08,CUST0299,North,Punjab,Consumer,Furniture,Desk,Online,Cash,3,1181.49,0.25,3544.47,886.12,2658.35,1601.63,1056.72,0.3975,237.23,7,3.2
ORD02551,2023-02-01,CUST0669,West,Maharashtra,Corporate,Electronics,Monitor,Store,UPI,8,944.36,0.1,7554.88,755.49,6799.39,3829.47,2969.92,0.4368,299.6,8,3.5
ORD02552,2023-09-17,CUST0753,North,Punjab,Corporate,Electronics,Smartphone,Online,UPI,6,516.24,0.25,3097.44,774.36,2323.08,1745.22,577.86,0.2487,260.72,7,3.8
ORD02553,2022-04-15,CUST0510,South,Andhra Pradesh,Small Business,Home Appliances,Coffee Maker,Online,UPI,10,1229.42,0.15,12294.2,1844.13,10450.07,5955.56,4494.51,0.4301,161.22,10,4.2
ORD02554,2022-07-11,CUST0108,South,Telangana,Consumer,Office Supplies,File Folder,Store,Debit Card,6,898.69,0.0,5392.14,0.0,5392.14,4341.0,1051.14,0.1949,263.05,9,3.5
ORD02555,2022-01-17,CUST0812,West,Rajasthan,Consumer,Clothing,Jeans,Store,UPI,10,27.8,0.0,278.0,0.0,278.0,175.17,102.83,0.3699,204.5,1,3.0
ORD02556,2025-02-17,CUST0052,Central,Chhattisgarh,Consumer,Clothing,Backpack,Online,UPI,10,117.06,0.05,1170.6,58.53,1112.07,850.12,261.95,0.2356,224.41,10,4.0
ORD02557,2023-01-28,CUST0353,South,Karnataka,Consumer,Clothing,Backpack,Online,Cash,9,1132.67,0.05,10194.03,509.7,9684.33,5482.44,4201.89,0.4339,198.44,6,3.4
ORD02558,2023-03-01,CUST0540,North,Uttar Pradesh,Consumer,Furniture,Office Chair,Online,UPI,3,678.09,0.1,2034.27,203.43,1830.84,1272.06,558.78,0.3052,100.54,8,3.6
ORD02559,2022-05-09,CUST0212,South,Tamil Nadu,Consumer,Furniture,Sofa,Online,Net Banking,4,617.18,0.1,2468.72,246.87,2221.85,1431.44,790.41,0.3557,113.65,9,3.6
ORD02560,2025-02-27,CUST0109,West,Goa,Corporate,Clothing,Backpack,Store,Net Banking,3,231.55,0.1,694.65,69.47,625.19,348.92,276.27,0.4419,176.33,8,4.0
ORD02561,2023-07-26,CUST0930,South,Karnataka,Consumer,Home Appliances,Coffee Maker,Online,UPI,3,248.62,0.0,745.86,0.0,745.86,542.29,203.57,0.2729,264.74,6,4.4
ORD02562,2022-01-29,CUST0976,South,Telangana,Small Business,Furniture,Bookshelf,Online,Debit Card,1,1199.66,0.25,1199.66,299.92,899.75,723.98,175.76,0.1953,146.71,8,4.9
ORD02563,2025-01-25,CUST0999,North,Punjab,Consumer,Furniture,Sofa,Partner,UPI,10,1246.09,0.1,12460.9,1246.09,11214.81,6200.7,5014.11,0.4471,171.36,8,3.2
ORD02564,2024-10-30,CUST0822,East,Bihar,Small Business,Electronics,Headphones,Online,Debit Card,6,846.6,0.2,5079.6,1015.92,4063.68,2531.75,1531.93,0.377,123.35,1,3.7
ORD02565,2022-08-30,CUST0770,South,Telangana,Small Business,Electronics,Headphones,Online,Credit Card,9,453.26,0.0,4079.34,0.0,4079.34,3018.6,1060.74,0.26,25.08,8,4.4
ORD02566,2022-08-20,CUST0370,West,Maharashtra,Small Business,Home Appliances,Blender,Online,Debit Card,5,1400.06,0.15,7000.3,1050.04,5950.25,4672.37,1277.89,0.2148,200.19,7,4.0
ORD02567,2024-02-28,CUST0732,North,Uttar Pradesh,Corporate,Furniture,Office Chair,Online,Cash,10,941.58,0.0,9415.8,0.0,9415.8,5663.7,3752.1,0.3985,178.46,8,3.4
ORD02568,2025-07-31,CUST0529,West,Maharashtra,Small Business,Furniture,Office Chair,Online,Credit Card,2,1198.01,0.15,2396.02,359.4,2036.62,1159.03,877.59,0.4309,293.91,8,4.6
ORD02569,2023-12-16,CUST0240,South,Telangana,Corporate,Office Supplies,Pens,Store,UPI,10,19.88,0.15,198.8,29.82,168.98,93.33,75.65,0.4477,162.23,10,4.0
ORD02570,2024-01-29,CUST0724,East,West Bengal,Consumer,Home Appliances,Air Cooler,Store,Net Banking,4,683.72,0.2,2734.88,546.98,2187.9,1330.48,857.43,0.3919,169.79,10,5.0
ORD02571,2024-03-12,CUST0402,South,Tamil Nadu,Corporate,Home Appliances,Air Cooler,Online,UPI,6,1308.36,0.05,7850.16,392.51,7457.65,4245.31,3212.34,0.4307,99.03,6,4.1
ORD02572,2024-02-15,CUST0796,West,Goa,Corporate,Office Supplies,File Folder,Store,UPI,7,517.28,0.0,3620.96,0.0,3620.96,2342.88,1278.08,0.353,47.89,9,3.7
ORD02573,2023-12-27,CUST0796,Central,Madhya Pradesh,Small Business,Office Supplies,Printer Paper,Online,UPI,7,1093.93,0.2,7657.51,1531.5,6126.01,4097.28,2028.73,0.3312,218.12,3,3.7
ORD02574,2022-07-19,CUST0180,Central,Chhattisgarh,Consumer,Electronics,Smartphone,Online,Debit Card,4,991.65,0.05,3966.6,198.33,3768.27,2560.84,1207.43,0.3204,246.36,10,3.1
ORD02575,2024-08-02,CUST0272,East,Jharkhand,Consumer,Home Appliances,Vacuum Cleaner,Store,Credit Card,10,241.04,0.05,2410.4,120.52,2289.88,1347.43,942.45,0.4116,263.52,1,4.9
ORD02576,2022-03-20,CUST0929,East,Bihar,Corporate,Home Appliances,Microwave,Online,Cash,10,1165.73,0.1,11657.3,1165.73,10491.57,7084.71,3406.86,0.3247,133.2,9,3.9
ORD02577,2024-08-13,CUST0085,West,Maharashtra,Small Business,Office Supplies,Stapler,Online,Debit Card,5,182.1,0.0,910.5,0.0,910.5,503.0,407.5,0.4476,217.0,10,2.9
ORD02578,2024-05-05,CUST0773,West,Rajasthan,Consumer,Clothing,Jacket,Partner,UPI,4,1095.95,0.05,4383.8,219.19,4164.61,2559.75,1604.86,0.3854,93.55,10,4.5
ORD02579,2025-04-11,CUST0495,North,Haryana,Consumer,Clothing,Jeans,Online,UPI,10,1486.59,0.05,14865.9,743.3,14122.6,9174.8,4947.81,0.3503,90.78,2,3.4
ORD02580,2023-04-12,CUST0301,West,Goa,Consumer,Electronics,Smartphone,Online,Credit Card,6,1437.6,0.05,8625.6,431.28,8194.32,4768.72,3425.6,0.418,298.8,3,
ORD02581,2023-08-04,CUST0421,South,Andhra Pradesh,Consumer,Clothing,Jeans,Store,Cash,7,1203.36,0.1,8423.52,842.35,7581.17,5835.84,1745.33,0.2302,257.84,4,3.7
ORD02582,2025-12-10,CUST0210,North,Delhi,Consumer,Clothing,Shoes,Store,Net Banking,2,808.76,0.05,1617.52,80.88,1536.64,928.64,608.01,0.3957,91.74,8,4.3
ORD02583,2024-07-28,CUST0308,South,Andhra Pradesh,Consumer,Clothing,Shoes,Store,Credit Card,10,1017.11,0.15,10171.1,1525.66,8645.44,6517.1,2128.33,0.2462,141.35,9,3.2
ORD02584,2023-03-25,CUST0960,South,Tamil Nadu,Small Business,Furniture,Sofa,Online,Cash,3,1096.24,0.2,3288.72,657.74,2630.98,1783.67,847.3,0.322,178.19,3,4.2
ORD02585,2022-03-28,CUST0062,East,West Bengal,Consumer,Electronics,Tablet,Online,UPI,8,27.48,0.0,219.84,0.0,219.84,149.39,70.45,0.3205,23.63,2,3.5
ORD02586,2022-04-11,CUST0005,South,Tamil Nadu,Consumer,Office Supplies,Notebook,Online,UPI,7,167.01,0.15,1169.07,175.36,993.71,719.65,274.06,0.2758,288.6,2,2.9
ORD02587,2024-10-28,CUST0496,North,Uttar Pradesh,Corporate,Clothing,Jeans,Online,UPI,1,901.63,0.2,901.63,180.33,721.3,405.34,315.96,0.438,50.46,9,4.4
ORD02588,2024-04-24,CUST0107,North,Delhi,Small Business,Furniture,Desk,Online,Credit Card,4,24.7,0.15,98.8,14.82,83.98,47.97,36.01,0.4287,248.83,8,3.9
ORD02589,2025-05-08,CUST0523,East,Bihar,Small Business,Clothing,Backpack,Store,UPI,5,1364.72,0.25,6823.6,1705.9,5117.7,3266.36,1851.34,0.3618,293.26,2,3.6
ORD02590,2022-03-28,CUST0854,West,Rajasthan,Consumer,Furniture,Desk,Online,Credit Card,3,742.15,0.05,2226.45,111.32,2115.13,1401.36,713.77,0.3375,217.18,8,3.7
ORD02591,2022-02-12,CUST0727,South,Tamil Nadu,Small Business,Electronics,Smartphone,Online,UPI,4,397.78,0.15,1591.12,238.67,1352.45,900.85,451.61,0.3339,290.67,4,4.4
ORD02592,2025-11-09,CUST0474,North,Delhi,Consumer,Clothing,Shoes,Online,UPI,10,599.82,0.15,5998.2,899.73,5098.47,3735.95,1362.52,0.2672,25.51,6,4.0
ORD02593,2025-12-29,CUST0731,North,Haryana,Corporate,Furniture,Sofa,Partner,Net Banking,10,1278.4,0.05,12784.0,639.2,12144.8,6681.95,5462.85,0.4498,119.27,5,4.3
ORD02594,2023-02-12,CUST0387,Central,Chhattisgarh,Corporate,Home Appliances,Microwave,Partner,UPI,10,1391.88,0.15,13918.8,2087.82,11830.98,9570.77,2260.21,0.191,153.41,5,4.0
ORD02595,2023-10-26,CUST0179,East,West Bengal,Consumer,Home Appliances,Blender,Partner,Credit Card,7,187.61,0.1,1313.27,131.33,1181.94,705.75,476.19,0.4029,239.22,10,4.6
ORD02596,2024-11-06,CUST0490,East,Jharkhand,Consumer,Furniture,Bookshelf,Online,Net Banking,8,1170.27,0.0,9362.16,0.0,9362.16,5777.67,3584.49,0.3829,203.27,10,3.2
ORD02597,2022-05-28,CUST0828,North,Delhi,Consumer,Clothing,Jeans,Online,UPI,9,873.67,0.0,7863.03,0.0,7863.03,6247.33,1615.7,0.2055,226.08,7,3.1
ORD02598,2022-10-04,CUST0066,West,Gujarat,Small Business,Clothing,Jeans,Online,UPI,2,884.47,0.15,1768.94,265.34,1503.6,829.21,674.39,0.4485,60.51,8,4.3
ORD02599,2022-08-20,CUST0697,East,Odisha,Consumer,Electronics,Laptop,Store,Credit Card,4,1172.49,0.15,4689.96,703.49,3986.47,3259.54,726.92,0.1823,256.53,5,4.6
ORD02600,2023-01-01,CUST0529,South,Tamil Nadu,Corporate,Electronics,Monitor,Online,Net Banking,1,345.92,0.1,345.92,34.59,311.33,174.25,137.08,0.4403,250.22,4,4.3
ORD02601,2025-06-05,CUST0387,North,Haryana,Consumer,Office Supplies,Printer Paper,Online,Cash,3,803.6,0.1,2410.8,241.08,2169.72,1263.96,905.76,0.4175,235.3,2,4.7
ORD02602,2023-03-12,CUST0387,South,Andhra Pradesh,Consumer,Electronics,Monitor,Online,Net Banking,8,489.24,0.0,3913.92,0.0,3913.92,2406.39,1507.53,0.3852,249.03,5,4.6
ORD02603,2023-02-03,CUST0552,West,Maharashtra,Small Business,Clothing,Shoes,Online,Cash,7,155.35,0.1,1087.45,108.74,978.7,654.22,324.48,0.3315,79.81,8,4.2
ORD02604,2025-05-19,CUST0336,Central,Madhya Pradesh,Corporate,Office Supplies,Stapler,Online,Debit Card,8,171.04,0.2,1368.32,273.66,1094.66,755.29,339.36,0.31,59.27,1,2.8
ORD02605,2025-11-15,CUST0588,West,Gujarat,Small Business,Electronics,Monitor,Online,Net Banking,6,217.66,0.2,1305.96,261.19,1044.77,604.16,440.61,0.4217,270.62,6,3.9
ORD02606,2023-05-14,CUST0831,West,Maharashtra,Consumer,Furniture,Desk,Online,UPI,5,928.13,0.15,4640.65,696.1,3944.55,2247.97,1696.58,0.4301,287.96,2,3.8
ORD02607,2023-06-24,CUST0758,North,Delhi,Consumer,Home Appliances,Vacuum Cleaner,Online,Credit Card,10,172.16,0.25,1721.6,430.4,1291.2,721.27,569.93,0.4414,138.79,2,4.3
ORD02608,2023-07-17,CUST0051,East,Jharkhand,Consumer,Electronics,Monitor,Online,UPI,9,861.6,0.2,7754.4,1550.88,6203.52,3841.98,2361.54,0.3807,145.16,8,4.3
ORD02609,2023-03-18,CUST0641,West,Rajasthan,Consumer,Electronics,Headphones,Store,UPI,5,888.62,0.0,4443.1,0.0,4443.1,3549.21,893.89,0.2012,227.47,6,3.1
ORD02610,2025-07-08,CUST0307,South,Telangana,Consumer,Furniture,Bookshelf,Online,Debit Card,9,1357.29,0.05,12215.61,610.78,11604.83,7604.15,4000.68,0.3447,158.6,6,3.2
ORD02611,2024-02-12,CUST0260,Central,Chhattisgarh,Corporate,Clothing,Backpack,Store,Credit Card,4,945.17,0.0,3780.68,0.0,3780.68,2859.26,921.42,0.2437,107.8,6,2.6
ORD02612,2022-12-16,CUST0721,North,Uttar Pradesh,Consumer,Furniture,Cabinet,Online,Credit Card,5,1478.6,0.1,7393.0,739.3,6653.7,4001.21,2652.49,0.3986,73.23,9,5.0
ORD02613,2025-10-07,CUST0211,South,Andhra Pradesh,Consumer,Electronics,Headphones,Online,Debit Card,1,61.02,0.15,61.02,9.15,51.87,29.43,22.43,0.4325,26.34,3,4.3
ORD02614,2023-06-04,CUST0644,West,Goa,Consumer,Clothing,Jeans,Store,Credit Card,6,1060.66,0.0,6363.96,0.0,6363.96,4452.58,1911.38,0.3003,184.56,2,3.7
ORD02615,2025-09-05,CUST0431,West,Gujarat,Corporate,Office Supplies,Printer Paper,Partner,Credit Card,3,54.32,0.2,162.96,32.59,130.37,100.64,29.73,0.228,59.8,5,4.1
ORD02616,2022-05-18,CUST0935,West,Goa,Corporate,Electronics,Headphones,Store,Debit Card,10,1098.13,0.1,10981.3,1098.13,9883.17,7833.24,2049.93,0.2074,260.34,6,4.2
ORD02617,2024-09-18,CUST0596,North,Punjab,Consumer,Furniture,Desk,Online,Cash,2,587.99,0.15,1175.98,176.4,999.58,697.18,302.4,0.3025,295.2,9,4.4
ORD02618,2023-01-03,CUST0049,West,Maharashtra,Consumer,Office Supplies,Notebook,Online,Net Banking,6,922.79,0.0,5536.74,0.0,5536.74,3484.76,2051.98,0.3706,148.17,9,2.8
ORD02619,2025-05-28,CUST0441,East,Jharkhand,Consumer,Home Appliances,Coffee Maker,Online,Debit Card,1,474.66,0.0,474.66,0.0,474.66,275.1,199.56,0.4204,52.36,2,3.5
ORD02620,2025-09-22,CUST0246,East,Odisha,Small Business,Office Supplies,Notebook,Online,Cash,9,251.27,0.1,2261.43,226.14,2035.29,1486.39,548.89,0.2697,183.24,9,4.1
ORD02621,2025-05-31,CUST0551,Central,Madhya Pradesh,Small Business,Furniture,Office Chair,Online,UPI,5,1089.42,0.15,5447.1,817.06,4630.04,2897.1,1732.94,0.3743,180.69,9,4.0
ORD02622,2022-12-26,CUST0452,West,Rajasthan,Corporate,Office Supplies,Notebook,Online,UPI,7,1358.36,0.2,9508.52,1901.7,7606.82,5917.11,1689.7,0.2221,57.34,6,4.3
ORD02623,2024-07-09,CUST0145,North,Uttar Pradesh,Consumer,Furniture,Sofa,Online,UPI,10,287.62,0.15,2876.2,431.43,2444.77,1744.06,700.71,0.2866,201.14,1,3.2
ORD02624,2022-11-25,CUST0655,West,Gujarat,Consumer,Electronics,Laptop,Store,Debit Card,9,1382.24,0.05,12440.16,622.01,11818.15,9240.58,2577.57,0.2181,108.5,8,3.8
ORD02625,2024-08-19,CUST0247,North,Uttar Pradesh,Corporate,Clothing,Jacket,Store,Credit Card,9,223.17,0.0,2008.53,0.0,2008.53,1411.99,596.54,0.297,256.74,8,4.0
ORD02626,2023-04-08,CUST0361,North,Haryana,Small Business,Home Appliances,Blender,Online,Debit Card,7,1107.46,0.2,7752.22,1550.44,6201.78,4703.24,1498.53,0.2416,184.62,8,4.4
ORD02627,2024-08-03,CUST0668,South,Andhra Pradesh,Small Business,Clothing,Shoes,Partner,UPI,4,1439.78,0.0,5759.12,0.0,5759.12,3625.15,2133.97,0.3705,141.23,8,4.2
ORD02628,2024-08-20,CUST0016,Central,Madhya Pradesh,Small Business,Clothing,Jacket,Store,UPI,4,233.85,0.15,935.4,140.31,795.09,545.29,249.8,0.3142,289.73,10,3.5
ORD02629,2025-11-06,CUST0390,North,Delhi,Consumer,Clothing,Jacket,Online,Net Banking,7,661.11,0.1,4627.77,462.78,4164.99,2312.57,1852.42,0.4448,157.54,5,4.7
ORD02630,2024-04-15,CUST0348,West,Maharashtra,Small Business,Furniture,Cabinet,Online,Debit Card,8,516.12,0.1,4128.96,412.9,3716.06,2653.7,1062.37,0.2859,268.44,2,3.7
ORD02631,2022-06-18,CUST0928,North,Uttar Pradesh,Corporate,Furniture,Cabinet,Store,UPI,7,591.89,0.1,4143.23,414.32,3728.91,2588.27,1140.64,0.3059,94.01,9,3.4
ORD02632,2022-08-05,CUST0977,West,Rajasthan,Small Business,Home Appliances,Vacuum Cleaner,Online,UPI,10,1133.41,0.2,11334.1,2266.82,9067.28,6836.06,2231.22,0.2461,143.7,6,4.1
ORD02633,2023-01-13,CUST0281,East,Bihar,Consumer,Furniture,Cabinet,Partner,Cash,4,996.87,0.2,3987.48,797.5,3189.98,2382.34,807.65,0.2532,43.49,3,3.5
ORD02634,2022-04-29,CUST0551,West,Maharashtra,Consumer,Furniture,Desk,Online,Debit Card,4,1453.5,0.2,5814.0,1162.8,4651.2,3346.34,1304.86,0.2805,138.37,1,4.6
ORD02635,2022-07-09,CUST0145,South,Karnataka,Consumer,Furniture,Desk,Online,Cash,8,290.44,0.1,2323.52,232.35,2091.17,1182.15,909.02,0.4347,270.46,5,4.8
ORD02636,2024-02-06,CUST0046,West,Rajasthan,Consumer,Furniture,Cabinet,Partner,Net Banking,9,821.74,0.0,7395.66,0.0,7395.66,5870.77,1524.89,0.2062,252.25,4,3.7
ORD02637,2023-01-05,CUST0463,Central,Madhya Pradesh,Consumer,Electronics,Laptop,Partner,UPI,7,681.95,0.25,4773.65,1193.41,3580.24,1986.55,1593.69,0.4451,293.2,4,3.4
ORD02638,2022-05-29,CUST0884,West,Rajasthan,Small Business,Home Appliances,Vacuum Cleaner,Online,UPI,3,1379.5,0.0,4138.5,0.0,4138.5,3173.74,964.76,0.2331,229.93,9,4.4
ORD02639,2023-10-14,CUST0821,East,West Bengal,Consumer,Furniture,Desk,Store,Credit Card,10,30.77,0.1,307.7,30.77,276.93,188.15,88.78,0.3206,96.02,6,4.0
ORD02640,2024-02-09,CUST0370,Central,Chhattisgarh,Consumer,Home Appliances,Coffee Maker,Online,Cash,1,1483.92,0.05,1483.92,74.2,1409.72,1086.7,323.03,0.2291,65.03,8,3.6
ORD02641,2023-01-09,CUST0307,North,Haryana,Consumer,Office Supplies,File Folder,Store,Credit Card,5,727.41,0.1,3637.05,363.7,3273.34,2211.37,1061.98,0.3244,70.26,9,3.8
ORD02642,2024-02-20,CUST0402,West,Rajasthan,Consumer,Electronics,Smartphone,Partner,UPI,6,943.93,0.05,5663.58,283.18,5380.4,3899.03,1481.37,0.2753,205.19,1,3.9
ORD02643,2022-06-09,CUST0494,Central,Chhattisgarh,Small Business,Furniture,Desk,Online,Debit Card,9,549.68,0.2,4947.12,989.42,3957.7,2564.91,1392.79,0.3519,127.03,7,3.1
ORD02644,2022-12-17,CUST0532,North,Punjab,Consumer,Electronics,Laptop,Online,Debit Card,5,1281.0,0.25,6405.0,1601.25,4803.75,3606.62,1197.13,0.2492,135.93,7,4.5
ORD02645,2025-08-04,CUST0343,East,West Bengal,Consumer,Electronics,Tablet,Online,UPI,1,849.55,0.1,849.55,84.96,764.59,473.0,291.6,0.3814,260.96,9,3.4
ORD02646,2025-08-04,CUST0133,South,Tamil Nadu,Small Business,Office Supplies,File Folder,Online,Cash,4,999.27,0.0,3997.08,0.0,3997.08,2974.73,1022.35,0.2558,223.47,1,3.7
ORD02647,2024-06-10,CUST0512,East,Bihar,Small Business,Home Appliances,Air Cooler,Online,UPI,2,978.62,0.15,1957.24,293.59,1663.65,1001.87,661.78,0.3978,78.6,2,4.1
ORD02648,2025-06-03,CUST0318,West,Gujarat,Consumer,Electronics,Laptop,Store,Cash,4,555.51,0.05,2222.04,111.1,2110.94,1572.62,538.32,0.255,67.91,6,4.6
ORD02649,2023-06-07,CUST0871,South,Tamil Nadu,Corporate,Clothing,Jeans,Online,UPI,7,127.85,0.25,894.95,223.74,671.21,422.39,248.82,0.3707,250.14,4,5.0
ORD02650,2023-06-06,CUST0268,East,Jharkhand,Corporate,Office Supplies,Printer Paper,Online,Credit Card,9,1214.44,0.0,10929.96,0.0,10929.96,6833.75,4096.21,0.3748,287.01,5,3.8
ORD02651,2024-02-22,CUST0593,South,Andhra Pradesh,Corporate,Clothing,Jacket,Store,Credit Card,3,445.23,0.0,1335.69,0.0,1335.69,1027.28,308.41,0.2309,71.84,5,4.6
ORD02652,2022-09-30,CUST0670,South,Telangana,Consumer,Office Supplies,Printer Paper,Online,UPI,3,1275.66,0.15,3826.98,574.05,3252.93,2503.77,749.16,0.2303,286.49,10,3.7
ORD02653,2024-07-24,CUST0979,North,Uttar Pradesh,Small Business,Clothing,Backpack,Online,Credit Card,4,918.83,0.15,3675.32,551.3,3124.02,2301.4,822.62,0.2633,140.33,1,4.3
ORD02654,2025-11-26,CUST0224,Central,Madhya Pradesh,Consumer,Clothing,Jeans,Online,UPI,7,540.25,0.1,3781.75,378.18,3403.58,2721.01,682.57,0.2005,273.58,1,3.7
ORD02655,2022-07-02,CUST0912,North,Punjab,Consumer,Electronics,Tablet,Store,Credit Card,6,897.46,0.05,5384.76,269.24,5115.52,3029.27,2086.25,0.4078,230.24,7,3.0
ORD02656,2023-05-03,CUST0002,Central,Chhattisgarh,Consumer,Electronics,Tablet,Online,Debit Card,5,973.56,0.05,4867.8,243.39,4624.41,2879.7,1744.71,0.3773,273.43,3,4.6
ORD02657,2024-04-25,CUST0972,East,West Bengal,Consumer,Office Supplies,Notebook,Store,UPI,4,1064.42,0.05,4257.68,212.88,4044.8,2545.73,1499.07,0.3706,200.64,5,3.6
ORD02658,2022-05-04,CUST0637,South,Telangana,Small Business,Home Appliances,Blender,Online,UPI,8,1236.17,0.05,9889.36,494.47,9394.89,5941.59,3453.31,0.3676,63.96,8,4.1
ORD02659,2024-09-11,CUST0241,West,Maharashtra,Corporate,Electronics,Laptop,Store,Credit Card,4,252.24,0.2,1008.96,201.79,807.17,515.43,291.74,0.3614,36.9,5,3.0
ORD02660,2024-02-29,CUST0117,East,Bihar,Consumer,Electronics,Tablet,Store,Debit Card,3,1417.05,0.0,4251.15,0.0,4251.15,3138.17,1112.98,0.2618,195.59,10,3.2
ORD02661,2023-02-18,CUST0899,East,West Bengal,Consumer,Furniture,Desk,Store,Debit Card,7,625.1,0.1,4375.7,437.57,3938.13,2453.87,1484.26,0.3769,36.34,9,2.9
ORD02662,2025-04-10,CUST0776,North,Delhi,Consumer,Electronics,Smartphone,Online,Credit Card,2,1292.77,0.15,2585.54,387.83,2197.71,1378.4,819.31,0.3728,86.08,4,4.2
ORD02663,2025-08-04,CUST0549,South,Telangana,Small Business,Home Appliances,Microwave,Online,UPI,4,342.41,0.0,1369.64,0.0,1369.64,964.24,405.4,0.296,77.74,7,3.4
ORD02664,2025-12-29,CUST0437,South,Karnataka,Corporate,Furniture,Office Chair,Partner,UPI,8,58.11,0.2,464.88,92.98,371.9,223.96,147.94,0.3978,139.59,8,4.9
ORD02665,2023-11-17,CUST0311,North,Uttar Pradesh,Corporate,Clothing,Backpack,Online,Credit Card,4,866.42,0.15,3465.68,519.85,2945.83,1910.43,1035.4,0.3515,187.27,7,3.1
ORD02666,2022-04-23,CUST0216,South,Karnataka,Corporate,Clothing,Backpack,Online,Debit Card,10,497.13,0.0,4971.3,0.0,4971.3,2811.99,2159.31,0.4344,275.13,4,4.1
ORD02667,2024-06-06,CUST0561,North,Uttar Pradesh,Corporate,Furniture,Desk,Store,Debit Card,7,1476.93,0.2,10338.51,2067.7,8270.81,6676.09,1594.71,0.1928,282.13,8,2.8
ORD02668,2022-05-02,CUST0217,South,Telangana,Corporate,Furniture,Desk,Store,Debit Card,2,170.11,0.1,340.22,34.02,306.2,194.64,111.56,0.3643,295.06,10,5.0
ORD02669,2025-05-30,CUST0571,North,Delhi,Consumer,Furniture,Sofa,Online,UPI,5,85.24,0.15,426.2,63.93,362.27,282.39,79.88,0.2205,233.87,10,3.3
ORD02670,2022-02-08,CUST0572,North,Haryana,Small Business,Office Supplies,Stapler,Store,Debit Card,4,81.85,0.2,327.4,65.48,261.92,181.53,80.39,0.3069,277.96,10,4.4
ORD02671,2023-05-12,CUST0345,North,Haryana,Corporate,Home Appliances,Vacuum Cleaner,Store,Debit Card,9,337.06,0.2,3033.54,606.71,2426.83,1484.29,942.54,0.3884,241.38,4,3.7
ORD02672,2024-02-19,CUST0078,Central,Chhattisgarh,Corporate,Home Appliances,Coffee Maker,Online,Net Banking,7,875.1,0.1,6125.7,612.57,5513.13,3320.15,2192.98,0.3978,274.97,10,4.4
ORD02673,2025-06-10,CUST0119,North,Haryana,Small Business,Clothing,Jacket,Store,Credit Card,9,765.76,0.05,6891.84,344.59,6547.25,4829.51,1717.74,0.2624,49.17,8,3.4
ORD02674,2024-07-31,CUST0430,West,Goa,Small Business,Clothing,Jacket,Store,UPI,10,534.86,0.05,5348.6,267.43,5081.17,4118.36,962.81,0.1895,289.24,8,4.1
ORD02675,2022-05-29,CUST0868,North,Delhi,Small Business,Clothing,T-Shirt,Partner,UPI,7,146.86,0.15,1028.02,154.2,873.82,523.79,350.03,0.4006,85.68,4,3.6
ORD02676,2025-11-21,CUST0319,Central,Madhya Pradesh,Small Business,Electronics,Laptop,Online,Debit Card,2,362.1,0.2,724.2,144.84,579.36,336.7,242.66,0.4188,179.17,5,5.0
ORD02677,2024-10-18,CUST0639,North,Delhi,Consumer,Clothing,Shoes,Store,UPI,2,288.46,0.0,576.92,0.0,576.92,377.6,199.32,0.3455,164.71,5,3.4
ORD02678,2023-10-23,CUST0207,Central,Madhya Pradesh,Consumer,Furniture,Bookshelf,Online,UPI,2,1122.32,0.0,2244.64,0.0,2244.64,1473.22,771.42,0.3437,178.05,5,3.3
ORD02679,2022-10-29,CUST0672,West,Gujarat,Corporate,Clothing,Shoes,Online,UPI,5,1173.22,0.15,5866.1,879.92,4986.19,3827.84,1158.35,0.2323,216.57,3,4.9
ORD02680,2025-10-15,CUST0322,North,Delhi,Consumer,Furniture,Cabinet,Store,UPI,1,1168.87,0.05,1168.87,58.44,1110.43,751.31,359.11,0.3234,171.09,2,4.4
ORD02681,2022-08-26,CUST0597,Central,Chhattisgarh,Small Business,Office Supplies,Printer Paper,Online,,7,1454.03,0.05,10178.21,508.91,9669.3,5481.18,4188.12,0.4331,212.85,1,3.5
ORD02682,2023-10-09,CUST0004,East,Odisha,Corporate,Electronics,Laptop,Online,Cash,2,1328.09,0.0,2656.18,0.0,2656.18,2121.17,535.01,0.2014,169.63,3,4.1
ORD02683,2023-10-25,CUST0669,South,Karnataka,Corporate,Electronics,Tablet,Online,UPI,4,754.24,0.05,3016.96,150.85,2866.11,1865.15,1000.96,0.3492,23.37,9,4.1
ORD02684,2022-08-24,CUST0177,West,Goa,Small Business,Home Appliances,Coffee Maker,Online,Net Banking,9,631.18,0.25,5680.62,1420.16,4260.46,3112.28,1148.18,0.2695,195.66,7,4.2
ORD02685,2022-07-22,CUST0349,Central,Madhya Pradesh,Consumer,Office Supplies,Notebook,Online,Credit Card,8,1374.92,0.25,10999.36,2749.84,8249.52,6023.98,2225.54,0.2698,175.46,2,4.4
ORD02686,2022-09-13,CUST0791,East,Jharkhand,Corporate,Furniture,Office Chair,Online,UPI,10,922.67,0.05,9226.7,461.34,8765.36,4954.29,3811.07,0.4348,184.04,8,3.3
ORD02687,2023-08-21,CUST0899,South,Karnataka,Corporate,Office Supplies,Pens,Store,Credit Card,2,452.18,0.25,904.36,226.09,678.27,373.71,304.56,0.449,20.44,8,4.1
ORD02688,2023-10-24,CUST0310,West,Gujarat,Consumer,Electronics,Headphones,Online,Credit Card,4,853.23,0.05,3412.92,170.65,3242.27,1860.32,1381.95,0.4262,151.25,7,3.8
ORD02689,2022-08-23,CUST0764,West,Goa,Consumer,Furniture,Cabinet,Store,UPI,4,1488.34,0.2,5953.36,1190.67,4762.69,3849.51,913.18,0.1917,264.99,6,2.5
ORD02690,2025-09-30,CUST0917,Central,Madhya Pradesh,Small Business,Office Supplies,Pens,Partner,UPI,2,1276.46,0.05,2552.92,127.65,2425.27,1853.83,571.45,0.2356,113.12,2,3.7
ORD02691,2023-06-18,CUST0080,West,Gujarat,Corporate,Electronics,Monitor,Online,Debit Card,2,432.7,0.15,865.4,129.81,735.59,430.79,304.8,0.4144,144.57,4,3.7
ORD02692,2024-05-09,CUST0044,South,Karnataka,Small Business,Furniture,Cabinet,Online,UPI,5,1430.14,0.05,7150.7,357.54,6793.17,4864.01,1929.16,0.284,54.28,1,4.5
ORD02693,2024-02-09,CUST0916,Central,Madhya Pradesh,Consumer,Furniture,Cabinet,Store,UPI,4,1472.47,0.0,5889.88,0.0,5889.88,4212.64,1677.24,0.2848,146.07,7,4.7
ORD02694,2023-06-25,CUST0483,North,Delhi,Consumer,Electronics,Smartphone,Store,Debit Card,8,358.28,0.2,2866.24,573.25,2292.99,1261.49,1031.5,0.4498,130.82,2,4.4
ORD02695,2022-08-01,CUST0953,South,Andhra Pradesh,Consumer,Furniture,Sofa,Online,Debit Card,4,1344.95,0.05,5379.8,268.99,5110.81,3403.02,1707.79,0.3342,267.25,6,2.7
ORD02696,2023-04-08,CUST0453,East,Jharkhand,Consumer,Electronics,Tablet,Store,Debit Card,8,1326.56,0.25,10612.48,2653.12,7959.36,5907.27,2052.09,0.2578,29.92,9,5.0
ORD02697,2023-03-12,CUST0730,East,Jharkhand,Small Business,Clothing,T-Shirt,Online,Debit Card,5,74.03,0.0,370.15,0.0,370.15,222.25,147.9,0.3996,286.34,5,4.7
ORD02698,2022-10-10,CUST0199,North,Uttar Pradesh,Consumer,Clothing,Jeans,Online,UPI,1,1009.49,0.0,1009.49,0.0,1009.49,787.14,222.35,0.2203,181.39,5,3.9
ORD02699,2025-12-01,CUST0692,West,Goa,Small Business,Furniture,Sofa,Online,Credit Card,9,468.34,0.2,4215.06,843.01,3372.05,2455.8,916.25,0.2717,168.3,4,4.1
ORD02700,2022-03-29,CUST0208,South,Andhra Pradesh,Small Business,Furniture,Office Chair,Online,Credit Card,8,1016.8,0.1,8134.4,813.44,7320.96,4040.21,3280.75,0.4481,268.14,1,4.3
ORD02701,2024-12-03,CUST0913,South,Tamil Nadu,Small Business,Electronics,Laptop,Online,UPI,1,1371.63,0.1,1371.63,137.16,1234.47,963.9,270.56,0.2192,73.48,4,4.1
ORD02702,2023-04-06,CUST0194,West,Goa,Consumer,Furniture,Sofa,Store,UPI,3,755.69,0.0,2267.07,0.0,2267.07,1258.76,1008.31,0.4448,78.52,9,4.5
ORD02703,2022-10-05,CUST0012,South,Tamil Nadu,Small Business,Home Appliances,Blender,Store,Debit Card,3,630.4,0.1,1891.2,189.12,1702.08,1344.2,357.88,0.2103,264.84,9,4.9
ORD02704,2023-02-25,CUST0954,North,Delhi,Consumer,Clothing,T-Shirt,Online,Credit Card,5,1383.47,0.05,6917.35,345.87,6571.48,4206.43,2365.05,0.3599,280.24,7,2.9
ORD02705,2025-10-08,CUST0717,North,Haryana,Consumer,Furniture,Bookshelf,Partner,Debit Card,7,1461.56,0.1,10230.92,1023.09,9207.83,6801.23,2406.6,0.2614,254.59,4,3.8
ORD02706,2023-11-27,CUST0389,Central,Chhattisgarh,Consumer,Furniture,Sofa,Store,Net Banking,1,107.42,0.1,107.42,10.74,96.68,73.73,22.95,0.2374,31.55,9,4.2
ORD02707,2023-05-30,CUST0848,North,Haryana,Small Business,Office Supplies,Stapler,Online,Net Banking,1,1385.43,0.1,1385.43,138.54,1246.89,780.48,466.41,0.3741,202.58,5,3.2
ORD02708,2023-12-04,CUST0126,South,Andhra Pradesh,Consumer,Furniture,Cabinet,Online,UPI,10,137.91,0.25,1379.1,344.78,1034.32,668.42,365.9,0.3538,146.32,10,5.0
ORD02709,2022-01-19,CUST0348,East,Bihar,Consumer,Home Appliances,Blender,Store,Credit Card,6,515.87,0.15,3095.22,464.28,2630.94,1808.97,821.97,0.3124,246.19,2,2.4
ORD02710,2022-01-23,CUST0072,East,Odisha,Consumer,Clothing,Jacket,Partner,UPI,5,1147.42,0.05,5737.1,286.86,5450.25,3855.1,1595.14,0.2927,64.28,9,3.6
ORD02711,2023-02-17,CUST0440,North,Uttar Pradesh,Consumer,Office Supplies,Pens,Online,Credit Card,3,1168.9,0.05,3506.7,175.34,3331.36,2094.93,1236.43,0.3711,277.69,6,4.4
ORD02712,2024-11-19,CUST0732,East,West Bengal,Consumer,Electronics,Tablet,Store,Debit Card,3,1092.85,0.1,3278.55,327.86,2950.7,2413.51,537.18,0.1821,113.91,5,5.0
ORD02713,2022-04-18,CUST0302,South,Tamil Nadu,Small Business,Electronics,Laptop,Online,Credit Card,4,73.08,0.05,292.32,14.62,277.7,208.0,69.71,0.251,110.5,10,4.2
ORD02714,2025-10-22,CUST0584,Central,Chhattisgarh,Corporate,Clothing,T-Shirt,Online,Net Banking,10,212.45,0.05,2124.5,106.22,2018.28,1259.45,758.83,0.376,69.96,8,4.4
ORD02715,2025-07-28,CUST0349,North,Punjab,Small Business,Electronics,Monitor,Online,UPI,2,1405.28,0.15,2810.56,421.58,2388.98,1727.03,661.95,0.2771,21.95,2,3.7
ORD02716,2025-02-25,CUST0121,South,Tamil Nadu,Corporate,Home Appliances,Blender,Store,UPI,9,135.97,0.2,1223.73,244.75,978.98,653.52,325.46,0.3324,107.57,5,5.0
ORD02717,2025-06-06,CUST0786,South,Karnataka,Small Business,Furniture,Office Chair,Online,UPI,4,131.64,0.1,526.56,52.66,473.9,370.73,103.17,0.2177,61.53,10,5.0
ORD02718,2025-02-08,CUST0300,South,Andhra Pradesh,Consumer,Clothing,Shoes,Online,Credit Card,10,1255.93,0.1,12559.3,1255.93,11303.37,7220.78,4082.59,0.3612,226.68,8,4.5
ORD02719,2022-05-16,CUST0555,West,Maharashtra,Corporate,Office Supplies,File Folder,Online,Debit Card,3,967.28,0.1,2901.84,290.18,2611.66,1568.88,1042.78,0.3993,231.86,4,2.5
ORD02720,2022-12-28,CUST0208,South,Karnataka,Corporate,Furniture,Desk,Partner,UPI,10,537.21,0.1,5372.1,537.21,4834.89,2719.42,2115.47,0.4375,251.82,10,4.1
ORD02721,2025-04-24,CUST0474,South,Telangana,Consumer,Electronics,Laptop,Store,UPI,7,261.08,0.15,1827.56,274.13,1553.43,1267.23,286.2,0.1842,21.52,10,3.6
ORD02722,2022-05-09,CUST0214,West,Rajasthan,Small Business,Electronics,Monitor,Online,Net Banking,9,1327.99,0.15,11951.91,1792.79,10159.12,6572.85,3586.27,0.353,118.42,9,4.0
ORD02723,2025-07-08,CUST0335,East,West Bengal,Corporate,Office Supplies,File Folder,Partner,Debit Card,2,1482.98,0.0,2965.96,0.0,2965.96,1807.87,1158.09,0.3905,21.63,7,3.7
ORD02724,2023-05-30,CUST0077,South,Tamil Nadu,Small Business,Home Appliances,Microwave,Online,Net Banking,6,89.21,0.15,535.26,80.29,454.97,310.64,144.33,0.3172,162.16,7,4.2
ORD02725,2023-03-25,CUST0150,North,Haryana,Corporate,Office Supplies,Pens,Online,Debit Card,5,837.86,0.15,4189.3,628.4,3560.9,2238.89,1322.01,0.3713,274.52,9,3.6
ORD02726,2025-02-01,CUST0252,North,Haryana,Consumer,Clothing,T-Shirt,Online,UPI,1,403.04,0.0,403.04,0.0,403.04,247.02,156.02,0.3871,134.21,3,3.8
ORD02727,2025-06-01,CUST0572,North,Punjab,Corporate,Office Supplies,File Folder,Online,UPI,7,1251.09,0.0,8757.63,0.0,8757.63,6274.17,2483.46,0.2836,264.63,3,3.8
ORD02728,2024-05-23,CUST0213,North,Haryana,Consumer,Electronics,Headphones,Online,Cash,1,528.92,0.15,528.92,79.34,449.58,256.36,193.23,0.4298,285.32,10,4.2
ORD02729,2023-04-18,CUST0575,East,Jharkhand,Corporate,Home Appliances,Air Cooler,Store,Credit Card,10,1076.22,0.1,10762.2,1076.22,9685.98,6658.41,3027.57,0.3126,86.6,7,3.1
ORD02730,2024-10-30,CUST0498,Central,Chhattisgarh,Corporate,Home Appliances,Vacuum Cleaner,Store,UPI,9,816.19,0.15,7345.71,1101.86,6243.85,4087.27,2156.59,0.3454,22.84,2,2.9
ORD02731,2025-11-29,CUST0792,South,Tamil Nadu,Small Business,Office Supplies,Stapler,Store,UPI,4,819.16,0.0,3276.64,0.0,3276.64,2273.28,1003.36,0.3062,227.08,10,4.5
ORD02732,2022-10-29,CUST0705,South,Telangana,Consumer,Clothing,Backpack,Store,Credit Card,8,1289.13,0.0,10313.04,0.0,10313.04,6564.45,3748.59,0.3635,182.12,3,3.7
ORD02733,2022-08-19,CUST0029,North,Punjab,Consumer,Electronics,Monitor,Store,Credit Card,1,713.55,0.0,713.55,0.0,713.55,502.33,211.22,0.296,117.2,6,4.4
ORD02734,2024-07-11,CUST0897,South,Tamil Nadu,Consumer,Furniture,Office Chair,Online,Net Banking,5,1270.72,0.1,6353.6,635.36,5718.24,3271.35,2446.89,0.4279,122.93,9,4.5
ORD02735,2024-12-25,CUST0892,North,Uttar Pradesh,Consumer,Home Appliances,Blender,Store,Credit Card,3,554.69,0.1,1664.07,166.41,1497.66,975.82,521.84,0.3484,42.67,4,3.6
ORD02736,2024-07-25,CUST0513,Central,Madhya Pradesh,Small Business,Office Supplies,Notebook,Store,Credit Card,4,274.55,0.2,1098.2,219.64,878.56,539.55,339.01,0.3859,263.9,5,3.7
ORD02737,2022-04-22,CUST0073,West,Gujarat,Small Business,Clothing,Backpack,Partner,Cash,4,691.38,0.15,2765.52,414.83,2350.69,1570.93,779.76,0.3317,87.78,6,3.6
ORD02738,2024-11-02,CUST0789,Central,Chhattisgarh,Corporate,Clothing,Jacket,Online,UPI,8,755.06,0.25,6040.48,1510.12,4530.36,2978.94,1551.42,0.3424,47.19,3,3.2
ORD02739,2025-11-17,CUST0206,Central,Madhya Pradesh,Small Business,Electronics,Laptop,Online,Debit Card,10,725.4,0.0,7254.0,0.0,7254.0,5225.92,2028.08,0.2796,238.27,2,3.0
ORD02740,2023-05-15,CUST0668,East,West Bengal,Consumer,Home Appliances,Vacuum Cleaner,Store,UPI,10,1215.37,0.0,12153.7,0.0,12153.7,8747.8,3405.9,0.2802,155.82,4,3.9
ORD02741,2024-07-20,CUST0658,East,Odisha,Consumer,Electronics,Headphones,Store,UPI,3,853.55,0.0,2560.65,0.0,2560.65,1694.15,866.5,0.3384,233.61,6,3.2
ORD02742,2023-08-21,CUST0865,North,Punjab,Consumer,Furniture,Desk,Online,Net Banking,1,1334.34,0.1,1334.34,133.43,1200.91,719.39,481.52,0.401,272.52,4,3.9
ORD02743,2022-08-22,CUST0052,East,Odisha,Small Business,Furniture,Cabinet,Store,UPI,5,778.57,0.05,3892.85,194.64,3698.21,2615.06,1083.14,0.2929,127.0,8,3.4
ORD02744,2023-08-25,CUST0322,Central,Chhattisgarh,Corporate,Furniture,Office Chair,Online,Net Banking,2,348.7,0.15,697.4,104.61,592.79,480.73,112.06,0.189,35.25,9,3.5
ORD02745,2022-11-10,CUST0627,North,Uttar Pradesh,Corporate,Clothing,Jeans,Partner,Credit Card,6,207.3,0.0,1243.8,0.0,1243.8,746.37,497.43,0.3999,90.91,8,3.8
ORD02746,2023-07-20,CUST0226,Central,Madhya Pradesh,Consumer,Home Appliances,Coffee Maker,Online,UPI,4,1304.52,0.0,5218.08,0.0,5218.08,2967.24,2250.84,0.4314,34.3,7,5.0
ORD02747,2024-11-01,CUST0600,South,Karnataka,Consumer,Electronics,Tablet,Online,Credit Card,9,98.42,0.1,885.78,88.58,797.2,495.41,301.8,0.3786,61.76,2,4.9
ORD02748,2022-07-28,CUST0062,Central,Chhattisgarh,Small Business,Electronics,Headphones,Online,Credit Card,7,189.65,0.05,1327.55,66.38,1261.17,834.25,426.92,0.3385,257.71,10,4.6
ORD02749,2024-11-03,CUST0019,Central,Chhattisgarh,Consumer,Furniture,Bookshelf,Online,UPI,2,109.53,0.15,219.06,32.86,186.2,117.8,68.4,0.3673,283.6,2,4.0
ORD02750,2025-12-12,CUST0770,West,Gujarat,Corporate,Home Appliances,Vacuum Cleaner,Online,Credit Card,7,644.25,0.15,4509.75,676.46,3833.29,2972.22,861.07,0.2246,209.54,10,2.9
ORD02751,2025-12-31,CUST0710,West,Rajasthan,Consumer,Home Appliances,Blender,Store,UPI,10,805.93,0.0,8059.3,0.0,8059.3,5505.45,2553.85,0.3169,224.91,5,4.7
ORD02752,2025-11-01,CUST0311,East,West Bengal,Consumer,Office Supplies,Stapler,Partner,Net Banking,8,44.51,0.15,356.08,53.41,302.67,186.58,116.09,0.3835,224.82,4,3.6
ORD02753,2024-11-09,CUST0591,West,Rajasthan,Corporate,Home Appliances,Coffee Maker,Online,Debit Card,3,780.65,0.1,2341.95,234.2,2107.75,1700.02,407.74,0.1934,54.54,4,4.9
ORD02754,2023-08-10,CUST0441,Central,Chhattisgarh,Consumer,Home Appliances,Air Cooler,Store,Credit Card,3,599.73,0.1,1799.19,179.92,1619.27,945.28,673.99,0.4162,33.19,4,3.6
ORD02755,2024-10-11,CUST0523,West,Goa,Corporate,Electronics,Headphones,Online,UPI,2,1163.86,0.0,2327.72,0.0,2327.72,1357.49,970.23,0.4168,215.55,7,4.8
ORD02756,2024-12-29,CUST0656,West,Rajasthan,Corporate,Home Appliances,Blender,Online,Cash,1,1247.49,0.15,1247.49,187.12,1060.37,653.43,406.94,0.3838,30.48,3,4.5
ORD02757,2025-05-19,CUST0756,West,Maharashtra,Consumer,Home Appliances,Vacuum Cleaner,Online,UPI,3,1032.18,0.0,3096.54,0.0,3096.54,1767.28,1329.26,0.4293,247.29,2,2.7
ORD02758,2025-01-29,CUST0085,West,Gujarat,Corporate,Electronics,Headphones,Online,UPI,10,718.14,0.05,7181.4,359.07,6822.33,5136.85,1685.48,0.2471,185.52,5,4.6
ORD02759,2023-11-29,CUST0958,East,Odisha,Corporate,Home Appliances,Air Cooler,Store,Credit Card,7,335.98,0.0,2351.86,0.0,2351.86,1492.16,859.7,0.3655,51.78,6,4.0
ORD02760,2022-05-12,CUST0539,West,Maharashtra,Consumer,Electronics,Headphones,Online,Credit Card,9,1272.97,0.1,11456.73,1145.67,10311.06,7702.94,2608.12,0.2529,204.6,8,3.2
ORD02761,2025-11-05,CUST0790,East,Odisha,Corporate,Office Supplies,Notebook,Partner,UPI,9,522.38,0.1,4701.42,470.14,4231.28,3198.59,1032.69,0.2441,189.77,3,3.8
ORD02762,2025-03-01,CUST0003,North,Punjab,Corporate,Clothing,Shoes,Store,Credit Card,6,544.09,0.2,3264.54,652.91,2611.63,1603.88,1007.75,0.3859,125.37,4,5.0
ORD02763,2024-11-09,CUST0771,South,Tamil Nadu,Consumer,Electronics,Headphones,Store,Net Banking,6,1375.28,0.15,8251.68,1237.75,7013.93,4839.32,2174.61,0.31,248.96,4,2.8
ORD02764,2023-06-20,CUST0243,South,Telangana,Small Business,Electronics,Tablet,Partner,UPI,5,1463.76,0.25,7318.8,1829.7,5489.1,3789.07,1700.03,0.3097,105.29,4,4.0
ORD02765,2024-10-10,CUST0405,North,Haryana,Consumer,Home Appliances,Microwave,Partner,UPI,2,1348.72,0.15,2697.44,404.62,2292.82,1800.48,492.34,0.2147,125.81,7,3.6
ORD02766,2022-08-15,CUST0043,North,Uttar Pradesh,Small Business,Electronics,Headphones,Store,Net Banking,7,1497.38,0.05,10481.66,524.08,9957.58,5545.58,4412.0,0.4431,215.05,4,4.4
ORD02767,2025-03-23,CUST0710,East,West Bengal,Small Business,Furniture,Sofa,Online,Net Banking,1,1305.33,0.1,1305.33,130.53,1174.8,746.63,428.17,0.3645,230.57,7,4.6
ORD02768,2024-04-01,CUST0601,North,Uttar Pradesh,Consumer,Furniture,Desk,Online,UPI,6,1060.97,0.1,6365.82,636.58,5729.24,4516.2,1213.04,0.2117,96.6,4,4.2
ORD02769,2024-05-20,CUST0233,South,Telangana,Consumer,Office Supplies,Printer Paper,Store,Cash,4,451.32,0.1,1805.28,180.53,1624.75,997.5,627.26,0.3861,24.7,10,4.6
ORD02770,2023-02-09,CUST0508,West,Gujarat,Consumer,Electronics,Laptop,Online,Cash,3,1430.14,0.1,4290.42,429.04,3861.38,2266.47,1594.91,0.413,69.37,8,3.4
ORD02771,2022-07-21,CUST0805,Central,Madhya Pradesh,Consumer,Home Appliances,Coffee Maker,Partner,Cash,1,1316.79,0.15,1316.79,197.52,1119.27,789.71,329.56,0.2944,93.7,5,3.9
ORD02772,2022-02-07,CUST0350,West,Rajasthan,Small Business,Home Appliances,Microwave,Online,Net Banking,6,372.51,0.0,2235.06,0.0,2235.06,1413.87,821.19,0.3674,273.4,2,5.0
ORD02773,2024-07-30,CUST0440,Central,Chhattisgarh,Corporate,Clothing,T-Shirt,Online,UPI,7,741.41,0.15,5189.87,778.48,4411.39,2982.85,1428.54,0.3238,270.21,9,3.6
ORD02774,2022-07-07,CUST0551,West,Maharashtra,Consumer,Office Supplies,Printer Paper,Online,UPI,1,119.03,0.0,119.03,0.0,119.03,91.82,27.21,0.2286,205.0,9,3.5
ORD02775,2024-12-16,CUST0916,South,Tamil Nadu,Corporate,Home Appliances,Blender,Store,Credit Card,1,1430.66,,1430.66,0.0,1430.66,988.0,442.66,0.3094,218.61,1,3.7
ORD02776,2024-07-29,CUST0833,West,Goa,Small Business,Clothing,Backpack,Online,Debit Card,7,865.56,0.1,6058.92,605.89,5453.03,3758.72,1694.31,0.3107,193.95,5,4.3
ORD02777,2024-11-09,CUST0163,West,Goa,Corporate,Home Appliances,Air Cooler,Online,Credit Card,6,379.12,0.1,2274.72,227.47,2047.25,1279.75,767.49,0.3749,238.17,3,4.0
ORD02778,2022-09-30,CUST0299,South,Tamil Nadu,Corporate,Clothing,Backpack,Online,Credit Card,7,449.21,0.0,3144.47,0.0,3144.47,2402.61,741.86,0.2359,118.34,10,4.4
ORD02779,2025-02-16,CUST0986,North,Punjab,Corporate,Furniture,Sofa,Online,Debit Card,8,1471.27,0.1,11770.16,1177.02,10593.14,7942.21,2650.93,0.2503,173.08,5,3.5
ORD02780,2023-08-06,CUST0021,West,Goa,Consumer,Furniture,Bookshelf,Online,Credit Card,8,929.19,0.1,7433.52,743.35,6690.17,4102.49,2587.67,0.3868,207.78,4,3.1
ORD02781,2023-05-31,CUST0010,North,Uttar Pradesh,Consumer,Home Appliances,Blender,Online,Cash,9,639.71,0.0,5757.39,0.0,5757.39,3664.01,2093.38,0.3636,151.16,3,3.6
ORD02782,2025-05-29,CUST0045,West,Rajasthan,Corporate,Office Supplies,Pens,Online,Net Banking,9,757.27,0.15,6815.43,1022.31,5793.12,4419.74,1373.38,0.2371,236.35,7,3.1
ORD02783,2023-06-10,CUST0605,North,Uttar Pradesh,Consumer,Electronics,Monitor,Online,Credit Card,7,161.35,0.05,1129.45,56.47,1072.98,693.77,379.21,0.3534,281.12,5,4.1
ORD02784,2022-12-02,CUST0003,East,West Bengal,Corporate,Office Supplies,Printer Paper,Partner,Credit Card,9,126.41,0.15,1137.69,170.65,967.04,637.24,329.8,0.341,205.86,1,3.9
ORD02785,2023-11-29,CUST0043,East,Bihar,Corporate,Office Supplies,Pens,Partner,Net Banking,6,895.17,0.05,5371.02,268.55,5102.47,3308.4,1794.07,0.3516,40.91,4,4.1
ORD02786,2024-12-14,CUST0180,North,Uttar Pradesh,Corporate,Electronics,Laptop,Online,Net Banking,9,775.33,0.1,6977.97,697.8,6280.17,3728.17,2552.01,0.4064,190.87,1,4.2
ORD02787,2023-05-15,CUST0297,South,Telangana,Consumer,Furniture,Sofa,Online,Cash,2,548.34,0.2,1096.68,219.34,877.34,563.29,314.05,0.358,214.97,3,3.6
ORD02788,2024-06-18,CUST0377,West,Maharashtra,Consumer,Furniture,Cabinet,Online,Cash,2,855.68,0.15,1711.36,256.7,1454.66,1115.42,339.24,0.2332,99.31,10,4.4
ORD02789,2024-02-05,CUST0107,West,Maharashtra,Consumer,Electronics,Smartphone,Partner,Cash,6,122.92,0.15,737.52,110.63,626.89,427.91,198.98,0.3174,110.09,10,4.1
ORD02790,2023-06-20,CUST0937,Central,Chhattisgarh,Consumer,Clothing,T-Shirt,Online,Debit Card,3,1416.83,0.0,4250.49,0.0,4250.49,2863.63,1386.86,0.3263,186.71,5,3.6
ORD02791,2022-06-11,CUST0717,East,Odisha,Consumer,Office Supplies,File Folder,Online,Debit Card,2,451.16,0.0,902.32,0.0,902.32,534.37,367.95,0.4078,217.99,6,4.2
ORD02792,2023-08-17,CUST0777,West,Rajasthan,Corporate,Home Appliances,Coffee Maker,Online,Net Banking,8,121.59,0.1,972.72,97.27,875.45,523.47,351.98,0.4021,264.0,1,4.2
ORD02793,2022-06-08,CUST0430,South,Andhra Pradesh,Consumer,Furniture,Cabinet,Online,Debit Card,7,266.71,0.1,1866.97,186.7,1680.27,943.64,736.64,0.4384,233.51,10,5.0
ORD02794,2025-04-26,CUST0912,South,Karnataka,Consumer,Home Appliances,Vacuum Cleaner,Online,Net Banking,8,156.78,0.2,1254.24,250.85,1003.39,555.65,447.75,0.4462,57.51,9,4.4
ORD02795,2022-03-01,CUST0636,North,Haryana,Consumer,Electronics,Monitor,Store,UPI,6,280.23,0.05,1681.38,84.07,1597.31,1088.99,508.32,0.3182,117.47,9,4.6
ORD02796,2024-07-03,CUST0113,East,Jharkhand,Consumer,Home Appliances,Vacuum Cleaner,Store,Net Banking,9,633.88,0.1,5704.92,570.49,5134.43,3391.25,1743.18,0.3395,61.65,1,3.7
ORD02797,2025-09-04,CUST0377,South,Tamil Nadu,Consumer,Home Appliances,Vacuum Cleaner,Store,Debit Card,9,1111.01,0.1,9999.09,999.91,8999.18,5618.66,3380.52,0.3756,231.94,7,3.4
ORD02798,2022-07-30,CUST0047,North,Haryana,Consumer,Office Supplies,Notebook,Online,UPI,2,419.44,0.15,838.88,125.83,713.05,582.78,130.26,0.1827,94.61,4,4.3
ORD02799,2023-02-10,CUST0668,West,Rajasthan,Small Business,Electronics,Monitor,Store,UPI,10,662.35,0.05,6623.5,331.18,6292.32,4136.95,2155.38,0.3425,54.58,2,3.6
ORD02800,2023-10-26,CUST0284,West,Rajasthan,Consumer,Home Appliances,Blender,Online,Cash,5,1394.2,0.2,6971.0,1394.2,5576.8,4255.04,1321.76,0.237,46.94,2,3.7
ORD02801,2025-02-06,CUST0331,South,Tamil Nadu,Corporate,Furniture,Cabinet,Online,Debit Card,9,454.3,0.1,4088.7,408.87,3679.83,2233.09,1446.74,0.3932,52.06,6,3.1
ORD02802,2025-01-04,CUST0236,North,Punjab,Small Business,Electronics,Laptop,Store,Cash,3,1195.16,0.15,3585.48,537.82,3047.66,1879.49,1168.16,0.3833,89.19,6,4.0
ORD02803,2023-06-26,CUST0862,South,Tamil Nadu,Consumer,Furniture,Bookshelf,Partner,Net Banking,5,249.36,0.1,1246.8,124.68,1122.12,789.37,332.75,0.2965,239.06,5,3.8
ORD02804,2025-08-30,CUST0651,South,Tamil Nadu,Small Business,Clothing,Backpack,Online,UPI,8,279.81,0.15,2238.48,335.77,1902.71,1048.56,854.15,0.4489,86.56,3,3.8
ORD02805,2024-09-24,CUST0285,West,Maharashtra,Consumer,Home Appliances,Microwave,Online,Net Banking,2,692.39,0.0,1384.78,0.0,1384.78,768.14,616.64,0.4453,98.78,7,4.5
ORD02806,2025-02-14,CUST0754,South,Telangana,Consumer,Electronics,Tablet,Online,UPI,6,362.64,0.15,2175.84,326.38,1849.46,1088.22,761.24,0.4116,266.59,3,3.6
ORD02807,2024-07-15,CUST0440,West,Rajasthan,Consumer,Furniture,Office Chair,Partner,Credit Card,4,1356.0,0.1,5424.0,542.4,4881.6,2978.96,1902.64,0.3898,143.85,7,4.0
ORD02808,2024-05-17,CUST0249,Central,Chhattisgarh,Consumer,Home Appliances,Air Cooler,Online,Credit Card,6,90.37,0.1,542.22,54.22,488.0,337.95,150.05,0.3075,162.47,2,3.7
ORD02809,2022-01-19,CUST0716,South,Telangana,Consumer,Office Supplies,Notebook,Online,Net Banking,3,901.95,0.0,2705.85,0.0,2705.85,1989.56,716.29,0.2647,20.76,8,3.2
ORD02810,2023-03-08,CUST0712,Central,Madhya Pradesh,Consumer,Furniture,Bookshelf,Online,UPI,6,912.28,0.15,5473.68,821.05,4652.63,2950.73,1701.9,0.3658,42.99,2,4.1
ORD02811,2024-01-10,CUST0057,South,Tamil Nadu,Corporate,Furniture,Cabinet,Online,Credit Card,7,113.05,0.0,791.35,0.0,791.35,486.32,305.03,0.3855,227.37,2,4.3
ORD02812,2025-10-05,CUST0437,South,Andhra Pradesh,Small Business,Clothing,Backpack,Online,UPI,10,1102.86,0.0,11028.6,0.0,11028.6,8515.83,2512.77,0.2278,113.37,4,4.5
ORD02813,2022-07-02,CUST0074,South,Tamil Nadu,Consumer,Office Supplies,File Folder,Partner,Debit Card,3,711.31,0.0,2133.93,0.0,2133.93,1267.45,866.48,0.4061,61.87,10,4.3
ORD02814,2022-04-23,CUST0119,North,Delhi,Consumer,Clothing,Jeans,Online,Credit Card,5,1088.76,0.0,5443.8,0.0,5443.8,3991.11,1452.69,0.2669,140.07,1,3.7
ORD02815,2025-04-21,CUST0571,North,Punjab,Consumer,Office Supplies,Printer Paper,Partner,,8,1242.98,0.15,9943.84,1491.58,8452.26,6774.15,1678.12,0.1985,32.63,7,5.0
ORD02816,2023-04-26,CUST0291,South,Tamil Nadu,Consumer,Furniture,Bookshelf,Online,Debit Card,2,494.51,0.05,989.02,49.45,939.57,575.67,363.9,0.3873,218.63,2,4.0
ORD02817,2025-03-15,CUST0948,West,Goa,Corporate,Clothing,Shoes,Partner,Credit Card,7,734.46,0.0,5141.22,0.0,5141.22,2948.39,2192.83,0.4265,42.45,6,4.0
ORD02818,2024-04-10,CUST0804,Central,Madhya Pradesh,Consumer,Home Appliances,Blender,Store,UPI,1,402.23,0.05,402.23,20.11,382.12,311.25,70.87,0.1855,35.36,5,3.3
ORD02819,2025-02-10,CUST0333,West,Rajasthan,Consumer,Office Supplies,Notebook,Online,UPI,7,314.25,0.1,2199.75,219.98,1979.78,1233.62,746.16,0.3769,137.52,5,3.6
ORD02820,2024-02-02,CUST0058,North,Punjab,Corporate,Furniture,Bookshelf,Store,Credit Card,1,15.88,0.1,15.88,1.59,14.29,8.92,5.37,0.3756,184.38,4,4.7
ORD02821,2023-04-21,CUST0500,West,Goa,Small Business,Electronics,Headphones,Online,Debit Card,4,1445.99,0.05,5783.96,289.2,5494.76,3739.84,1754.93,0.3194,233.89,5,4.3
ORD02822,2024-02-02,CUST0731,West,Rajasthan,Consumer,Office Supplies,Notebook,Online,Debit Card,4,669.78,0.1,2679.12,267.91,2411.21,1476.59,934.62,0.3876,39.87,9,3.3
ORD02823,2025-08-19,CUST0744,West,Rajasthan,Corporate,Office Supplies,File Folder,Online,Credit Card,5,34.41,0.1,172.05,17.2,154.84,126.67,28.17,0.1819,113.75,1,3.3
ORD02824,2024-08-28,CUST0258,West,Maharashtra,Consumer,Home Appliances,Blender,Online,Credit Card,2,28.27,0.15,56.54,8.48,48.06,26.99,21.07,0.4384,95.2,2,4.3
ORD02825,2024-10-16,CUST0796,Central,Chhattisgarh,Consumer,Office Supplies,Notebook,Store,Credit Card,6,443.2,0.0,2659.2,0.0,2659.2,1786.71,872.49,0.3281,228.25,7,3.7
ORD02826,2025-02-15,CUST0482,South,Karnataka,Consumer,Office Supplies,Stapler,Store,Credit Card,6,35.7,0.2,214.2,42.84,171.36,119.62,51.74,0.3019,123.44,9,4.9
ORD02827,2022-06-10,CUST0469,West,Rajasthan,Consumer,Home Appliances,Vacuum Cleaner,Online,Net Banking,8,571.15,0.05,4569.2,228.46,4340.74,2934.67,1406.07,0.3239,195.8,3,5.0
ORD02828,2023-02-05,CUST0326,South,Telangana,Small Business,Home Appliances,Microwave,Partner,Debit Card,10,108.46,0.15,1084.6,162.69,921.91,636.62,285.29,0.3095,157.03,6,4.1
ORD02829,2022-07-17,CUST0063,Central,Madhya Pradesh,Consumer,Clothing,Jacket,Partner,Credit Card,1,73.29,0.1,73.29,7.33,65.96,53.87,12.09,0.1834,179.5,5,4.4
ORD02830,2025-07-07,CUST0180,North,Haryana,Consumer,Furniture,Cabinet,Online,Credit Card,4,1009.03,0.05,4036.12,201.81,3834.31,3016.7,817.62,0.2132,122.38,9,4.4
ORD02831,2023-10-22,CUST0828,North,Delhi,Consumer,Furniture,Sofa,Online,Debit Card,2,1361.66,0.1,2723.32,272.33,2450.99,1552.16,898.83,0.3667,86.99,9,3.7
ORD02832,2024-12-06,CUST0231,North,Punjab,Consumer,Clothing,Shoes,Online,Net Banking,8,622.94,0.15,4983.52,747.53,4235.99,2960.53,1275.46,0.3011,36.73,10,3.5
ORD02833,2023-02-03,CUST0858,West,Goa,Corporate,Furniture,Desk,Store,Debit Card,4,1257.6,0.1,5030.4,503.04,4527.36,2490.43,2036.93,0.4499,68.57,3,2.9
ORD02834,2022-03-19,CUST0164,South,Andhra Pradesh,Consumer,Office Supplies,Stapler,Online,Credit Card,8,58.46,0.1,467.68,46.77,420.91,278.05,142.86,0.3394,68.33,10,4.5
ORD02835,2022-05-04,CUST0360,South,Karnataka,Consumer,Clothing,T-Shirt,Online,Debit Card,2,1169.87,0.0,2339.74,0.0,2339.74,1390.38,949.36,0.4058,281.76,10,3.8
ORD02836,2022-03-16,CUST0210,Central,Madhya Pradesh,Corporate,Clothing,T-Shirt,Store,UPI,4,108.26,0.2,433.04,86.61,346.43,257.08,89.36,0.2579,282.47,2,3.4
ORD02837,2022-05-17,CUST0446,Central,Madhya Pradesh,Consumer,Furniture,Office Chair,Store,Credit Card,9,1260.08,0.15,11340.72,1701.11,9639.61,5877.22,3762.4,0.3903,91.62,10,3.7
ORD02838,2023-08-25,CUST0884,South,Tamil Nadu,Consumer,Electronics,Tablet,Online,UPI,5,1325.31,0.05,6626.55,331.33,6295.22,4735.28,1559.94,0.2478,49.58,4,3.8
ORD02839,2025-11-24,CUST0555,South,Karnataka,Consumer,Furniture,Sofa,Partner,Debit Card,6,1182.17,0.15,7093.02,1063.95,6029.07,3825.76,2203.3,0.3654,98.88,9,3.3
ORD02840,2024-04-16,CUST0423,West,Rajasthan,Consumer,Electronics,Headphones,Store,Credit Card,10,1233.81,0.05,12338.1,616.9,11721.19,9376.65,2344.55,0.2,243.01,3,3.4
ORD02841,2023-05-15,CUST0133,Central,Madhya Pradesh,Consumer,Clothing,T-Shirt,Online,UPI,9,848.8,0.15,7639.2,1145.88,6493.32,4352.23,2141.09,0.3297,263.81,4,4.1
ORD02842,2022-05-18,CUST0730,East,Odisha,Consumer,Electronics,Smartphone,Store,UPI,9,408.35,0.1,3675.15,367.52,3307.64,2568.94,738.69,0.2233,160.31,2,3.5
ORD02843,2022-02-19,CUST0203,West,Rajasthan,Corporate,Office Supplies,Printer Paper,Online,UPI,7,970.2,0.1,6791.4,679.14,6112.26,4398.41,1713.85,0.2804,171.23,1,3.4
ORD02844,2024-08-30,CUST0690,South,Andhra Pradesh,Corporate,Home Appliances,Air Cooler,Online,Debit Card,2,667.72,0.0,1335.44,0.0,1335.44,1086.91,248.53,0.1861,148.44,5,3.7
ORD02845,2022-09-11,CUST0784,West,Rajasthan,Corporate,Electronics,Headphones,Online,UPI,7,22.92,0.25,160.44,40.11,120.33,90.31,30.02,0.2495,71.19,4,2.7
ORD02846,2023-12-11,CUST0467,West,Rajasthan,Small Business,Home Appliances,Vacuum Cleaner,Online,Debit Card,9,723.09,0.15,6507.81,976.17,5531.64,4129.26,1402.38,0.2535,33.94,10,3.1
ORD02847,2023-07-17,CUST0564,East,Odisha,Consumer,Office Supplies,Stapler,Online,UPI,2,982.01,0.15,1964.02,294.6,1669.42,1037.57,631.85,0.3785,193.99,2,3.4
ORD02848,2024-01-27,CUST0453,North,Delhi,Small Business,Home Appliances,Microwave,Online,UPI,7,35.62,0.05,249.34,12.47,236.87,162.57,74.3,0.3137,243.64,6,5.0
ORD02849,2025-12-20,CUST0583,Central,Chhattisgarh,Consumer,Office Supplies,File Folder,Store,Credit Card,7,937.72,0.05,6564.04,328.2,6235.84,3918.17,2317.67,0.3717,229.82,5,4.5
ORD02850,2023-07-01,CUST0003,West,Maharashtra,Consumer,Home Appliances,Air Cooler,Store,UPI,3,984.01,0.1,2952.03,295.2,2656.83,1475.09,1181.73,0.4448,272.08,1,4.0
ORD02851,2025-08-18,CUST0089,North,Delhi,Consumer,Home Appliances,Air Cooler,Online,UPI,6,249.79,0.15,1498.74,224.81,1273.93,945.07,328.85,0.2581,247.82,10,4.5
ORD02852,2024-07-10,CUST0906,West,Rajasthan,Consumer,Furniture,Office Chair,Online,Debit Card,8,655.15,0.2,5241.2,1048.24,4192.96,2573.12,1619.84,0.3863,100.52,3,4.5
ORD02853,2023-08-04,CUST0051,West,Gujarat,Small Business,Electronics,Monitor,Store,Net Banking,10,1447.03,0.05,14470.3,723.52,13746.78,9035.45,4711.33,0.3427,52.71,4,3.1
ORD02854,2025-10-04,CUST0453,East,Bihar,Consumer,Home Appliances,Air Cooler,Online,Net Banking,8,1328.02,0.1,10624.16,1062.42,9561.74,5993.8,3567.94,0.3731,140.61,1,3.1
ORD02855,2022-02-18,CUST0672,West,Goa,Consumer,Clothing,Jeans,Online,Credit Card,3,625.07,0.15,1875.21,281.28,1593.93,962.58,631.35,0.3961,117.53,8,3.6
ORD02856,2024-07-05,CUST0480,East,Odisha,Consumer,Furniture,Desk,Online,Cash,6,534.52,0.05,3207.12,160.36,3046.76,1730.93,1315.83,0.4319,224.0,3,3.9
ORD02857,2025-01-02,CUST0133,Central,Madhya Pradesh,Consumer,Electronics,Smartphone,Store,Debit Card,2,199.26,0.1,398.52,39.85,358.67,229.99,128.68,0.3588,39.03,5,3.0
ORD02858,2023-12-05,CUST0247,North,Delhi,Consumer,Furniture,Cabinet,Store,UPI,2,67.26,0.0,134.52,0.0,134.52,76.96,57.56,0.4279,284.04,3,4.3
ORD02859,2022-09-18,CUST0886,North,Punjab,Consumer,Electronics,Tablet,Store,Net Banking,8,456.73,0.15,3653.84,548.08,3105.76,2161.26,944.51,0.3041,288.01,4,4.2
ORD02860,2022-12-22,CUST0683,North,Delhi,Consumer,Office Supplies,Stapler,Online,UPI,10,1411.32,0.2,14113.2,2822.64,11290.56,6269.63,5020.93,0.4447,44.74,9,4.6
ORD02861,2025-07-07,CUST0723,West,Rajasthan,Small Business,Home Appliances,Air Cooler,Store,Debit Card,5,1438.54,0.2,7192.7,1438.54,5754.16,4625.22,1128.94,0.1962,141.51,3,3.6
ORD02862,2023-09-30,CUST0396,West,Gujarat,Consumer,Clothing,Shoes,Online,Cash,5,1221.59,0.15,6107.95,916.19,5191.76,4210.25,981.51,0.1891,271.76,8,3.4
ORD02863,2024-01-13,CUST0159,Central,Madhya Pradesh,Consumer,Furniture,Cabinet,Online,Credit Card,4,535.97,0.05,2143.88,107.19,2036.69,1287.71,748.98,0.3677,72.44,6,5.0
ORD02864,2025-08-11,CUST0465,West,Goa,Corporate,Furniture,Sofa,Online,Debit Card,10,228.29,0.15,2282.9,342.44,1940.46,1203.58,736.89,0.3797,213.82,6,
ORD02865,2024-10-06,CUST0150,East,West Bengal,Small Business,Furniture,Office Chair,Store,Debit Card,4,899.37,0.2,3597.48,719.5,2877.98,1664.02,1213.96,0.4218,219.14,1,3.6
ORD02866,2024-07-19,CUST0571,Central,Chhattisgarh,Consumer,Furniture,Bookshelf,Online,Net Banking,8,975.06,0.1,7800.48,780.05,7020.43,5576.53,1443.91,0.2057,85.41,7,3.6
ORD02867,2023-10-03,CUST0308,South,Karnataka,Consumer,Home Appliances,Blender,Online,Cash,3,645.49,0.1,1936.47,193.65,1742.82,1234.71,508.11,0.2915,21.73,4,4.5
ORD02868,2024-03-02,CUST0559,West,Goa,Small Business,Electronics,Smartphone,Store,Credit Card,3,1042.1,0.2,3126.3,625.26,2501.04,1787.58,713.46,0.2853,206.05,8,4.5
ORD02869,2025-08-29,CUST0498,South,Tamil Nadu,Consumer,Home Appliances,Microwave,Partner,Net Banking,8,1123.82,0.15,8990.56,1348.58,7641.98,6051.54,1590.44,0.2081,192.83,9,3.8
ORD02870,2023-09-04,CUST0873,West,Maharashtra,Consumer,Office Supplies,Stapler,Store,Debit Card,3,1177.85,0.2,3533.55,706.71,2826.84,2249.92,576.92,0.2041,201.92,2,4.7
ORD02871,2024-03-19,CUST0982,West,Maharashtra,Consumer,Home Appliances,Coffee Maker,Online,Cash,2,760.91,0.2,1521.82,304.36,1217.46,941.89,275.57,0.2263,63.8,8,5.0
ORD02872,2025-04-20,CUST0305,West,Rajasthan,Small Business,Home Appliances,Air Cooler,Store,UPI,5,1190.59,0.05,5952.95,297.65,5655.3,4291.41,1363.89,0.2412,189.05,8,3.6
ORD02873,2023-11-17,CUST0312,North,Uttar Pradesh,Small Business,Office Supplies,Stapler,Store,Credit Card,3,52.83,0.2,158.49,31.7,126.79,99.77,27.03,0.2131,171.67,6,2.9
ORD02874,2025-10-19,CUST0986,South,Telangana,Small Business,Home Appliances,Blender,Store,Credit Card,6,1025.4,0.1,6152.4,615.24,5537.16,4355.04,1182.12,0.2135,146.72,3,3.9
ORD02875,2022-07-07,CUST0543,East,Odisha,Consumer,Electronics,Smartphone,Online,Credit Card,7,364.92,0.0,2554.44,0.0,2554.44,1659.2,895.24,0.3505,237.54,5,
ORD02876,2024-09-11,CUST0247,West,Maharashtra,Consumer,Clothing,Backpack,Online,Credit Card,3,416.72,0.1,1250.16,125.02,1125.14,914.53,210.61,0.1872,128.72,2,4.2
ORD02877,2023-07-02,CUST0699,South,Andhra Pradesh,Consumer,Office Supplies,Printer Paper,Online,Net Banking,9,150.58,0.1,1355.22,135.52,1219.7,904.36,315.33,0.2585,118.91,6,3.5
ORD02878,2023-12-26,CUST0235,Central,Chhattisgarh,Small Business,Furniture,Sofa,Online,Credit Card,10,300.7,0.05,3007.0,150.35,2856.65,1856.7,999.95,0.35,171.48,3,3.8
ORD02879,2024-07-14,CUST0838,South,Andhra Pradesh,Small Business,Electronics,Laptop,Online,Cash,1,1488.13,0.25,1488.13,372.03,1116.1,747.06,369.03,0.3306,284.37,4,4.3
ORD02880,2025-12-02,CUST0332,East,West Bengal,Consumer,Clothing,Backpack,Online,UPI,7,631.85,0.0,4422.95,0.0,4422.95,3253.19,1169.76,0.2645,116.39,9,3.4
ORD02881,2024-05-25,CUST0171,West,Rajasthan,Corporate,Electronics,Laptop,Online,UPI,4,1392.73,0.2,5570.92,1114.18,4456.74,2885.72,1571.01,0.3525,144.69,10,4.4
ORD02882,2023-09-10,CUST0475,East,Odisha,Consumer,Electronics,Headphones,Store,Credit Card,7,256.91,0.0,1798.37,0.0,1798.37,1390.45,407.92,0.2268,94.57,5,3.3
ORD02883,2023-02-18,CUST0593,Central,Chhattisgarh,Consumer,Furniture,Cabinet,Online,Net Banking,9,318.03,0.05,2862.27,143.11,2719.16,1604.24,1114.92,0.41,210.29,7,4.4
ORD02884,2025-09-27,CUST0842,West,Rajasthan,Corporate,Clothing,T-Shirt,Online,UPI,9,843.35,0.1,7590.15,759.02,6831.14,5431.1,1400.04,0.2049,121.94,9,3.8
ORD02885,2025-05-28,CUST0365,East,Bihar,Consumer,Electronics,Tablet,Store,Net Banking,1,534.06,0.15,534.06,80.11,453.95,286.59,167.36,0.3687,213.96,5,5.0
ORD02886,2024-06-21,CUST0005,North,Uttar Pradesh,Consumer,Furniture,Sofa,Online,Cash,10,971.21,0.05,9712.1,485.6,9226.5,5455.0,3771.49,0.4088,60.8,1,3.8
ORD02887,2022-06-12,CUST0516,South,Telangana,Consumer,Office Supplies,File Folder,Online,Credit Card,4,641.74,0.25,2566.96,641.74,1925.22,1504.88,420.34,0.2183,93.85,2,4.5
ORD02888,2025-05-28,CUST0487,South,Telangana,Small Business,Furniture,Sofa,Online,Credit Card,7,1220.22,0.15,8541.54,1281.23,7260.31,4462.59,2797.72,0.3853,77.77,3,4.0
ORD02889,2022-09-27,CUST0655,West,Gujarat,Small Business,Home Appliances,Coffee Maker,Store,Net Banking,10,655.87,0.15,6558.7,983.8,5574.9,4335.69,1239.21,0.2223,237.67,3,4.6
ORD02890,2023-09-24,CUST0898,South,Telangana,Small Business,Furniture,Cabinet,Partner,Net Banking,6,864.94,0.0,5189.64,0.0,5189.64,3269.43,1920.21,0.37,45.08,1,4.8
ORD02891,2024-06-24,CUST0433,South,Andhra Pradesh,Corporate,Furniture,Desk,Store,UPI,9,491.79,0.1,4426.11,442.61,3983.5,3195.34,788.16,0.1979,90.54,9,4.1
ORD02892,2025-11-24,CUST0312,North,Delhi,Consumer,Furniture,Sofa,Store,Debit Card,7,1060.5,0.2,7423.5,1484.7,5938.8,3617.63,2321.17,0.3908,162.07,9,4.0
ORD02893,2025-04-20,CUST0501,North,Punjab,Consumer,Electronics,Monitor,Online,UPI,3,987.28,0.05,2961.84,148.09,2813.75,1600.48,1213.27,0.4312,44.59,4,4.7
ORD02894,2022-07-24,CUST0648,South,Telangana,Small Business,Clothing,Backpack,Partner,Debit Card,7,604.55,0.0,4231.85,0.0,4231.85,3397.6,834.25,0.1971,23.1,9,4.5
ORD02895,2023-08-05,CUST0784,Central,Madhya Pradesh,Corporate,Furniture,Office Chair,Partner,Credit Card,10,424.91,0.1,4249.1,424.91,3824.19,2274.32,1549.87,0.4053,213.52,4,3.0
ORD02896,2024-04-20,CUST0960,West,Gujarat,Corporate,Furniture,Desk,Store,UPI,5,926.94,0.2,4634.7,926.94,3707.76,2984.43,723.33,0.1951,191.8,8,4.6
ORD02897,2025-06-05,CUST0255,West,Rajasthan,Corporate,Home Appliances,Blender,Store,Credit Card,2,1415.58,0.1,2831.16,283.12,2548.04,1968.3,579.75,0.2275,22.36,3,5.0
ORD02898,2023-08-19,CUST0724,West,Goa,Small Business,Home Appliances,Coffee Maker,Online,UPI,10,211.97,0.1,2119.7,211.97,1907.73,1091.45,816.28,0.4279,33.59,9,4.7
ORD02899,2022-09-07,CUST0280,South,Telangana,Consumer,Office Supplies,Pens,Online,Cash,3,1201.69,0.15,3605.07,540.76,3064.31,2053.66,1010.65,0.3298,81.42,4,3.7
ORD02900,2024-05-24,CUST0763,Central,Chhattisgarh,Consumer,Office Supplies,Printer Paper,Partner,Net Banking,6,821.34,0.2,4928.04,985.61,3942.43,2246.47,1695.96,0.4302,273.73,8,3.0
ORD02901,2022-07-15,CUST0995,North,Haryana,Corporate,Home Appliances,Air Cooler,Store,Cash,6,795.46,0.0,4772.76,0.0,4772.76,3050.0,1722.76,0.361,202.76,2,3.4
ORD02902,2023-11-21,CUST0311,South,Karnataka,Small Business,Clothing,Backpack,Store,Net Banking,7,1443.1,0.0,10101.7,0.0,10101.7,6514.65,3587.05,0.3551,245.4,7,4.4
ORD02903,2024-12-29,CUST0694,East,West Bengal,Corporate,Office Supplies,File Folder,Store,Debit Card,6,914.72,0.0,5488.32,0.0,5488.32,3907.14,1581.18,0.2881,232.65,2,2.9
ORD02904,2023-10-01,CUST0209,North,Uttar Pradesh,Consumer,Clothing,Jacket,Partner,Net Banking,9,1248.32,0.0,11234.88,0.0,11234.88,9139.48,2095.4,0.1865,295.25,5,4.7
ORD02905,2025-11-23,CUST0325,West,Maharashtra,Consumer,Home Appliances,Air Cooler,Store,Cash,5,779.0,0.05,3895.0,194.75,3700.25,2204.74,1495.51,0.4042,286.04,9,5.0
ORD02906,2023-11-03,CUST0974,South,Andhra Pradesh,Corporate,Office Supplies,Stapler,Online,Cash,5,386.03,0.05,1930.15,96.51,1833.64,1171.46,662.18,0.3611,38.85,5,4.2
ORD02907,2025-05-11,CUST0718,West,Gujarat,Corporate,Furniture,Bookshelf,Online,UPI,8,1046.32,0.1,8370.56,837.06,7533.5,5337.62,2195.88,0.2915,26.35,4,4.6
ORD02908,2025-03-17,CUST0750,East,Bihar,Corporate,Home Appliances,Microwave,Partner,Credit Card,8,1385.92,0.05,11087.36,554.37,10532.99,6280.65,4252.34,0.4037,159.18,8,3.8
ORD02909,2024-08-01,CUST0491,North,Punjab,Consumer,Office Supplies,Stapler,Store,Credit Card,1,1264.23,0.1,1264.23,126.42,1137.81,844.13,293.68,0.2581,96.08,5,3.9
ORD02910,2022-07-18,CUST0828,West,Rajasthan,Small Business,Clothing,T-Shirt,Partner,Credit Card,3,309.57,0.2,928.71,185.74,742.97,489.61,253.36,0.341,161.28,9,3.9
ORD02911,2025-12-20,CUST0159,South,Andhra Pradesh,Corporate,Clothing,T-Shirt,Store,Cash,6,485.58,0.0,2913.48,0.0,2913.48,2349.39,564.09,0.1936,45.39,9,3.7
ORD02912,2023-05-07,CUST0532,East,Odisha,Corporate,Office Supplies,File Folder,Store,UPI,6,782.57,0.05,4695.42,234.77,4460.65,3211.96,1248.69,0.2799,274.48,2,4.3
ORD02913,2024-06-14,CUST0461,North,Uttar Pradesh,Consumer,Clothing,Backpack,Online,Net Banking,1,863.83,,863.83,43.19,820.64,531.8,288.84,0.352,236.75,10,4.7
ORD02914,2022-05-22,CUST0054,West,Rajasthan,Consumer,Office Supplies,Printer Paper,Online,UPI,2,302.81,0.1,605.62,60.56,545.06,405.66,139.39,0.2557,174.59,9,3.6
ORD02915,2025-08-29,CUST0393,West,Gujarat,Small Business,Office Supplies,File Folder,Store,UPI,10,356.57,0.15,3565.7,534.85,3030.84,2353.34,677.5,0.2235,150.22,8,3.9
ORD02916,2022-06-14,CUST0244,South,Tamil Nadu,Consumer,Clothing,Shoes,Online,Credit Card,7,1141.86,0.15,7993.02,1198.95,6794.07,5205.14,1588.93,0.2339,151.18,10,4.1
ORD02917,2022-11-10,CUST0674,Central,Madhya Pradesh,Consumer,Electronics,Headphones,Store,Credit Card,1,1099.52,0.1,1099.52,109.95,989.57,614.47,375.1,0.3791,192.61,7,3.8
ORD02918,2022-01-21,CUST0716,Central,Chhattisgarh,Consumer,Furniture,Office Chair,Store,Debit Card,10,1261.23,0.2,12612.3,2522.46,10089.84,6685.38,3404.46,0.3374,172.7,6,4.0
ORD02919,2025-01-10,CUST0744,West,Goa,Corporate,Home Appliances,Air Cooler,Online,UPI,5,1400.4,0.15,7002.0,1050.3,5951.7,4000.07,1951.63,0.3279,155.03,4,3.5
ORD02920,2025-02-28,CUST0336,West,Rajasthan,Consumer,Furniture,Cabinet,Store,Credit Card,1,472.77,0.0,472.77,0.0,472.77,309.6,163.17,0.3451,210.19,7,4.0
ORD02921,2024-09-10,CUST0193,South,Tamil Nadu,Consumer,Home Appliances,Coffee Maker,Online,Net Banking,6,1291.5,0.05,7749.0,387.45,7361.55,4666.73,2694.82,0.3661,234.19,6,4.1
ORD02922,2022-11-01,CUST0144,West,Maharashtra,Small Business,Home Appliances,Coffee Maker,Online,Debit Card,7,1004.03,0.15,7028.21,1054.23,5973.98,4499.85,1474.13,0.2468,200.03,8,3.9
ORD02923,2023-01-06,CUST0838,North,Delhi,Corporate,Furniture,Bookshelf,Online,Net Banking,8,1437.29,0.25,11498.32,2874.58,8623.74,4771.52,3852.22,0.4467,129.59,1,4.3
ORD02924,2024-05-02,CUST0212,North,Haryana,Consumer,Office Supplies,Stapler,Partner,Credit Card,3,419.03,0.05,1257.09,62.85,1194.24,751.48,442.75,0.3707,136.01,3,3.9
ORD02925,2023-01-19,CUST0902,Central,Madhya Pradesh,Consumer,Clothing,Jeans,Online,UPI,3,415.46,,1246.38,62.32,1184.06,696.51,487.55,0.4118,47.59,8,3.4
ORD02926,2023-03-21,CUST0291,West,Maharashtra,Small Business,Electronics,Headphones,Online,,1,1060.88,0.2,1060.88,212.18,848.7,496.29,352.41,0.4152,136.07,2,4.6
ORD02927,2023-03-01,CUST0617,South,Karnataka,Consumer,Electronics,Headphones,Online,Net Banking,3,1393.69,0.0,4181.07,0.0,4181.07,2612.24,1568.83,0.3752,240.02,9,4.5
ORD02928,2022-06-10,CUST0499,South,Andhra Pradesh,Corporate,Electronics,Monitor,Online,Debit Card,5,1239.47,0.15,6197.35,929.6,5267.75,3981.27,1286.48,0.2442,38.61,2,4.2
ORD02929,2025-04-16,CUST0131,West,Maharashtra,Consumer,Furniture,Sofa,Online,UPI,6,1094.65,0.0,6567.9,0.0,6567.9,5331.45,1236.45,0.1883,69.15,9,5.0
ORD02930,2023-09-21,CUST0277,North,Punjab,Small Business,Furniture,Office Chair,Online,Cash,3,590.15,0.0,1770.45,0.0,1770.45,1219.75,550.7,0.3111,255.93,7,2.9
ORD02931,2024-06-13,CUST0391,North,Haryana,Corporate,Office Supplies,File Folder,Store,Credit Card,4,1080.88,0.1,4323.52,432.35,3891.17,2496.27,1394.9,0.3585,179.03,4,3.7
ORD02932,2023-05-05,CUST0334,North,Delhi,Corporate,Electronics,Tablet,Online,Credit Card,5,1204.63,0.15,6023.15,903.47,5119.68,3962.0,1157.68,0.2261,207.94,3,3.2
ORD02933,2024-10-13,CUST0926,East,Jharkhand,Consumer,Office Supplies,Pens,Store,Net Banking,5,1133.63,0.0,5668.15,0.0,5668.15,3220.18,2447.97,0.4319,110.04,8,5.0
ORD02934,2022-11-23,CUST0278,West,Gujarat,Small Business,Electronics,Tablet,Online,UPI,9,1020.06,0.15,9180.54,1377.08,7803.46,4488.2,3315.26,0.4248,156.86,10,4.8
ORD02935,2023-08-21,CUST0142,North,Haryana,Consumer,Furniture,Office Chair,Partner,Debit Card,8,84.99,0.0,679.92,0.0,679.92,437.36,242.56,0.3568,233.24,7,4.1
ORD02936,2024-10-11,CUST0951,West,Rajasthan,Small Business,Clothing,Jacket,Online,UPI,1,994.68,0.1,994.68,99.47,895.21,600.75,294.46,0.3289,265.29,10,4.1
ORD02937,2022-10-16,CUST0857,South,Telangana,Consumer,Clothing,Jeans,Store,Credit Card,2,725.27,0.05,1450.54,72.53,1378.01,1054.75,323.26,0.2346,292.78,1,3.3
ORD02938,2023-08-16,CUST0067,West,Maharashtra,Corporate,Clothing,Backpack,Store,Credit Card,5,1442.93,0.15,7214.65,1082.2,6132.45,4904.87,1227.59,0.2002,258.29,7,4.1
ORD02939,2023-07-27,CUST0389,Central,Chhattisgarh,Consumer,Clothing,Shoes,Store,Debit Card,3,916.68,0.15,2750.04,412.51,2337.53,1620.95,716.58,0.3066,38.9,1,3.3
ORD02940,2025-10-09,CUST0709,West,Maharashtra,Corporate,Home Appliances,Microwave,Store,Net Banking,7,918.22,0.0,6427.54,0.0,6427.54,4395.31,2032.23,0.3162,116.14,1,5.0
ORD02941,2022-01-28,CUST0883,Central,Chhattisgarh,Consumer,Electronics,Laptop,Online,UPI,6,1491.17,0.0,8947.02,0.0,8947.02,5435.43,3511.59,0.3925,229.69,5,4.4
ORD02942,2024-08-11,CUST0059,Central,Chhattisgarh,Consumer,Clothing,Backpack,Store,UPI,2,153.98,0.2,307.96,61.59,246.37,165.51,80.85,0.3282,137.03,10,4.8
ORD02943,2022-02-12,CUST0746,East,Odisha,Consumer,Home Appliances,Blender,Online,Net Banking,8,425.33,0.1,3402.64,340.26,3062.38,2448.01,614.36,0.2006,142.18,5,3.3
ORD02944,2023-02-27,CUST0393,West,Maharashtra,Consumer,Home Appliances,Air Cooler,Store,Debit Card,5,989.28,0.1,4946.4,494.64,4451.76,2920.72,1531.04,0.3439,242.41,2,4.2
ORD02945,2022-06-26,CUST0509,Central,Madhya Pradesh,Consumer,Home Appliances,Blender,Partner,UPI,6,483.13,0.0,2898.78,0.0,2898.78,1759.22,1139.56,0.3931,253.36,7,3.3
ORD02946,2023-06-13,CUST0176,South,Tamil Nadu,Consumer,Office Supplies,Printer Paper,Partner,Net Banking,8,529.03,0.25,4232.24,1058.06,3174.18,2034.87,1139.31,0.3589,241.59,3,3.6
ORD02947,2024-08-23,CUST0102,South,Telangana,Small Business,Office Supplies,File Folder,Online,Credit Card,6,1340.58,0.2,8043.48,1608.7,6434.78,4433.18,2001.6,0.3111,119.29,1,4.8
ORD02948,2022-07-17,CUST0037,Central,Madhya Pradesh,Consumer,Home Appliances,Air Cooler,Online,Debit Card,10,875.34,0.0,8753.4,0.0,8753.4,6229.08,2524.32,0.2884,83.84,7,3.9
ORD02949,2023-09-02,CUST0324,West,Gujarat,Corporate,Clothing,Backpack,Online,Cash,3,167.76,0.1,503.28,50.33,452.95,302.01,150.94,0.3332,120.45,4,3.7
ORD02950,2024-04-21,CUST0916,South,Andhra Pradesh,Consumer,Electronics,Tablet,Online,Cash,7,476.63,0.2,3336.41,667.28,2669.13,2014.67,654.46,0.2452,216.39,4,4.3
ORD02951,2024-05-02,CUST0597,South,Telangana,Corporate,Furniture,Office Chair,Online,Credit Card,4,127.95,0.1,511.8,51.18,460.62,326.03,134.59,0.2922,122.12,3,5.0
ORD02952,2022-01-22,CUST0434,West,Rajasthan,Consumer,Office Supplies,File Folder,Online,Credit Card,6,840.85,0.1,5045.1,504.51,4540.59,3312.65,1227.94,0.2704,35.51,7,4.3
ORD02953,2025-02-09,CUST0496,East,West Bengal,Small Business,Clothing,Jacket,Partner,Debit Card,6,272.3,0.05,1633.8,81.69,1552.11,1215.28,336.83,0.217,244.21,2,4.5
ORD02954,2024-12-16,CUST0536,West,Maharashtra,Small Business,Clothing,Shoes,Store,Debit Card,5,1287.82,0.0,6439.1,0.0,6439.1,5046.55,1392.55,0.2163,37.76,7,3.9
ORD02955,2024-12-25,CUST0892,West,Gujarat,Consumer,Furniture,Office Chair,Store,Debit Card,1,872.31,0.15,872.31,130.85,741.46,448.55,292.92,0.3951,298.92,10,3.9
ORD02956,2024-04-21,CUST0711,West,Rajasthan,Corporate,Furniture,Sofa,Online,UPI,8,103.17,0.1,825.36,82.54,742.82,533.57,209.25,0.2817,261.24,8,2.7
ORD02957,2022-04-08,CUST0126,East,West Bengal,Consumer,Clothing,T-Shirt,Store,Net Banking,10,461.8,0.1,4618.0,461.8,4156.2,3090.11,1066.09,0.2565,287.77,2,
ORD02958,2025-03-13,CUST0305,West,Goa,Corporate,Furniture,Bookshelf,Partner,Debit Card,2,930.26,0.05,1860.52,93.03,1767.49,1041.73,725.77,0.4106,253.31,8,5.0
ORD02959,2023-03-11,CUST0256,West,Goa,Consumer,Clothing,Backpack,Store,Net Banking,4,513.22,0.15,2052.88,307.93,1744.95,1356.78,388.17,0.2225,48.3,7,4.3
ORD02960,2023-09-29,CUST0392,West,Rajasthan,Consumer,Furniture,Office Chair,Online,Credit Card,3,777.07,0.15,2331.21,349.68,1981.53,1186.39,795.13,0.4013,137.25,10,4.4
ORD02961,2025-01-14,CUST0587,South,Andhra Pradesh,Consumer,Furniture,Office Chair,Online,Credit Card,6,1365.4,0.1,8192.4,819.24,7373.16,5646.41,1726.75,0.2342,274.22,8,3.8
ORD02962,2023-08-11,CUST0497,South,Andhra Pradesh,Corporate,Clothing,T-Shirt,Partner,UPI,1,534.8,0.2,534.8,106.96,427.84,253.96,173.88,0.4064,45.45,3,4.0
ORD02963,2022-12-10,CUST0622,Central,Chhattisgarh,Consumer,Home Appliances,Vacuum Cleaner,Online,Credit Card,9,513.77,0.0,4623.93,0.0,4623.93,3469.24,1154.69,0.2497,105.47,6,4.3
ORD02964,2025-08-10,CUST0457,North,Delhi,Corporate,Clothing,Shoes,Store,Debit Card,5,1232.34,0.15,6161.7,924.25,5237.44,3090.09,2147.35,0.41,150.79,1,4.8
ORD02965,2023-07-25,CUST0006,South,Telangana,Consumer,Electronics,Monitor,Online,Net Banking,5,488.35,0.1,2441.75,244.18,2197.57,1433.44,764.13,0.3477,145.98,7,4.7
ORD02966,2023-09-03,CUST0552,East,Bihar,Consumer,Furniture,Office Chair,Online,Credit Card,4,130.77,0.05,523.08,26.15,496.93,292.56,204.36,0.4113,284.29,4,4.0
ORD02967,2022-08-31,CUST0849,West,Goa,Corporate,Office Supplies,Notebook,Partner,UPI,4,283.7,0.0,1134.8,0.0,1134.8,707.09,427.71,0.3769,130.63,4,4.5
ORD02968,2023-07-15,CUST0950,North,Uttar Pradesh,Small Business,Furniture,Cabinet,Online,Debit Card,1,1423.97,0.05,1423.97,71.2,1352.77,1103.62,249.15,0.1842,86.91,9,4.1
ORD02969,2024-08-17,CUST0717,South,Andhra Pradesh,Small Business,Electronics,Monitor,Online,Credit Card,9,1400.94,0.2,12608.46,2521.69,10086.77,5840.97,4245.8,0.4209,144.58,7,4.3
ORD02970,2022-02-01,CUST0365,North,Uttar Pradesh,Corporate,Office Supplies,Pens,Online,UPI,9,348.85,0.15,3139.65,470.95,2668.7,1760.66,908.04,0.3403,130.88,8,4.7
ORD02971,2023-01-26,CUST0657,West,Maharashtra,Corporate,Office Supplies,Printer Paper,Partner,Net Banking,4,836.95,0.1,3347.8,334.78,3013.02,2207.85,805.17,0.2672,194.52,6,4.5
ORD02972,2022-10-04,CUST0307,South,Telangana,Corporate,Clothing,Shoes,Online,Debit Card,10,218.99,0.0,2189.9,0.0,2189.9,1260.38,929.52,0.4245,298.36,2,3.7
ORD02973,2023-06-16,CUST0002,South,Tamil Nadu,Consumer,Home Appliances,Blender,Store,UPI,10,1016.9,0.25,10169.0,2542.25,7626.75,4419.24,3207.51,0.4206,174.4,3,4.4
ORD02974,2025-03-23,CUST0158,South,Telangana,Consumer,Clothing,Jeans,Online,Cash,4,290.18,0.05,1160.72,58.04,1102.68,649.13,453.55,0.4113,149.42,4,5.0
ORD02975,2023-01-18,CUST0928,Central,Madhya Pradesh,Consumer,Office Supplies,Stapler,Store,Net Banking,7,88.94,0.1,622.58,62.26,560.32,405.76,154.57,0.2759,186.28,2,3.1
ORD02976,2024-12-27,CUST0818,South,Karnataka,Consumer,Office Supplies,File Folder,Partner,Credit Card,4,1239.97,0.15,4959.88,743.98,4215.9,3353.84,862.06,0.2045,294.34,1,4.0
ORD02977,2024-06-02,CUST0228,North,Delhi,Consumer,Home Appliances,Coffee Maker,Online,UPI,1,498.22,0.0,498.22,0.0,498.22,385.13,113.09,0.227,194.94,9,3.4
ORD02978,2022-08-02,CUST0199,East,Bihar,Small Business,Furniture,Sofa,Online,UPI,9,176.16,0.15,1585.44,237.82,1347.62,1098.89,248.74,0.1846,54.42,10,4.1
ORD02979,2023-01-11,CUST0764,Central,Chhattisgarh,Consumer,Home Appliances,Air Cooler,Online,UPI,2,1253.35,0.0,2506.7,0.0,2506.7,1769.97,736.73,0.2939,275.55,2,4.5
ORD02980,2024-01-14,CUST0400,West,Rajasthan,Corporate,Clothing,Jacket,Store,UPI,5,1147.16,0.0,5735.8,0.0,5735.8,4643.7,1092.1,0.1904,185.43,5,3.6
ORD02981,2022-08-01,CUST0083,Central,Madhya Pradesh,Corporate,Furniture,Bookshelf,Online,Credit Card,4,1030.38,0.15,4121.52,618.23,3503.29,2215.24,1288.05,0.3677,64.27,7,3.4
ORD02982,2022-03-20,CUST0975,West,Goa,Consumer,Clothing,Jacket,Online,,8,1368.2,0.0,10945.6,0.0,10945.6,7265.76,3679.84,0.3362,84.54,2,4.9
ORD02983,2023-09-20,CUST0439,North,Haryana,Consumer,Home Appliances,Vacuum Cleaner,Online,UPI,6,741.5,0.1,4449.0,444.9,4004.1,2630.42,1373.68,0.3431,53.75,6,4.3
ORD02984,2023-08-27,CUST0441,West,Rajasthan,Consumer,Furniture,Office Chair,Online,UPI,7,205.16,0.05,1436.12,71.81,1364.31,767.82,596.5,0.4372,289.01,10,4.6
ORD02985,2024-02-21,CUST0462,South,Karnataka,Corporate,Home Appliances,Microwave,Online,Net Banking,2,106.1,0.1,212.2,21.22,190.98,147.82,43.16,0.226,39.84,8,4.5
ORD02986,2025-11-05,CUST0045,East,West Bengal,Small Business,Electronics,Tablet,Partner,Net Banking,4,487.88,0.0,1951.52,0.0,1951.52,1086.36,865.16,0.4433,234.04,7,3.5
ORD02987,2024-09-27,CUST0436,South,Karnataka,Consumer,Office Supplies,Notebook,Partner,UPI,4,143.94,0.15,575.76,86.36,489.4,365.61,123.78,0.2529,114.54,6,4.6
ORD02988,2023-11-11,CUST0711,South,Karnataka,Small Business,Furniture,Office Chair,Online,UPI,2,810.23,0.0,1620.46,0.0,1620.46,1069.35,551.11,0.3401,42.71,8,3.7
ORD02989,2022-02-27,CUST0175,Central,Chhattisgarh,Consumer,Office Supplies,Pens,Store,UPI,10,36.53,0.15,365.3,54.8,310.5,171.3,139.2,0.4483,141.48,2,3.6
ORD02990,2024-11-15,CUST0545,South,Telangana,Corporate,Electronics,Monitor,Store,UPI,4,673.99,0.15,2695.96,404.39,2291.57,1439.76,851.81,0.3717,20.08,4,4.6
ORD02991,2024-05-30,CUST0384,Central,Chhattisgarh,Corporate,Furniture,Sofa,Store,Cash,9,280.01,0.1,2520.09,252.01,2268.08,1459.41,808.67,0.3565,248.84,4,3.1
ORD02992,2023-03-23,CUST0866,North,Haryana,Consumer,Office Supplies,Pens,Online,UPI,8,561.88,0.2,4495.04,899.01,3596.03,2914.47,681.56,0.1895,171.74,7,3.3
ORD02993,2022-03-07,CUST0408,North,Haryana,Consumer,Office Supplies,Stapler,Online,Debit Card,1,1017.43,0.0,1017.43,0.0,1017.43,741.19,276.24,0.2715,146.49,7,3.7
ORD02994,2025-07-01,CUST0547,Central,Madhya Pradesh,Consumer,Furniture,Sofa,Store,UPI,8,536.18,0.05,4289.44,214.47,4074.97,2839.29,1235.68,0.3032,252.18,3,3.0
ORD02995,2024-12-03,CUST0192,West,Maharashtra,Consumer,Office Supplies,Notebook,Store,UPI,9,521.89,0.0,4697.01,0.0,4697.01,2744.48,1952.53,0.4157,165.41,4,4.0
ORD02996,2025-01-25,CUST0085,West,Goa,Corporate,Office Supplies,Pens,Online,UPI,8,1486.26,0.05,11890.08,594.5,11295.58,7405.36,3890.22,0.3444,186.68,1,3.7
ORD02997,2024-10-08,CUST0856,South,Telangana,Consumer,Furniture,Office Chair,Online,UPI,10,1082.44,0.25,10824.4,2706.1,8118.3,4543.46,3574.84,0.4403,248.15,8,4.2
ORD02998,2022-08-15,CUST0613,East,Jharkhand,Corporate,Office Supplies,Pens,Online,Credit Card,1,778.08,0.0,778.08,0.0,778.08,587.96,190.12,0.2443,221.76,4,5.0
ORD02999,2024-02-13,CUST0464,West,Maharashtra,Consumer,Office Supplies,Notebook,Online,Credit Card,8,875.37,0.15,7002.96,1050.44,5952.52,3535.5,2417.02,0.4061,204.53,5,3.3
ORD03000,2023-11-10,CUST0316,West,Rajasthan,Corporate,Clothing,T-Shirt,Online,Debit Card,5,935.97,0.15,4679.85,701.98,3977.87,2826.27,1151.6,0.2895,217.16,5,3.2
ORD03001,2025-12-30,CUST0721,East,Jharkhand,Corporate,Clothing,T-Shirt,Online,Debit Card,9,51.49,0.0,463.41,0.0,463.41,342.38,121.03,0.2612,93.63,1,3.7
ORD03002,2023-08-24,CUST0029,Central,Madhya Pradesh,Corporate,Electronics,Tablet,Online,Credit Card,9,134.19,0.2,1207.71,241.54,966.17,627.0,339.17,0.351,52.83,1,3.5
ORD03003,2023-01-14,CUST0274,West,Rajasthan,Consumer,Clothing,T-Shirt,Store,Net Banking,6,979.05,0.25,5874.3,1468.57,4405.72,3175.65,1230.08,0.2792,194.35,7,4.0
ORD03004,2025-04-16,CUST0186,Central,Madhya Pradesh,Consumer,Clothing,Jeans,Online,Debit Card,3,556.24,0.2,1668.72,333.74,1334.98,1009.7,325.28,0.2437,82.72,1,5.0
ORD03005,2025-12-21,CUST0048,West,Maharashtra,Small Business,Electronics,Smartphone,Store,Cash,7,97.33,0.1,681.31,68.13,613.18,367.73,245.45,0.4003,33.33,9,5.0
ORD03006,2023-12-10,CUST0267,West,Goa,Consumer,Office Supplies,Printer Paper,Store,Credit Card,3,456.81,0.05,1370.43,68.52,1301.91,927.26,374.65,0.2878,91.21,6,3.7
ORD03007,2022-11-03,CUST0387,North,Haryana,Consumer,Office Supplies,Stapler,Online,Credit Card,7,208.47,0.05,1459.29,72.96,1386.33,1037.18,349.15,0.2519,221.68,1,3.4
ORD03008,2024-02-18,CUST0682,South,Andhra Pradesh,Consumer,Clothing,T-Shirt,Online,UPI,8,1375.73,0.1,11005.84,1100.58,9905.26,6402.79,3502.47,0.3536,218.36,1,3.5
ORD03009,2023-05-19,CUST0146,Central,Chhattisgarh,Corporate,Electronics,Smartphone,Store,Credit Card,5,316.34,0.05,1581.7,79.08,1502.61,892.36,610.25,0.4061,272.91,5,4.2
ORD03010,2022-09-25,CUST0016,South,Telangana,Corporate,Office Supplies,Stapler,Online,Cash,5,228.38,0.15,1141.9,171.28,970.62,608.82,361.8,0.3727,209.06,3,4.0
ORD03011,2022-01-08,CUST0297,North,Uttar Pradesh,Corporate,Home Appliances,Blender,Partner,Credit Card,4,944.86,0.15,3779.44,566.92,3212.52,2576.22,636.3,0.1981,143.12,8,4.0
ORD03012,2023-05-23,CUST0449,South,Telangana,Consumer,Furniture,Bookshelf,Partner,Debit Card,3,790.04,0.05,2370.12,118.51,2251.61,1455.69,795.92,0.3535,92.94,8,3.7
ORD03013,2023-04-21,CUST0555,South,Karnataka,Consumer,Furniture,Cabinet,Store,Cash,8,870.26,0.1,6962.08,696.21,6265.87,3628.44,2637.44,0.4209,232.35,10,4.1
ORD03014,2025-08-13,CUST0427,Central,Chhattisgarh,Small Business,Furniture,Office Chair,Store,Debit Card,6,662.38,0.25,3974.28,993.57,2980.71,1705.97,1274.74,0.4277,135.35,8,5.0
ORD03015,2022-06-13,CUST0347,Central,Madhya Pradesh,Consumer,Clothing,Backpack,Store,Credit Card,6,708.75,0.05,4252.5,212.62,4039.88,2418.81,1621.07,0.4013,248.34,6,4.8
ORD03016,2023-04-30,CUST0287,East,Jharkhand,Consumer,Furniture,Cabinet,Online,Debit Card,2,1171.51,0.05,2343.02,117.15,2225.87,1300.86,925.01,0.4156,258.46,5,5.0
ORD03017,2024-12-31,CUST0493,North,Uttar Pradesh,Corporate,Furniture,Bookshelf,Partner,UPI,4,341.58,0.0,1366.32,0.0,1366.32,934.1,432.22,0.3163,118.44,5,4.1
ORD03018,2023-07-21,CUST0284,West,Maharashtra,Consumer,Home Appliances,Vacuum Cleaner,Online,Credit Card,5,603.85,0.05,3019.25,150.96,2868.29,1846.72,1021.57,0.3562,116.27,6,3.3
ORD03019,2024-06-23,CUST1000,West,Gujarat,Consumer,Office Supplies,Pens,Online,UPI,10,1437.37,0.05,14373.7,718.68,13655.02,10612.4,3042.62,0.2228,275.82,6,2.7
ORD03020,2023-07-13,CUST0563,Central,Chhattisgarh,Consumer,Home Appliances,Air Cooler,Online,Net Banking,5,297.13,0.0,1485.65,0.0,1485.65,1170.53,315.12,0.2121,131.23,10,4.4
ORD03021,2022-08-26,CUST0539,East,West Bengal,Consumer,Clothing,Jeans,Store,Net Banking,3,451.25,0.0,1353.75,0.0,1353.75,917.55,436.2,0.3222,217.91,9,3.1
ORD03022,2025-02-01,CUST0521,South,Tamil Nadu,Consumer,Furniture,Office Chair,Online,Credit Card,10,299.48,0.1,2994.8,299.48,2695.32,2129.04,566.28,0.2101,125.79,7,5.0
ORD03023,2025-05-18,CUST0377,East,Odisha,Small Business,Office Supplies,Pens,Partner,Credit Card,5,45.44,0.05,227.2,11.36,215.84,144.96,70.88,0.3284,224.76,6,4.0
ORD03024,2023-07-08,CUST0380,Central,Chhattisgarh,Consumer,Furniture,Office Chair,Online,Debit Card,5,415.7,0.0,2078.5,0.0,2078.5,1503.44,575.06,0.2767,68.61,10,3.8
ORD03025,2024-04-07,CUST0422,West,Gujarat,Consumer,Furniture,Office Chair,Store,UPI,2,84.0,0.2,168.0,33.6,134.4,79.82,54.58,0.4061,254.05,7,4.0
ORD03026,2023-04-13,CUST0932,West,Goa,Corporate,Clothing,T-Shirt,Online,Debit Card,5,244.71,0.1,1223.55,122.36,1101.2,621.29,479.9,0.4358,295.28,3,4.1
ORD03027,2025-07-15,CUST0828,South,Telangana,Small Business,Furniture,Bookshelf,Online,Net Banking,3,553.58,0.0,1660.74,0.0,1660.74,985.19,675.55,0.4068,234.42,2,4.6
ORD03028,2023-01-21,CUST0764,West,Gujarat,Consumer,Electronics,Monitor,Online,UPI,3,45.77,0.2,137.31,27.46,109.85,67.89,41.96,0.382,120.55,10,4.0
ORD03029,2024-02-14,CUST0745,West,Gujarat,Small Business,Office Supplies,Printer Paper,Online,Credit Card,5,1133.14,0.05,5665.7,283.29,5382.42,4051.69,1330.72,0.2472,175.46,7,4.1
ORD03030,2024-04-27,CUST0219,South,Telangana,Corporate,Office Supplies,Pens,Online,UPI,9,1196.45,0.05,10768.05,538.4,10229.65,6105.53,4124.12,0.4032,207.49,3,4.3
ORD03031,2023-01-22,CUST0057,East,Bihar,Consumer,Electronics,Monitor,Partner,Credit Card,2,625.95,0.2,1251.9,250.38,1001.52,586.17,415.35,0.4147,74.0,4,4.1
ORD03032,2024-05-26,CUST0687,South,Tamil Nadu,Consumer,Clothing,T-Shirt,Online,Debit Card,9,1477.23,0.0,13295.07,0.0,13295.07,10642.1,2652.97,0.1995,99.21,2,3.1
ORD03033,2022-09-16,CUST0114,South,Tamil Nadu,Consumer,Furniture,Desk,Store,Credit Card,3,1023.31,0.2,3069.93,613.99,2455.94,1807.52,648.43,0.264,244.5,5,3.7
ORD03034,2022-10-10,CUST0730,North,Delhi,Corporate,Furniture,Cabinet,Online,Credit Card,7,1119.43,0.15,7836.01,1175.4,6660.61,4514.51,2146.1,0.3222,284.68,5,4.7
ORD03035,2022-02-09,CUST0246,South,Andhra Pradesh,Consumer,Office Supplies,Pens,Online,UPI,1,300.57,0.05,300.57,15.03,285.54,164.37,121.17,0.4244,96.24,10,5.0
ORD03036,2023-05-01,CUST0475,East,Odisha,Consumer,Clothing,Jacket,Online,UPI,1,1258.59,0.0,1258.59,0.0,1258.59,981.68,276.91,0.22,61.32,10,5.0
ORD03037,2024-07-17,CUST0068,North,Uttar Pradesh,Corporate,Clothing,Backpack,Online,Credit Card,8,1418.39,0.0,11347.12,0.0,11347.12,6572.59,4774.53,0.4208,294.85,1,4.3
ORD03038,2022-08-08,CUST0819,South,Tamil Nadu,Consumer,Clothing,T-Shirt,Partner,Cash,9,365.92,0.0,3293.28,0.0,3293.28,2354.64,938.64,0.285,109.59,4,3.8
ORD03039,2025-02-26,CUST0058,Central,Madhya Pradesh,Small Business,Furniture,Desk,Store,Debit Card,3,1034.4,0.2,3103.2,620.64,2482.56,1812.95,669.61,0.2697,237.97,3,4.8
ORD03040,2024-10-11,CUST0304,East,Bihar,Small Business,Clothing,T-Shirt,Online,Credit Card,6,1124.21,,6745.26,674.53,6070.73,3994.77,2075.96,0.342,126.12,7,3.8
ORD03041,2024-10-20,CUST0998,West,Maharashtra,Consumer,Electronics,Headphones,Store,Credit Card,3,468.18,0.0,1404.54,0.0,1404.54,1118.05,286.49,0.204,285.74,5,3.7
ORD03042,2023-09-05,CUST0315,South,Telangana,Small Business,Home Appliances,Vacuum Cleaner,Online,UPI,6,720.39,0.1,4322.34,432.23,3890.11,2192.81,1697.3,0.4363,187.87,6,4.3
ORD03043,2024-07-16,CUST0076,West,Maharashtra,Consumer,Clothing,Shoes,Store,Cash,7,159.85,0.05,1118.95,55.95,1063.0,819.46,243.54,0.2291,136.23,2,2.5
ORD03044,2023-11-19,CUST0303,North,Haryana,Consumer,Home Appliances,Vacuum Cleaner,Store,UPI,5,272.05,0.05,1360.25,68.01,1292.24,903.95,388.29,0.3005,69.93,1,4.0
ORD03045,2023-09-05,CUST0911,West,Maharashtra,Consumer,Furniture,Sofa,Store,Cash,3,106.43,0.0,319.29,0.0,319.29,228.3,90.99,0.285,91.56,3,4.0
ORD03046,2022-09-17,CUST0623,North,Delhi,Corporate,Clothing,Backpack,Online,Debit Card,8,846.85,0.15,6774.8,1016.22,5758.58,4701.55,1057.03,0.1836,259.95,10,3.9
ORD03047,2024-09-16,CUST0624,West,Maharashtra,Corporate,Office Supplies,Pens,Online,Debit Card,5,943.52,0.0,4717.6,0.0,4717.6,3336.83,1380.77,0.2927,35.94,3,3.9
ORD03048,2024-08-23,CUST0734,South,Andhra Pradesh,Consumer,Furniture,Bookshelf,Online,UPI,1,1375.44,0.1,1375.44,137.54,1237.9,947.23,290.66,0.2348,63.92,10,4.9
ORD03049,2023-01-01,CUST0718,West,Goa,Consumer,Electronics,Headphones,Partner,UPI,9,820.14,0.0,7381.26,0.0,7381.26,4365.67,3015.59,0.4085,73.94,7,3.0
ORD03050,2023-06-28,CUST0584,East,Odisha,Consumer,Electronics,Smartphone,Partner,Debit Card,3,402.01,0.1,1206.03,120.6,1085.43,834.16,251.27,0.2315,39.79,7,4.3
ORD03051,2023-10-11,CUST0889,East,Odisha,Small Business,Home Appliances,Air Cooler,Online,Net Banking,2,103.32,0.05,206.64,10.33,196.31,148.31,48.0,0.2445,211.98,10,4.4
ORD03052,2024-03-24,CUST0476,North,Uttar Pradesh,Small Business,Home Appliances,Vacuum Cleaner,Store,Credit Card,3,1329.16,0.0,3987.48,0.0,3987.48,3235.4,752.08,0.1886,294.76,6,5.0
ORD03053,2024-11-05,CUST0863,West,Maharashtra,Corporate,Office Supplies,Pens,Partner,Debit Card,7,726.1,0.1,5082.7,508.27,4574.43,3671.63,902.8,0.1974,58.98,4,4.2
ORD03054,2025-02-26,CUST0002,Central,Chhattisgarh,Corporate,Office Supplies,Printer Paper,Online,UPI,10,1109.92,0.1,11099.2,1109.92,9989.28,6071.25,3918.03,0.3922,243.7,8,4.3
ORD03055,2023-07-29,CUST0847,West,Maharashtra,Corporate,Electronics,Laptop,Store,UPI,8,36.75,0.05,294.0,14.7,279.3,188.68,90.62,0.3245,69.42,10,4.0
ORD03056,2025-02-06,CUST0701,North,Delhi,Consumer,Clothing,Jeans,Online,Debit Card,2,739.89,0.15,1479.78,221.97,1257.81,1001.35,256.47,0.2039,292.66,2,4.2
ORD03057,2024-10-09,CUST0040,South,Telangana,Consumer,Electronics,Laptop,Online,Debit Card,7,498.7,0.05,3490.9,174.54,3316.36,2397.75,918.61,0.277,161.97,7,4.0
ORD03058,2023-11-01,CUST0683,Central,Chhattisgarh,Corporate,Electronics,Monitor,Online,UPI,5,60.04,0.15,300.2,45.03,255.17,172.29,82.88,0.3248,257.3,1,3.3
ORD03059,2022-09-26,CUST0048,East,Jharkhand,Consumer,Office Supplies,File Folder,Online,UPI,9,1166.87,0.1,10501.83,1050.18,9451.65,5476.41,3975.24,0.4206,67.76,8,4.2
ORD03060,2025-03-31,CUST0712,West,Goa,Consumer,Home Appliances,Coffee Maker,Store,Net Banking,7,776.66,0.2,5436.62,1087.32,4349.3,2805.19,1544.11,0.355,267.87,5,4.1
ORD03061,2025-07-07,CUST0965,Central,Chhattisgarh,Small Business,Office Supplies,Stapler,Online,UPI,1,509.77,0.1,509.77,50.98,458.79,334.74,124.05,0.2704,42.86,6,3.7
ORD03062,2024-07-12,CUST0057,Central,Madhya Pradesh,Small Business,Office Supplies,Printer Paper,Online,Debit Card,1,1211.61,0.0,1211.61,0.0,1211.61,920.54,291.07,0.2402,26.41,6,4.2
ORD03063,2025-01-30,CUST0512,East,Jharkhand,Consumer,Office Supplies,Printer Paper,Online,Cash,6,678.68,0.15,4072.08,610.81,3461.27,2321.59,1139.67,0.3293,218.51,1,4.8
ORD03064,2022-09-04,CUST0708,South,Tamil Nadu,Corporate,Electronics,Tablet,Store,Net Banking,9,20.19,0.15,181.71,27.26,154.45,87.28,67.18,0.4349,49.83,7,3.8
ORD03065,2022-05-11,CUST0012,South,Tamil Nadu,Small Business,Clothing,T-Shirt,Store,Debit Card,1,1417.5,0.25,1417.5,354.38,1063.12,766.47,296.66,0.279,262.42,3,5.0
ORD03066,2022-12-19,CUST0458,West,Goa,Consumer,Electronics,Smartphone,Store,Credit Card,3,394.69,0.0,1184.07,0.0,1184.07,945.87,238.2,0.2012,193.96,2,4.9
ORD03067,2022-07-15,CUST0324,South,Tamil Nadu,Consumer,Furniture,Office Chair,Online,,5,1248.4,0.1,6242.0,624.2,5617.8,3842.75,1775.05,0.316,112.67,7,3.5
ORD03068,2024-07-18,CUST0691,South,Karnataka,Consumer,Office Supplies,Notebook,Store,,4,1227.38,0.1,4909.52,490.95,4418.57,3537.84,880.73,0.1993,97.64,10,3.7
ORD03069,2025-11-06,CUST0586,South,Andhra Pradesh,Consumer,Office Supplies,Notebook,Partner,Net Banking,1,256.13,0.15,256.13,38.42,217.71,140.56,77.16,0.3544,42.94,9,3.9
ORD03070,2024-10-18,CUST0541,North,Uttar Pradesh,Small Business,Furniture,Office Chair,Online,Net Banking,10,718.89,0.25,7188.9,1797.22,5391.67,4255.75,1135.92,0.2107,212.28,4,3.2
ORD03071,2023-10-07,CUST0092,West,Maharashtra,Consumer,Office Supplies,Stapler,Store,Net Banking,4,74.7,0.1,298.8,29.88,268.92,205.0,63.92,0.2377,276.77,7,3.4
ORD03072,2022-08-15,CUST0797,West,Gujarat,Consumer,Office Supplies,Stapler,Partner,Debit Card,4,541.51,0.15,2166.04,324.91,1841.13,1490.71,350.42,0.1903,231.9,5,2.7
ORD03073,2023-12-02,CUST0339,East,Bihar,Consumer,Office Supplies,File Folder,Store,UPI,10,1100.5,0.05,11005.0,550.25,10454.75,7982.99,2471.76,0.2364,193.43,10,4.4
ORD03074,2022-09-22,CUST0371,South,Karnataka,Consumer,Furniture,Sofa,Store,Debit Card,4,367.05,0.05,1468.2,73.41,1394.79,888.2,506.59,0.3632,53.24,10,4.4
ORD03075,2025-10-27,CUST0619,Central,Chhattisgarh,Consumer,Electronics,Smartphone,Store,Credit Card,3,188.93,0.05,566.79,28.34,538.45,427.07,111.38,0.2068,251.74,7,3.1
ORD03076,2025-12-28,CUST0759,North,Haryana,Corporate,Office Supplies,Stapler,Online,UPI,7,768.08,0.0,5376.56,0.0,5376.56,3929.34,1447.22,0.2692,290.31,1,3.1
ORD03077,2023-10-08,CUST0256,West,Rajasthan,Consumer,Clothing,Jeans,Store,Credit Card,1,812.42,0.05,812.42,40.62,771.8,458.26,313.54,0.4062,93.59,10,4.0
ORD03078,2022-07-30,CUST0909,Central,Madhya Pradesh,Corporate,Furniture,Desk,Store,UPI,2,1018.61,0.0,2037.22,0.0,2037.22,1145.75,891.47,0.4376,137.7,9,4.1
ORD03079,2025-11-01,CUST0501,South,Telangana,Corporate,Home Appliances,Microwave,Online,UPI,1,1142.32,0.1,1142.32,114.23,1028.09,667.0,361.09,0.3512,23.93,6,4.8
ORD03080,2025-11-19,CUST0953,East,Odisha,Consumer,Furniture,Cabinet,Partner,Net Banking,4,1048.28,0.1,4193.12,419.31,3773.81,2877.35,896.46,0.2375,252.93,8,3.6
ORD03081,2024-07-31,CUST0098,Central,Madhya Pradesh,Corporate,Electronics,Laptop,Store,Credit Card,5,1270.44,0.15,6352.2,952.83,5399.37,3870.91,1528.46,0.2831,25.81,9,3.6
ORD03082,2025-10-19,CUST0046,South,Telangana,Corporate,Furniture,Office Chair,Online,Net Banking,10,346.02,0.1,3460.2,346.02,3114.18,2156.02,958.16,0.3077,156.22,1,4.1
ORD03083,2023-04-02,CUST0020,East,Bihar,Consumer,Home Appliances,Air Cooler,Store,Cash,5,861.1,0.1,4305.5,430.55,3874.95,2135.12,1739.83,0.449,181.41,5,4.7
ORD03084,2023-12-26,CUST0978,East,West Bengal,Consumer,Clothing,Shoes,Online,Net Banking,2,549.74,0.05,1099.48,54.97,1044.51,697.3,347.21,0.3324,35.55,7,4.9
ORD03085,2025-06-03,CUST0059,South,Andhra Pradesh,Corporate,Home Appliances,Blender,Store,Net Banking,3,1443.74,0.2,4331.22,866.24,3464.98,2053.29,1411.68,0.4074,69.19,8,3.4
ORD03086,2024-09-08,CUST0240,West,Rajasthan,Small Business,Furniture,Sofa,Online,UPI,4,668.82,0.0,2675.28,0.0,2675.28,1799.75,875.53,0.3273,241.43,3,4.7
ORD03087,2025-02-28,CUST0376,Central,Chhattisgarh,Consumer,Home Appliances,Air Cooler,Partner,Debit Card,10,1440.18,0.25,14401.8,3600.45,10801.35,8833.11,1968.24,0.1822,90.71,8,3.5
ORD03088,2023-08-11,CUST0036,West,Goa,Consumer,Furniture,Bookshelf,Online,UPI,6,1157.06,0.1,6942.36,694.24,6248.12,4920.24,1327.88,0.2125,222.92,5,2.9
ORD03089,2023-04-21,CUST0513,North,Delhi,Consumer,Clothing,Jeans,Store,UPI,6,1081.92,0.0,6491.52,0.0,6491.52,4114.78,2376.74,0.3661,229.77,1,4.1
ORD03090,2024-09-12,CUST0858,North,Punjab,Consumer,Clothing,Jeans,Partner,UPI,2,744.97,0.05,1489.94,74.5,1415.44,1005.31,410.13,0.2898,134.05,4,4.8
ORD03091,2025-07-24,CUST0387,West,Gujarat,Corporate,Electronics,Monitor,Online,Net Banking,2,673.42,0.0,1346.84,0.0,1346.84,923.35,423.49,0.3144,37.85,2,3.9
ORD03092,2022-06-05,CUST0812,North,Uttar Pradesh,Consumer,Clothing,Jeans,Store,Debit Card,9,796.92,0.0,7172.28,0.0,7172.28,4196.59,2975.69,0.4149,23.03,5,4.7
ORD03093,2025-05-26,CUST0183,West,Maharashtra,Consumer,Office Supplies,File Folder,Online,Credit Card,2,451.05,0.05,902.1,45.1,857.0,700.38,156.62,0.1828,157.9,4,3.5
ORD03094,2022-07-09,CUST0316,East,Odisha,Consumer,Home Appliances,Coffee Maker,Store,UPI,2,1358.2,0.1,2716.4,271.64,2444.76,1625.27,819.49,0.3352,40.01,2,4.1
ORD03095,2025-12-11,CUST0387,West,Maharashtra,Consumer,Home Appliances,Vacuum Cleaner,Store,Debit Card,3,1194.58,0.0,3583.74,0.0,3583.74,2460.34,1123.4,0.3135,223.41,7,4.5
ORD03096,2024-09-07,CUST0085,East,Bihar,Consumer,Furniture,Sofa,Partner,Debit Card,9,1205.07,0.15,10845.63,1626.84,9218.79,6682.25,2536.53,0.2751,126.63,2,4.2
ORD03097,2023-06-30,CUST0447,South,Andhra Pradesh,Consumer,Clothing,Backpack,Partner,Credit Card,6,658.23,0.15,3949.38,592.41,3356.97,2019.95,1337.03,0.3983,211.32,2,3.9
ORD03098,2022-02-10,CUST0594,South,Karnataka,Consumer,Electronics,Monitor,Online,Debit Card,6,120.57,0.1,723.42,72.34,651.08,397.16,253.92,0.39,134.29,4,3.7
ORD03099,2022-11-03,CUST0671,South,Tamil Nadu,Small Business,Electronics,Tablet,Online,Net Banking,10,1029.37,0.05,10293.7,514.68,9779.02,5886.88,3892.14,0.398,195.93,5,3.8
ORD03100,2024-07-31,CUST0760,East,Jharkhand,Small Business,Electronics,Laptop,Store,UPI,5,571.0,0.0,2855.0,0.0,2855.0,1866.62,988.38,0.3462,253.25,10,4.6
ORD03101,2022-12-04,CUST0228,West,Maharashtra,Consumer,Office Supplies,Pens,Online,Credit Card,7,1307.59,0.0,9153.13,0.0,9153.13,5527.69,3625.44,0.3961,267.65,3,3.9
ORD03102,2025-08-30,CUST0829,West,Goa,Consumer,Clothing,Jeans,Online,UPI,4,1173.8,0.15,4695.2,704.28,3990.92,3193.24,797.68,0.1999,24.73,9,3.0
ORD03103,2025-01-03,CUST0049,West,Rajasthan,Consumer,Electronics,Tablet,Online,Debit Card,10,230.81,0.1,2308.1,230.81,2077.29,1543.15,534.14,0.2571,200.74,10,4.2
ORD03104,2024-08-10,CUST0812,Central,Chhattisgarh,Consumer,Office Supplies,Printer Paper,Store,UPI,10,908.55,0.1,9085.5,908.55,8176.95,6479.54,1697.41,0.2076,177.96,6,4.0
ORD03105,2022-10-06,CUST0948,South,Andhra Pradesh,Consumer,Home Appliances,Vacuum Cleaner,Online,Debit Card,3,1042.94,0.0,3128.82,0.0,3128.82,2437.63,691.19,0.2209,198.37,8,4.2
ORD03106,2025-04-14,CUST0799,North,Punjab,Consumer,Furniture,Cabinet,Partner,Cash,7,858.68,0.05,6010.76,300.54,5710.22,4224.71,1485.51,0.2601,36.27,5,3.9
ORD03107,2024-06-14,CUST0840,South,Andhra Pradesh,Corporate,Clothing,Jeans,Store,Credit Card,10,778.35,0.15,7783.5,1167.52,6615.98,4072.41,2543.57,0.3845,39.57,8,3.9
ORD03108,2022-09-30,CUST0857,West,Gujarat,Consumer,Clothing,Shoes,Store,UPI,1,353.38,0.1,353.38,35.34,318.04,227.76,90.28,0.2839,159.15,10,4.5
ORD03109,2024-04-16,CUST0945,South,Telangana,Consumer,Home Appliances,Air Cooler,Online,Net Banking,6,365.32,0.25,2191.92,547.98,1643.94,986.86,657.08,0.3997,35.99,6,5.0
ORD03110,2023-09-12,CUST0302,West,Goa,Corporate,Clothing,T-Shirt,Online,Cash,2,1155.49,0.25,2310.98,577.74,1733.24,1015.27,717.96,0.4142,237.4,7,3.9
ORD03111,2024-05-11,CUST0950,East,West Bengal,Corporate,Clothing,Jacket,Online,Credit Card,2,42.75,0.15,85.5,12.82,72.68,52.38,20.29,0.2792,236.29,2,4.6
ORD03112,2024-07-19,CUST0724,Central,Chhattisgarh,Consumer,Clothing,Jeans,Partner,UPI,8,1171.68,0.05,9373.44,468.67,8904.77,6399.4,2505.37,0.2814,52.85,6,3.2
ORD03113,2022-10-16,CUST0651,Central,Madhya Pradesh,Consumer,Clothing,T-Shirt,Online,Credit Card,3,797.3,0.05,2391.9,119.59,2272.3,1345.86,926.45,0.4077,147.42,5,4.0
ORD03114,2023-12-25,CUST0616,North,Uttar Pradesh,Consumer,Office Supplies,Pens,Online,UPI,9,1405.29,0.05,12647.61,632.38,12015.23,7751.69,4263.54,0.3548,186.59,8,3.8
ORD03115,2024-06-11,CUST0065,East,Odisha,Consumer,Office Supplies,Stapler,Online,Credit Card,4,1496.02,0.25,5984.08,1496.02,4488.06,2548.75,1939.31,0.4321,260.64,5,3.3
ORD03116,2022-09-29,CUST0469,West,Goa,Consumer,Furniture,Desk,Store,Net Banking,6,1000.27,0.05,6001.62,300.08,5701.54,4237.66,1463.88,0.2568,296.76,7,4.3
ORD03117,2024-12-25,CUST0657,South,Karnataka,Consumer,Clothing,Backpack,Store,Credit Card,1,627.2,0.15,627.2,94.08,533.12,435.36,97.76,0.1834,24.82,4,4.6
ORD03118,2023-04-28,CUST0372,South,Andhra Pradesh,Consumer,Home Appliances,Air Cooler,Online,UPI,10,720.5,0.25,7205.0,1801.25,5403.75,4051.59,1352.16,0.2502,153.37,2,4.3
ORD03119,2024-07-24,CUST0540,West,Maharashtra,Corporate,Electronics,Tablet,Online,UPI,10,318.26,0.15,3182.6,477.39,2705.21,2104.44,600.77,0.2221,244.92,3,4.1
ORD03120,2022-09-05,CUST0594,South,Andhra Pradesh,Corporate,Furniture,Cabinet,Store,Cash,3,162.36,0.1,487.08,48.71,438.37,297.48,140.89,0.3214,242.84,10,3.7
ORD03121,2022-06-05,CUST0477,West,Goa,Consumer,Electronics,Smartphone,Online,UPI,4,874.46,0.0,3497.84,0.0,3497.84,2014.08,1483.76,0.4242,171.71,4,4.8
ORD03122,2024-12-06,CUST0330,West,Maharashtra,Consumer,Electronics,Smartphone,Store,Debit Card,5,1211.16,0.0,6055.8,0.0,6055.8,4518.74,1537.06,0.2538,71.03,3,4.2
ORD03123,2023-03-30,CUST0009,North,Delhi,Consumer,Clothing,Backpack,Store,Credit Card,1,403.72,0.1,403.72,40.37,363.35,225.01,138.34,0.3807,176.55,7,3.7
ORD03124,2022-07-20,CUST0162,East,West Bengal,Consumer,Home Appliances,Microwave,Store,Credit Card,4,638.18,0.25,2552.72,638.18,1914.54,1253.72,660.82,0.3452,129.64,5,5.0
ORD03125,2022-05-04,CUST0404,South,Telangana,Consumer,Electronics,Tablet,Store,Net Banking,5,838.84,0.2,4194.2,838.84,3355.36,2482.42,872.94,0.2602,134.55,3,2.4
ORD03126,2022-01-01,CUST0735,West,Goa,Small Business,Electronics,Tablet,Partner,UPI,4,1363.23,0.0,5452.92,0.0,5452.92,4331.21,1121.71,0.2057,112.03,3,4.0
ORD03127,2024-08-25,CUST0643,North,Haryana,Corporate,Furniture,Desk,Partner,UPI,10,220.87,0.05,2208.7,110.44,2098.26,1429.52,668.74,0.3187,60.46,9,4.2
ORD03128,2024-05-04,CUST0641,Central,Chhattisgarh,Small Business,Home Appliances,Vacuum Cleaner,Online,Credit Card,10,366.77,0.1,3667.7,366.77,3300.93,2672.54,628.39,0.1904,226.71,9,5.0
ORD03129,2023-10-02,CUST0828,South,Karnataka,Corporate,Home Appliances,Air Cooler,Online,,7,1379.02,0.1,9653.14,965.31,8687.83,5997.85,2689.98,0.3096,218.38,5,3.9
ORD03130,2022-07-10,CUST0865,North,Punjab,Small Business,Electronics,Smartphone,Store,UPI,8,73.71,0.0,589.68,0.0,589.68,343.83,245.85,0.4169,171.99,2,3.7
ORD03131,2023-05-31,CUST0306,South,Tamil Nadu,Corporate,Home Appliances,Microwave,Online,Cash,8,989.33,0.05,7914.64,395.73,7518.91,5187.87,2331.03,0.31,119.34,10,4.3
ORD03132,2023-03-18,CUST0648,South,Karnataka,Small Business,Furniture,Sofa,Partner,UPI,3,964.7,0.25,2894.1,723.53,2170.58,1698.19,472.38,0.2176,250.35,5,2.3
ORD03133,2022-05-23,CUST0914,South,Andhra Pradesh,Consumer,Furniture,Desk,Online,Debit Card,5,584.13,0.25,2920.65,730.16,2190.49,1522.99,667.5,0.3047,64.77,4,2.9
ORD03134,2025-04-29,CUST0798,East,West Bengal,Consumer,Furniture,Desk,Partner,Debit Card,10,710.22,0.1,7102.2,710.22,6391.98,4806.09,1585.89,0.2481,141.68,6,2.9
ORD03135,2023-06-17,CUST0097,East,West Bengal,Corporate,Clothing,Jacket,Store,Credit Card,8,1284.55,0.1,10276.4,1027.64,9248.76,6455.16,2793.6,0.3021,202.98,10,3.9
ORD03136,2022-08-15,CUST0918,North,Haryana,Small Business,Electronics,Laptop,Store,UPI,7,260.0,0.05,1820.0,91.0,1729.0,1205.86,523.14,0.3026,250.02,6,4.2
ORD03137,2025-08-29,CUST0849,North,Uttar Pradesh,Consumer,Home Appliances,Microwave,Online,UPI,9,358.88,0.15,3229.92,484.49,2745.43,1721.07,1024.36,0.3731,201.89,6,4.8
ORD03138,2024-08-06,CUST0490,West,Maharashtra,Consumer,Furniture,Desk,Partner,Credit Card,10,775.84,0.0,7758.4,0.0,7758.4,4688.71,3069.69,0.3957,52.96,7,4.3
ORD03139,2025-08-18,CUST0521,East,Odisha,Consumer,Electronics,Monitor,Online,Credit Card,7,623.47,0.05,4364.29,218.21,4146.08,2592.57,1553.5,0.3747,48.36,2,3.8
ORD03140,2023-04-05,CUST0278,South,Andhra Pradesh,Corporate,Electronics,Smartphone,Online,Credit Card,2,867.94,0.0,1735.88,0.0,1735.88,1161.35,574.53,0.331,34.12,4,4.0
ORD03141,2025-11-25,CUST0906,West,Maharashtra,Consumer,Clothing,Backpack,Online,Cash,4,1382.45,0.05,5529.8,276.49,5253.31,4037.64,1215.67,0.2314,176.79,9,4.3
ORD03142,2023-07-05,CUST0502,South,Telangana,Corporate,Home Appliances,Coffee Maker,Partner,Credit Card,8,1376.9,0.2,11015.2,2203.04,8812.16,6819.09,1993.07,0.2262,88.02,5,4.4
ORD03143,2023-01-28,CUST0993,West,Maharashtra,Small Business,Home Appliances,Vacuum Cleaner,Online,Debit Card,9,356.58,0.25,3209.22,802.3,2406.92,1429.98,976.94,0.4059,64.67,1,3.7
ORD03144,2024-04-24,CUST0496,South,Tamil Nadu,Small Business,Furniture,Desk,Store,Debit Card,7,463.68,0.15,3245.76,486.86,2758.9,1929.22,829.68,0.3007,43.79,6,4.4
ORD03145,2025-05-15,CUST0487,North,Uttar Pradesh,Consumer,Furniture,Bookshelf,Store,Debit Card,5,255.67,0.15,1278.35,191.75,1086.6,719.68,366.91,0.3377,199.7,5,3.9
ORD03146,2022-07-29,CUST0323,Central,Madhya Pradesh,Consumer,Electronics,Smartphone,Partner,UPI,1,1392.77,0.05,1392.77,69.64,1323.13,931.69,391.44,0.2958,230.96,2,3.5
ORD03147,2025-02-12,CUST0209,South,Andhra Pradesh,Consumer,Home Appliances,Blender,Store,Net Banking,9,605.83,0.1,5452.47,545.25,4907.22,3557.04,1350.18,0.2751,260.17,3,4.0
ORD03148,2023-10-08,CUST0009,West,Goa,Consumer,Home Appliances,Coffee Maker,Store,Credit Card,6,682.81,0.15,4096.86,614.53,3482.33,2178.18,1304.15,0.3745,186.72,3,4.6
ORD03149,2025-06-28,CUST0303,South,Karnataka,Consumer,Furniture,Sofa,Store,UPI,2,1206.92,0.1,2413.84,241.38,2172.46,1734.04,438.41,0.2018,119.19,7,3.4
ORD03150,2022-08-07,CUST0808,West,Gujarat,Corporate,Office Supplies,Notebook,Store,Debit Card,10,776.77,0.0,7767.7,0.0,7767.7,6234.13,1533.57,0.1974,151.72,5,
ORD03151,2023-02-11,CUST0292,Central,Chhattisgarh,Consumer,Electronics,Laptop,Online,Cash,10,192.84,0.15,1928.4,289.26,1639.14,948.15,690.99,0.4216,198.12,9,4.1
ORD03152,2025-10-09,CUST0659,North,Punjab,Small Business,Home Appliances,Vacuum Cleaner,Online,Debit Card,2,665.21,0.05,1330.42,66.52,1263.9,935.05,328.85,0.2602,219.64,1,4.6
ORD03153,2024-06-06,CUST0354,West,Goa,Small Business,Clothing,T-Shirt,Online,Credit Card,10,951.33,0.0,9513.3,0.0,9513.3,5317.67,4195.63,0.441,200.56,3,3.6
ORD03154,2023-07-12,CUST0002,East,Jharkhand,Consumer,Clothing,Backpack,Online,UPI,1,1083.03,0.1,1083.03,108.3,974.73,548.35,426.37,0.4374,289.33,10,4.6
ORD03155,2023-07-04,CUST0941,West,Gujarat,Small Business,Office Supplies,Stapler,Online,Credit Card,4,973.35,0.0,3893.4,0.0,3893.4,3148.23,745.17,0.1914,230.06,8,4.6
ORD03156,2022-05-22,CUST0475,East,West Bengal,Corporate,Furniture,Desk,Store,Credit Card,10,191.98,0.1,1919.8,191.98,1727.82,1274.46,453.36,0.2624,230.17,3,4.2
ORD03157,2023-09-04,CUST0851,Central,Chhattisgarh,Consumer,Furniture,Desk,Partner,UPI,2,466.95,0.1,933.9,93.39,840.51,535.93,304.58,0.3624,249.55,3,4.7
ORD03158,2023-05-16,CUST0673,North,Uttar Pradesh,Consumer,Furniture,Cabinet,Online,UPI,10,1104.34,0.05,11043.4,552.17,10491.23,7667.69,2823.54,0.2691,148.91,8,3.7
ORD03159,2024-04-19,CUST0508,South,Tamil Nadu,Consumer,Clothing,T-Shirt,Store,UPI,9,1322.08,0.25,11898.72,2974.68,8924.04,6946.25,1977.79,0.2216,93.91,10,4.9
ORD03160,2023-12-03,CUST0064,Central,Chhattisgarh,Consumer,Furniture,Desk,Online,UPI,2,85.07,0.15,170.14,25.52,144.62,113.55,31.07,0.2149,248.55,3,4.9
ORD03161,2023-08-19,CUST0767,West,Gujarat,Corporate,Clothing,T-Shirt,Online,UPI,9,77.71,0.0,699.39,0.0,699.39,388.54,310.85,0.4445,149.97,2,4.9
ORD03162,2022-10-08,CUST0410,North,Haryana,Consumer,Office Supplies,File Folder,Store,,1,970.46,0.15,970.46,145.57,824.89,635.93,188.96,0.2291,190.01,3,4.4
ORD03163,2023-02-28,CUST0631,East,West Bengal,Corporate,Electronics,Smartphone,Partner,UPI,7,828.85,0.05,5801.95,290.1,5511.85,4301.26,1210.6,0.2196,140.29,2,3.2
ORD03164,2024-05-05,CUST0111,East,West Bengal,Consumer,Home Appliances,Vacuum Cleaner,Online,UPI,6,245.68,0.15,1474.08,221.11,1252.97,890.61,362.35,0.2892,130.9,8,4.4
ORD03165,2022-09-27,CUST0418,South,Karnataka,Consumer,Office Supplies,Stapler,Online,Credit Card,6,829.21,0.15,4975.26,746.29,4228.97,2873.9,1355.07,0.3204,207.95,5,4.9
ORD03166,2022-06-03,CUST0703,South,Karnataka,Corporate,Clothing,T-Shirt,Online,Debit Card,2,1462.11,0.0,2924.22,0.0,2924.22,1695.96,1228.26,0.42,206.3,3,2.4
ORD03167,2023-09-06,CUST0924,West,Rajasthan,Corporate,Office Supplies,Notebook,Online,Debit Card,1,951.89,0.15,951.89,142.78,809.11,497.35,311.75,0.3853,106.53,8,4.3
ORD03168,2023-10-24,CUST0208,South,Andhra Pradesh,Consumer,Home Appliances,Microwave,Store,Debit Card,10,681.97,0.2,6819.7,1363.94,5455.76,3723.18,1732.58,0.3176,72.92,8,4.2
ORD03169,2022-03-24,CUST0726,West,Maharashtra,Consumer,Electronics,Laptop,Store,Net Banking,8,1243.89,0.05,9951.12,497.56,9453.56,7407.54,2046.02,0.2164,56.77,4,3.6
ORD03170,2024-08-04,CUST0092,West,Rajasthan,Small Business,Home Appliances,Coffee Maker,Store,Debit Card,8,331.04,0.0,2648.32,0.0,2648.32,2030.85,617.47,0.2332,51.86,9,2.9
ORD03171,2024-06-17,CUST0078,South,Tamil Nadu,Corporate,Clothing,Backpack,Online,Credit Card,2,630.27,0.0,1260.54,0.0,1260.54,862.08,398.46,0.3161,248.96,1,3.7
ORD03172,2025-12-20,CUST0518,South,Andhra Pradesh,Consumer,Home Appliances,Coffee Maker,Partner,Debit Card,4,798.74,0.0,3194.96,0.0,3194.96,2434.94,760.02,0.2379,100.12,7,4.3
ORD03173,2025-07-22,CUST0907,South,Telangana,Consumer,Office Supplies,File Folder,Online,Credit Card,4,764.24,0.0,3056.96,0.0,3056.96,2313.35,743.61,0.2433,209.99,5,3.6
ORD03174,2022-10-11,CUST0046,East,Bihar,Consumer,Furniture,Desk,Store,UPI,2,1382.64,0.05,2765.28,138.26,2627.02,1855.55,771.46,0.2937,100.48,7,4.9
ORD03175,2024-09-06,CUST0788,West,Rajasthan,Consumer,Office Supplies,File Folder,Online,UPI,9,449.61,0.05,4046.49,202.32,3844.17,2342.97,1501.19,0.3905,206.69,10,4.0
ORD03176,2022-06-22,CUST0932,South,Telangana,Corporate,Clothing,Jeans,Partner,UPI,4,98.91,0.0,395.64,0.0,395.64,254.78,140.86,0.356,295.56,8,4.1
ORD03177,2025-09-12,CUST0625,West,Maharashtra,Small Business,Electronics,Monitor,Store,Debit Card,4,1375.82,0.15,5503.28,825.49,4677.79,2780.0,1897.79,0.4057,38.47,3,3.8
ORD03178,2024-12-22,CUST0528,South,Tamil Nadu,Corporate,Home Appliances,Coffee Maker,Partner,Net Banking,4,337.35,0.25,1349.4,337.35,1012.05,558.58,453.47,0.4481,203.05,3,3.8
ORD03179,2025-01-01,CUST0251,South,Telangana,Consumer,Electronics,Monitor,Online,Cash,5,577.86,0.2,2889.3,577.86,2311.44,1321.55,989.89,0.4283,99.12,1,3.9
ORD03180,2024-02-02,CUST0454,North,Punjab,Small Business,Clothing,Backpack,Store,UPI,10,803.37,0.05,8033.7,401.68,7632.02,5762.93,1869.09,0.2449,43.21,5,4.0
ORD03181,2025-10-30,CUST0456,North,Delhi,Consumer,Home Appliances,Vacuum Cleaner,Store,Net Banking,8,1464.18,0.15,11713.44,1757.02,9956.42,5566.05,4390.37,0.441,42.11,8,3.8
ORD03182,2023-09-25,CUST0765,South,Andhra Pradesh,Small Business,Office Supplies,Stapler,Store,UPI,4,809.87,0.2,3239.48,647.9,2591.58,1705.16,886.42,0.342,124.07,1,3.7
ORD03183,2024-02-26,CUST0941,South,Tamil Nadu,Consumer,Office Supplies,Pens,Online,Cash,3,679.9,0.2,2039.7,407.94,1631.76,1331.78,299.98,0.1838,171.37,2,4.4
ORD03184,2024-07-31,CUST0250,Central,Madhya Pradesh,Consumer,Clothing,Jeans,Online,Net Banking,1,881.7,0.2,881.7,176.34,705.36,539.4,165.96,0.2353,201.24,2,3.9
ORD03185,2024-10-08,CUST0996,West,Gujarat,Corporate,Home Appliances,Microwave,Online,Cash,2,1456.65,0.15,2913.3,437.0,2476.31,1863.83,612.47,0.2473,178.91,10,4.6
ORD03186,2023-02-02,CUST0560,South,Andhra Pradesh,Consumer,Office Supplies,Pens,Online,UPI,4,1229.65,0.05,4918.6,245.93,4672.67,2916.55,1756.12,0.3758,271.43,2,4.1
ORD03187,2025-02-17,CUST0625,South,Telangana,Corporate,Clothing,T-Shirt,Partner,Net Banking,9,265.92,0.0,2393.28,0.0,2393.28,1730.98,662.3,0.2767,62.99,5,3.5
ORD03188,2024-07-22,CUST0772,South,Tamil Nadu,Corporate,Clothing,Shoes,Store,UPI,1,1207.84,0.1,1207.84,120.78,1087.06,744.26,342.8,0.3153,252.12,10,3.3
ORD03189,2025-12-31,CUST0176,South,Karnataka,Consumer,Electronics,Headphones,Online,Debit Card,6,1264.03,0.0,7584.18,0.0,7584.18,5448.72,2135.46,0.2816,167.9,7,4.0
ORD03190,2023-11-07,CUST0610,East,Bihar,Corporate,Office Supplies,Printer Paper,Partner,Debit Card,6,1040.68,0.25,6244.08,1561.02,4683.06,3126.74,1556.32,0.3323,260.96,3,4.6
ORD03191,2024-07-24,CUST0980,South,Telangana,Consumer,Home Appliances,Blender,Online,Net Banking,10,990.99,0.05,9909.9,495.5,9414.4,6527.57,2886.83,0.3066,139.47,1,4.9
ORD03192,2023-04-10,CUST0984,South,Telangana,Consumer,Office Supplies,Pens,Online,Credit Card,3,669.7,0.25,2009.1,502.28,1506.82,1230.88,275.95,0.1831,154.9,9,5.0
ORD03193,2022-10-13,CUST0877,North,Haryana,Small Business,Office Supplies,File Folder,Online,UPI,10,967.92,0.15,9679.2,1451.88,8227.32,5256.55,2970.77,0.3611,138.25,9,4.6
ORD03194,2022-09-22,CUST0707,North,Uttar Pradesh,Small Business,Office Supplies,Stapler,Partner,Debit Card,9,1110.3,0.1,9992.7,999.27,8993.43,5471.98,3521.45,0.3916,47.01,4,5.0
ORD03195,2022-11-16,CUST0412,North,Punjab,Consumer,Clothing,T-Shirt,Store,Debit Card,10,197.39,0.0,1973.9,0.0,1973.9,1324.67,649.23,0.3289,60.6,5,3.5
ORD03196,2023-11-04,CUST0414,West,Goa,Consumer,Furniture,Cabinet,Online,Net Banking,3,397.13,0.05,1191.39,59.57,1131.82,782.73,349.09,0.3084,164.91,4,4.3
ORD03197,2025-10-31,CUST0285,South,Tamil Nadu,Consumer,Furniture,Sofa,Store,Net Banking,1,303.21,0.15,303.21,45.48,257.73,147.71,110.02,0.4269,169.3,8,3.5
ORD03198,2024-03-30,CUST0661,East,Bihar,Corporate,Electronics,Monitor,Online,UPI,2,1264.2,0.15,2528.4,379.26,2149.14,1649.71,499.43,0.2324,150.98,1,4.3
ORD03199,2022-03-30,CUST0810,East,Jharkhand,Small Business,Office Supplies,Stapler,Online,Debit Card,4,1024.8,0.25,4099.2,1024.8,3074.4,2041.26,1033.14,0.336,23.6,4,4.6
ORD03200,2025-05-11,CUST0475,Central,Madhya Pradesh,Consumer,Furniture,Desk,Online,UPI,4,684.41,0.0,2737.64,0.0,2737.64,1811.11,926.53,0.3384,161.56,4,3.7
ORD03201,2024-03-31,CUST0896,Central,Chhattisgarh,Small Business,Electronics,Laptop,Online,Debit Card,2,1241.69,0.0,2483.38,0.0,2483.38,1807.62,675.76,0.2721,57.44,3,4.2
ORD03202,2024-09-27,CUST0306,West,Rajasthan,Consumer,Clothing,T-Shirt,Partner,Debit Card,10,1079.42,0.0,10794.2,0.0,10794.2,8190.38,2603.82,0.2412,178.58,4,
ORD03203,2022-11-30,CUST0857,North,Uttar Pradesh,Consumer,Office Supplies,Printer Paper,Store,Credit Card,6,1371.69,0.05,8230.14,411.51,7818.63,6381.6,1437.03,0.1838,100.72,7,4.2
ORD03204,2022-08-10,CUST0894,East,Odisha,Small Business,Home Appliances,Coffee Maker,Online,UPI,6,129.06,0.15,774.36,116.15,658.21,392.85,265.36,0.4031,297.62,5,3.9
ORD03205,2022-02-10,CUST0515,West,Rajasthan,Consumer,Clothing,Jeans,Online,Debit Card,3,771.1,0.0,2313.3,0.0,2313.3,1488.15,825.15,0.3567,120.59,3,
ORD03206,2022-03-09,CUST0449,North,Haryana,Consumer,Electronics,Laptop,Online,UPI,1,1064.52,0.1,1064.52,106.45,958.07,570.46,387.61,0.4046,249.83,6,4.9
ORD03207,2024-09-14,CUST0791,East,Jharkhand,Corporate,Clothing,Jacket,Online,Debit Card,10,323.13,0.1,3231.3,323.13,2908.17,2291.15,617.02,0.2122,88.77,10,4.3
ORD03208,2023-05-29,CUST0875,Central,Chhattisgarh,Consumer,Home Appliances,Coffee Maker,Online,Debit Card,9,500.78,0.05,4507.02,225.35,4281.67,2989.0,1292.67,0.3019,73.06,9,4.4
ORD03209,2025-02-24,CUST0773,East,West Bengal,Consumer,Clothing,Shoes,Online,Credit Card,4,637.18,0.1,2548.72,254.87,2293.85,1789.57,504.28,0.2198,81.9,3,4.8
ORD03210,2025-07-02,CUST0223,North,Uttar Pradesh,Small Business,Electronics,Monitor,Store,Cash,9,1194.57,0.1,10751.13,1075.11,9676.02,7895.73,1780.28,0.184,113.27,2,4.6
ORD03211,2023-11-26,CUST0281,North,Uttar Pradesh,Corporate,Home Appliances,Coffee Maker,Online,UPI,5,747.96,0.05,3739.8,186.99,3552.81,2481.84,1070.97,0.3014,257.68,9,3.1
ORD03212,2024-11-05,CUST0803,South,Telangana,Small Business,Home Appliances,Microwave,Online,Credit Card,7,746.91,0.15,5228.37,784.26,4444.11,2586.03,1858.08,0.4181,233.91,5,4.7
ORD03213,2023-04-22,CUST0747,North,Punjab,Consumer,Clothing,T-Shirt,Partner,UPI,3,654.87,0.05,1964.61,98.23,1866.38,1208.56,657.82,0.3525,141.92,10,4.2
ORD03214,2024-12-21,CUST0577,West,Rajasthan,Consumer,Home Appliances,Vacuum Cleaner,Online,Net Banking,3,354.45,0.1,1063.35,106.34,957.01,535.71,421.31,0.4402,72.66,5,4.1
ORD03215,2024-05-30,CUST0207,West,Maharashtra,Small Business,Clothing,Backpack,Online,Net Banking,8,1385.76,0.25,11086.08,2771.52,8314.56,6479.63,1834.93,0.2207,33.64,7,4.3
ORD03216,2023-03-08,CUST0807,North,Uttar Pradesh,Consumer,Office Supplies,Stapler,Online,UPI,1,486.93,0.15,486.93,73.04,413.89,229.64,184.25,0.4452,193.19,2,4.2
ORD03217,2022-09-25,CUST0728,Central,Chhattisgarh,Consumer,Home Appliances,Air Cooler,Online,Credit Card,8,857.69,0.1,6861.52,686.15,6175.37,4383.83,1791.54,0.2901,217.89,10,3.6
ORD03218,2024-11-24,CUST0379,South,Karnataka,Consumer,Clothing,Jeans,Online,UPI,8,235.94,0.15,1887.52,283.13,1604.39,928.39,676.0,0.4213,189.72,5,3.3
ORD03219,2024-02-18,CUST0482,North,Uttar Pradesh,Consumer,Office Supplies,Pens,Online,Net Banking,3,659.85,0.15,1979.55,296.93,1682.62,928.87,753.74,0.448,160.35,8,2.1
ORD03220,2023-05-09,CUST0623,West,Goa,Consumer,Home Appliances,Coffee Maker,Partner,UPI,1,1357.15,0.05,1357.15,67.86,1289.29,798.28,491.01,0.3808,292.4,8,4.5
ORD03221,2023-10-23,CUST0274,West,Maharashtra,Small Business,Office Supplies,Pens,Store,Net Banking,9,1493.27,0.15,13439.43,2015.91,11423.52,7985.04,3438.48,0.301,26.91,10,
ORD03222,2025-09-10,CUST0281,West,Rajasthan,Small Business,Home Appliances,Air Cooler,Store,Debit Card,4,552.2,0.1,2208.8,220.88,1987.92,1133.66,854.26,0.4297,296.75,7,3.7
ORD03223,2025-08-20,CUST0356,Central,Madhya Pradesh,Corporate,Electronics,Tablet,Online,Credit Card,7,243.68,0.15,1705.76,255.86,1449.9,1038.15,411.74,0.284,97.37,5,4.7
ORD03224,2025-07-23,CUST0385,West,Goa,Corporate,Electronics,Laptop,Online,Net Banking,9,481.96,0.05,4337.64,216.88,4120.76,3014.08,1106.68,0.2686,127.28,4,3.5
ORD03225,2024-10-09,CUST0958,Central,Chhattisgarh,Small Business,Clothing,T-Shirt,Online,UPI,3,500.95,0.2,1502.85,300.57,1202.28,976.03,226.25,0.1882,230.71,2,3.7
ORD03226,2025-05-09,CUST0137,South,Karnataka,Corporate,Furniture,Cabinet,Online,Credit Card,5,972.1,0.1,4860.5,486.05,4374.45,3468.39,906.06,0.2071,83.59,2,4.8
ORD03227,2025-09-09,CUST0169,West,Maharashtra,Consumer,Electronics,Monitor,Online,Debit Card,10,751.79,0.05,7517.9,375.9,7142.0,5021.07,2120.94,0.297,218.76,3,3.5
ORD03228,2024-11-24,CUST0863,Central,Chhattisgarh,Consumer,Furniture,Bookshelf,Online,Net Banking,3,1156.16,0.1,3468.48,346.85,3121.63,2385.58,736.05,0.2358,113.11,3,3.8
ORD03229,2024-09-03,CUST0278,West,Gujarat,Consumer,Office Supplies,Notebook,Online,Credit Card,5,1056.44,0.05,5282.2,264.11,5018.09,3252.64,1765.45,0.3518,283.36,7,3.8
ORD03230,2023-04-27,CUST0230,North,Punjab,Consumer,Office Supplies,Notebook,Online,Credit Card,2,388.19,0.0,776.38,0.0,776.38,549.79,226.59,0.2919,68.08,6,3.9
ORD03231,2023-12-29,CUST0494,East,West Bengal,Consumer,Furniture,Sofa,Online,Debit Card,4,1179.62,0.0,4718.48,0.0,4718.48,3109.03,1609.45,0.3411,280.9,1,4.6
ORD03232,2023-04-25,CUST0194,East,Odisha,Consumer,Clothing,Backpack,Online,,2,1273.48,0.05,2546.96,127.35,2419.61,1550.97,868.64,0.359,241.5,6,3.3
ORD03233,2024-12-24,CUST0489,North,Uttar Pradesh,Consumer,Home Appliances,Vacuum Cleaner,Online,Cash,3,903.61,0.1,2710.83,271.08,2439.75,1821.18,618.57,0.2535,67.67,5,3.8
ORD03234,2024-10-28,CUST0685,Central,Chhattisgarh,Consumer,Furniture,Sofa,Online,UPI,5,1392.59,0.05,6962.95,348.15,6614.8,4167.99,2446.81,0.3699,128.54,6,3.5
ORD03235,2025-08-17,CUST0948,North,Haryana,Consumer,Furniture,Bookshelf,Online,UPI,9,1177.68,0.0,10599.12,0.0,10599.12,6918.57,3680.55,0.3473,49.2,8,2.8
ORD03236,2022-12-09,CUST0276,North,Uttar Pradesh,Consumer,Furniture,Office Chair,Online,Debit Card,3,899.16,0.1,2697.48,269.75,2427.73,1575.93,851.8,0.3509,187.92,1,4.2
ORD03237,2025-12-25,CUST0889,Central,Madhya Pradesh,Corporate,Furniture,Cabinet,Online,Credit Card,10,1360.66,0.0,13606.6,0.0,13606.6,10681.3,2925.3,0.215,288.95,6,3.9
ORD03238,2025-12-18,CUST0215,East,Bihar,Consumer,Furniture,Desk,Online,Net Banking,6,906.53,0.05,5439.18,271.96,5167.22,3079.71,2087.51,0.404,42.18,4,2.3
ORD03239,2022-11-28,CUST0652,North,Haryana,Small Business,Clothing,Backpack,Online,Credit Card,4,788.97,0.0,3155.88,0.0,3155.88,2060.78,1095.1,0.347,92.27,9,4.3
ORD03240,2023-03-14,CUST0202,East,Bihar,Small Business,Electronics,Smartphone,Store,UPI,4,544.04,0.1,2176.16,217.62,1958.54,1546.71,411.83,0.2103,231.5,10,4.3
ORD03241,2022-06-23,CUST0892,West,Rajasthan,Corporate,Home Appliances,Air Cooler,Online,UPI,10,1326.05,0.0,13260.5,0.0,13260.5,7348.07,5912.43,0.4459,148.33,8,3.7
ORD03242,2023-07-13,CUST0576,North,Delhi,Corporate,Electronics,Smartphone,Online,Credit Card,10,197.25,0.05,1972.5,98.62,1873.88,1510.2,363.67,0.1941,114.91,7,3.3
ORD03243,2023-06-11,CUST0672,Central,Chhattisgarh,Small Business,Furniture,Desk,Online,UPI,5,718.15,0.1,3590.75,359.08,3231.68,2561.76,669.92,0.2073,188.33,3,4.0
ORD03244,2023-10-21,CUST0062,East,Odisha,Consumer,Electronics,Headphones,Online,UPI,7,813.06,0.0,5691.42,0.0,5691.42,3772.38,1919.04,0.3372,102.31,9,5.0
ORD03245,2022-01-26,CUST0133,East,Odisha,Small Business,Clothing,Backpack,Online,UPI,4,838.8,0.1,3355.2,335.52,3019.68,2193.24,826.44,0.2737,112.08,3,3.9
ORD03246,2024-03-30,CUST0120,East,West Bengal,Corporate,Office Supplies,Stapler,Partner,Credit Card,8,983.06,0.05,7864.48,393.22,7471.26,6108.41,1362.85,0.1824,245.71,6,3.6
ORD03247,2023-08-28,CUST0812,West,Gujarat,Corporate,Electronics,Laptop,Store,Debit Card,9,766.11,0.2,6894.99,1379.0,5515.99,3860.29,1655.7,0.3002,129.64,2,3.7
ORD03248,2023-02-10,CUST0157,South,Tamil Nadu,Consumer,Home Appliances,Microwave,Online,UPI,9,396.37,0.15,3567.33,535.1,3032.23,1747.06,1285.17,0.4238,216.16,8,3.1
ORD03249,2022-08-20,CUST0289,South,Andhra Pradesh,Consumer,Clothing,Jeans,Store,Cash,9,1287.56,0.25,11588.04,2897.01,8691.03,6783.2,1907.83,0.2195,62.21,1,4.8
ORD03250,2023-06-17,CUST0855,East,Odisha,Corporate,Office Supplies,Stapler,Online,Credit Card,2,991.43,0.1,1982.86,198.29,1784.57,1046.15,738.42,0.4138,131.67,1,3.4
ORD03251,2023-05-20,CUST0356,West,Goa,Corporate,Clothing,Shoes,Online,Cash,3,1289.41,0.1,3868.23,386.82,3481.41,2156.6,1324.8,0.3805,174.54,8,3.1
ORD03252,2022-06-28,CUST0013,North,Uttar Pradesh,Corporate,Furniture,Sofa,Store,UPI,5,424.92,0.2,2124.6,424.92,1699.68,1335.69,363.99,0.2142,94.84,9,3.7
ORD03253,2022-05-12,CUST0818,West,Goa,Consumer,Office Supplies,File Folder,Online,Net Banking,1,961.03,0.05,961.03,48.05,912.98,565.25,347.73,0.3809,138.05,10,4.9
ORD03254,2022-12-14,CUST0898,West,Maharashtra,Consumer,Home Appliances,Vacuum Cleaner,Online,Credit Card,4,1075.55,0.1,4302.2,430.22,3871.98,2908.53,963.45,0.2488,232.75,9,4.5
ORD03255,2023-06-24,CUST0459,North,Uttar Pradesh,Consumer,Office Supplies,Pens,Store,Debit Card,5,584.36,0.05,2921.8,146.09,2775.71,1862.15,913.56,0.3291,65.22,8,3.8
ORD03256,2024-02-11,CUST0412,North,Haryana,Consumer,Home Appliances,Vacuum Cleaner,Store,Credit Card,9,1221.18,0.1,10990.62,1099.06,9891.56,7469.43,2422.12,0.2449,160.21,10,3.7
ORD03257,2025-11-30,CUST0985,South,Tamil Nadu,Consumer,Furniture,Cabinet,Partner,Debit Card,8,18.73,0.0,149.84,0.0,149.84,91.81,58.03,0.3873,93.3,8,3.6
ORD03258,2022-03-17,CUST0502,East,Odisha,Consumer,Home Appliances,Air Cooler,Store,Cash,1,898.46,0.15,898.46,134.77,763.69,506.54,257.15,0.3367,134.87,4,3.6
ORD03259,2023-08-02,CUST0507,North,Delhi,Consumer,Clothing,Jacket,Store,Credit Card,3,926.15,0.25,2778.45,694.61,2083.84,1325.12,758.72,0.3641,125.11,8,
ORD03260,2024-05-03,CUST0740,South,Andhra Pradesh,Consumer,Electronics,Headphones,Online,UPI,3,807.76,0.0,2423.28,0.0,2423.28,1495.75,927.53,0.3828,203.5,7,4.6
ORD03261,2022-07-13,CUST0274,East,Odisha,Consumer,Clothing,Jeans,Online,Credit Card,6,950.62,0.15,5703.72,855.56,4848.16,3078.08,1770.08,0.3651,234.81,9,3.5
ORD03262,2025-03-31,CUST0231,East,Jharkhand,Small Business,Clothing,Jacket,Store,UPI,4,263.33,0.05,1053.32,52.67,1000.65,637.62,363.03,0.3628,159.93,10,5.0
ORD03263,2022-12-13,CUST0969,South,Telangana,Corporate,Office Supplies,Printer Paper,Partner,Credit Card,4,1031.9,0.0,4127.6,0.0,4127.6,3334.9,792.7,0.192,66.64,8,4.7
ORD03264,2024-08-08,CUST0578,South,Tamil Nadu,Corporate,Furniture,Cabinet,Online,Credit Card,1,513.65,0.15,513.65,77.05,436.6,302.99,133.61,0.306,263.21,10,5.0
ORD03265,2025-10-16,CUST0228,West,Gujarat,Consumer,Electronics,Laptop,Partner,Debit Card,10,686.3,0.0,6863.0,0.0,6863.0,4630.84,2232.16,0.3252,72.14,2,3.0
ORD03266,2025-01-15,CUST0430,Central,Madhya Pradesh,Corporate,Home Appliances,Coffee Maker,Online,Net Banking,4,509.67,0.1,2038.68,203.87,1834.81,1258.49,576.32,0.3141,181.97,8,3.7
ORD03267,2025-07-09,CUST0145,Central,Madhya Pradesh,Consumer,Office Supplies,File Folder,Online,Credit Card,1,718.8,0.0,718.8,0.0,718.8,588.67,130.13,0.181,167.64,8,4.2
ORD03268,2022-08-02,CUST0161,East,Odisha,Small Business,Furniture,Cabinet,Online,Credit Card,5,938.03,0.1,4690.15,469.02,4221.13,3066.52,1154.61,0.2735,100.26,10,4.0
ORD03269,2023-07-27,CUST0867,South,Tamil Nadu,Corporate,Electronics,Monitor,Online,Credit Card,3,1259.94,0.1,3779.82,377.98,3401.84,2517.16,884.68,0.2601,286.83,10,4.5
ORD03270,2024-02-19,CUST0289,South,Andhra Pradesh,Corporate,Clothing,Jeans,Store,Cash,10,732.9,0.2,7329.0,1465.8,5863.2,3721.24,2141.96,0.3653,209.47,9,4.3
ORD03271,2022-09-19,CUST0352,North,Punjab,Small Business,Furniture,Bookshelf,Online,UPI,5,494.99,0.15,2474.95,371.24,2103.71,1424.87,678.83,0.3227,151.59,3,3.4
ORD03272,2023-12-31,CUST0084,North,Punjab,Consumer,Furniture,Office Chair,Partner,UPI,3,739.59,0.0,2218.77,0.0,2218.77,1330.59,888.18,0.4003,144.18,8,3.6
ORD03273,2022-10-10,CUST0926,West,Rajasthan,Consumer,Furniture,Cabinet,Online,UPI,5,1037.87,0.05,5189.35,259.47,4929.88,3623.47,1306.41,0.265,45.89,8,3.9
ORD03274,2025-11-04,CUST0534,South,Telangana,Corporate,Clothing,Shoes,Online,Credit Card,4,529.85,0.2,2119.4,423.88,1695.52,1090.24,605.28,0.357,238.59,10,3.1
ORD03275,2022-12-28,CUST0125,South,Karnataka,Consumer,Home Appliances,Microwave,Store,UPI,9,630.21,0.15,5671.89,850.78,4821.11,3625.65,1195.45,0.248,43.42,4,3.8
ORD03276,2023-03-17,CUST0181,Central,Chhattisgarh,Consumer,Office Supplies,Printer Paper,Online,Credit Card,6,850.82,0.1,5104.92,510.49,4594.43,2791.36,1803.07,0.3924,76.2,5,4.3
ORD03277,2022-04-03,CUST0985,North,Delhi,Corporate,Home Appliances,Microwave,Store,Debit Card,10,451.6,0.1,4516.0,451.6,4064.4,2678.22,1386.18,0.3411,66.06,2,4.8
ORD03278,2024-01-23,CUST0493,North,Haryana,Consumer,Electronics,Monitor,Online,UPI,2,325.49,0.05,650.98,32.55,618.43,418.81,199.62,0.3228,39.08,6,4.2
ORD03279,2024-05-16,CUST0430,North,Delhi,Corporate,Office Supplies,Stapler,Online,UPI,1,223.48,0.1,223.48,22.35,201.13,119.67,81.47,0.405,252.28,10,2.4
ORD03280,2025-12-18,CUST0044,East,Jharkhand,Small Business,Electronics,Monitor,Store,Credit Card,1,538.63,0.15,538.63,80.79,457.84,260.41,197.42,0.4312,273.76,9,4.0
ORD03281,2022-05-22,CUST0843,West,Goa,Consumer,Clothing,Backpack,Partner,Credit Card,1,86.79,0.0,86.79,0.0,86.79,55.16,31.63,0.3644,195.14,3,4.7
ORD03282,2025-08-07,CUST0370,South,Karnataka,Consumer,Home Appliances,Coffee Maker,Store,Net Banking,9,881.47,0.25,7933.23,1983.31,5949.92,4147.82,1802.11,0.3029,265.77,6,3.0
ORD03283,2025-12-26,CUST0930,East,Bihar,Consumer,Furniture,Office Chair,Store,UPI,5,276.23,0.05,1381.15,69.06,1312.09,952.87,359.22,0.2738,209.02,8,3.9
ORD03284,2024-01-19,CUST0796,West,Gujarat,Consumer,Office Supplies,File Folder,Store,Credit Card,4,575.43,0.1,2301.72,230.17,2071.55,1377.21,694.33,0.3352,211.8,2,4.6
ORD03285,2023-10-15,CUST0419,West,Goa,Consumer,Furniture,Cabinet,Online,Credit Card,10,414.8,0.0,4148.0,0.0,4148.0,2841.69,1306.31,0.3149,269.05,10,4.0
ORD03286,2023-12-02,CUST0964,Central,Chhattisgarh,Consumer,Electronics,Smartphone,Store,Net Banking,5,951.13,0.1,4755.65,475.56,4280.08,2981.77,1298.31,0.3033,45.74,1,3.8
ORD03287,2024-09-24,CUST0777,West,Rajasthan,Consumer,Furniture,Desk,Online,Net Banking,9,1277.76,0.05,11499.84,574.99,10924.85,7518.65,3406.19,0.3118,35.32,6,4.8
ORD03288,2022-02-18,CUST0363,East,Bihar,Consumer,Furniture,Bookshelf,Online,Cash,3,955.45,0.05,2866.35,143.32,2723.03,1564.08,1158.95,0.4256,35.01,3,4.0
ORD03289,2025-08-18,CUST0278,North,Delhi,Corporate,Clothing,Jacket,Online,Debit Card,3,820.62,0.25,2461.86,615.46,1846.4,1217.42,628.97,0.3406,137.01,2,3.9
ORD03290,2024-05-30,CUST0445,North,Punjab,Small Business,Clothing,Jeans,Online,UPI,2,1008.59,0.1,2017.18,201.72,1815.46,1098.66,716.8,0.3948,284.99,10,3.9
ORD03291,2025-04-28,CUST0217,North,Delhi,Corporate,Home Appliances,Microwave,Online,Credit Card,8,59.54,0.1,476.32,47.63,428.69,297.56,131.13,0.3059,263.58,8,4.7
ORD03292,2025-03-05,CUST0085,West,Gujarat,Consumer,Electronics,Smartphone,Online,UPI,7,197.42,0.1,1381.94,138.19,1243.75,938.63,305.12,0.2453,238.95,9,4.0
ORD03293,2023-07-09,CUST0793,West,Gujarat,Consumer,Clothing,Jacket,Online,Credit Card,2,155.97,0.0,311.94,0.0,311.94,220.37,91.57,0.2935,133.1,7,3.9
ORD03294,2023-02-08,CUST0489,East,Jharkhand,Corporate,Clothing,Shoes,Store,Credit Card,4,160.82,0.05,643.28,32.16,611.12,372.71,238.4,0.3901,250.77,9,3.8
ORD03295,2024-06-10,CUST0337,North,Punjab,Consumer,Home Appliances,Coffee Maker,Store,Credit Card,7,401.82,0.05,2812.74,140.64,2672.1,1619.55,1052.56,0.3939,81.18,7,2.8
ORD03296,2024-05-14,CUST0079,East,Bihar,Consumer,Office Supplies,Stapler,Store,UPI,1,805.1,0.1,805.1,80.51,724.59,405.76,318.83,0.44,183.9,3,4.3
ORD03297,2023-08-25,CUST0937,Central,Chhattisgarh,Small Business,Home Appliances,Air Cooler,Online,UPI,1,185.3,0.2,185.3,37.06,148.24,98.6,49.64,0.3349,228.86,1,4.0
ORD03298,2022-12-07,CUST0519,East,Jharkhand,Consumer,Furniture,Cabinet,Store,UPI,8,1403.65,0.0,11229.2,0.0,11229.2,7488.45,3740.75,0.3331,45.88,1,4.1
ORD03299,2023-12-05,CUST0827,West,Rajasthan,Consumer,Furniture,Desk,Online,Net Banking,6,1283.57,0.1,7701.42,770.14,6931.28,4254.68,2676.6,0.3862,264.76,5,3.5
ORD03300,2022-11-14,CUST0736,West,Gujarat,Small Business,Clothing,T-Shirt,Store,UPI,2,1457.89,0.0,2915.78,0.0,2915.78,2205.35,710.43,0.2437,223.65,9,3.3
ORD03301,2023-09-10,CUST0456,Central,Chhattisgarh,Small Business,Clothing,Shoes,Online,UPI,10,78.11,0.05,781.1,39.06,742.04,485.56,256.49,0.3456,169.32,10,3.6
ORD03302,2025-10-18,CUST0707,West,Gujarat,Consumer,Home Appliances,Microwave,Online,Cash,10,1279.33,0.1,12793.3,1279.33,11513.97,8413.7,3100.27,0.2693,37.47,6,2.9
ORD03303,2023-01-17,CUST0289,West,Maharashtra,Consumer,Home Appliances,Vacuum Cleaner,Online,UPI,1,1208.55,0.0,1208.55,0.0,1208.55,873.56,334.99,0.2772,214.47,2,3.6
ORD03304,2022-08-21,CUST0484,South,Karnataka,Corporate,Electronics,Headphones,Store,Credit Card,3,1354.63,0.1,4063.89,406.39,3657.5,2608.82,1048.68,0.2867,145.23,6,5.0
ORD03305,2025-09-29,CUST0977,North,Punjab,Corporate,Furniture,Bookshelf,Partner,Cash,4,799.0,0.05,3196.0,159.8,3036.2,2414.32,621.88,0.2048,226.27,4,4.3
ORD03306,2024-03-27,CUST0961,East,Bihar,Consumer,Home Appliances,Blender,Store,Credit Card,5,1185.02,0.25,5925.1,1481.28,4443.83,2463.17,1980.66,0.4457,30.18,9,4.1
ORD03307,2023-07-07,CUST0356,North,Uttar Pradesh,Corporate,Office Supplies,Stapler,Online,UPI,10,91.16,0.1,911.6,91.16,820.44,466.31,354.13,0.4316,180.93,10,3.4
ORD03308,2024-05-05,CUST0872,Central,Madhya Pradesh,Small Business,Electronics,Monitor,Online,Debit Card,3,127.68,0.05,383.04,19.15,363.89,271.09,92.8,0.255,145.17,3,3.4
ORD03309,2024-03-29,CUST0828,South,Andhra Pradesh,Consumer,Home Appliances,Vacuum Cleaner,Partner,UPI,5,191.02,0.0,955.1,0.0,955.1,616.47,338.63,0.3545,140.35,7,3.9
ORD03310,2022-07-02,CUST0081,Central,Chhattisgarh,Small Business,Clothing,Jeans,Online,UPI,7,1373.46,0.0,9614.22,0.0,9614.22,7848.67,1765.55,0.1836,164.92,10,2.6
ORD03311,2024-11-30,CUST0122,South,Andhra Pradesh,Small Business,Home Appliances,Microwave,Partner,Credit Card,9,105.84,0.0,952.56,0.0,952.56,579.57,372.99,0.3916,54.63,8,4.1
ORD03312,2023-02-01,CUST0570,South,Karnataka,Consumer,Clothing,T-Shirt,Online,UPI,5,163.72,0.15,818.6,122.79,695.81,417.15,278.66,0.4005,281.93,2,3.7
ORD03313,2024-02-18,CUST0812,Central,Madhya Pradesh,Corporate,Clothing,Shoes,Partner,Net Banking,4,1396.66,0.2,5586.64,1117.33,4469.31,3167.94,1301.37,0.2912,217.32,10,5.0
ORD03314,2024-06-25,CUST0633,South,Telangana,Consumer,Furniture,Desk,Partner,Debit Card,10,174.48,,1744.8,0.0,1744.8,1091.28,653.52,0.3746,43.76,7,4.9
ORD03315,2025-09-18,CUST0502,South,Karnataka,Corporate,Furniture,Sofa,Store,,9,1306.59,0.1,11759.31,1175.93,10583.38,6793.82,3789.56,0.3581,42.25,5,4.4
ORD03316,2022-05-07,CUST0048,North,Uttar Pradesh,Corporate,Home Appliances,Microwave,Online,Debit Card,8,1187.07,0.05,9496.56,474.83,9021.73,7205.45,1816.29,0.2013,78.99,1,3.7
ORD03317,2022-01-01,CUST0637,West,Gujarat,Consumer,Home Appliances,Blender,Online,Net Banking,5,74.82,0.1,374.1,37.41,336.69,187.57,149.12,0.4429,87.12,7,5.0
ORD03318,2025-04-06,CUST0933,South,Karnataka,Corporate,Office Supplies,File Folder,Partner,UPI,9,47.44,0.0,426.96,0.0,426.96,296.07,130.89,0.3066,157.8,10,3.3
ORD03319,2022-01-19,CUST0665,East,Odisha,Small Business,Electronics,Smartphone,Partner,Net Banking,9,808.57,0.25,7277.13,1819.28,5457.85,3495.33,1962.52,0.3596,170.21,8,4.4
ORD03320,2025-09-17,CUST0409,East,West Bengal,Consumer,Electronics,Smartphone,Online,Credit Card,1,1495.81,0.15,1495.81,224.37,1271.44,818.07,453.37,0.3566,60.83,1,3.7
ORD03321,2023-08-07,CUST0825,West,Gujarat,Consumer,Home Appliances,Coffee Maker,Online,Credit Card,6,1320.06,0.25,7920.36,1980.09,5940.27,3664.6,2275.67,0.3831,292.59,4,4.3
ORD03322,2023-04-01,CUST0013,West,Gujarat,Consumer,Furniture,Bookshelf,Store,Credit Card,5,475.39,0.05,2376.95,118.85,2258.1,1324.17,933.93,0.4136,250.94,4,3.9
ORD03323,2024-08-14,CUST0845,East,Bihar,Corporate,Office Supplies,Pens,Store,Credit Card,6,588.67,0.1,3532.02,353.2,3178.82,1777.94,1400.87,0.4407,197.38,5,3.3
ORD03324,2025-02-06,CUST0780,South,Karnataka,Small Business,Electronics,Monitor,Store,UPI,10,591.04,0.15,5910.4,886.56,5023.84,4102.86,920.98,0.1833,97.81,5,3.9
ORD03325,2025-07-15,CUST0224,West,Gujarat,Small Business,Home Appliances,Microwave,Store,Cash,3,1105.26,0.15,3315.78,497.37,2818.41,2052.65,765.77,0.2717,274.9,4,4.6
ORD03326,2023-03-21,CUST0227,South,Telangana,Consumer,Furniture,Desk,Partner,Debit Card,3,521.58,0.0,1564.74,0.0,1564.74,1188.96,375.78,0.2402,108.27,1,5.0
ORD03327,2025-06-17,CUST0988,East,Jharkhand,Consumer,Furniture,Cabinet,Online,Cash,10,234.48,0.25,2344.8,586.2,1758.6,998.09,760.51,0.4324,109.39,9,4.8
ORD03328,2025-08-17,CUST0364,South,Tamil Nadu,Consumer,Furniture,Office Chair,Online,Credit Card,5,1124.45,0.2,5622.25,1124.45,4497.8,2491.81,2005.99,0.446,118.82,5,3.8
ORD03329,2023-08-25,CUST0191,Central,Chhattisgarh,Consumer,Clothing,Backpack,Online,Cash,7,695.15,0.0,4866.05,0.0,4866.05,3465.01,1401.04,0.2879,33.42,1,3.4
ORD03330,2022-04-13,CUST0762,South,Tamil Nadu,Consumer,Furniture,Office Chair,Partner,Credit Card,4,129.02,0.1,516.08,51.61,464.47,346.23,118.24,0.2546,37.32,3,3.9
ORD03331,2024-09-14,CUST0702,South,Andhra Pradesh,Consumer,Home Appliances,Microwave,Online,Cash,6,1188.23,0.05,7129.38,356.47,6772.91,4447.19,2325.72,0.3434,153.22,1,5.0
ORD03332,2025-06-27,CUST0884,West,Gujarat,Consumer,Office Supplies,Notebook,Online,Credit Card,5,884.19,0.2,4420.95,884.19,3536.76,2315.5,1221.26,0.3453,266.89,7,3.2
ORD03333,2023-06-04,CUST0468,West,Gujarat,Small Business,Home Appliances,Coffee Maker,Online,Cash,2,741.71,0.15,1483.42,222.51,1260.91,824.39,436.51,0.3462,283.86,10,4.0
ORD03334,2025-03-22,CUST0028,North,Punjab,Corporate,Furniture,Sofa,Online,Credit Card,1,1014.91,0.05,1014.91,50.75,964.16,570.06,394.11,0.4088,237.2,10,3.4
ORD03335,2024-05-08,CUST0439,East,West Bengal,Corporate,Office Supplies,Notebook,Store,Debit Card,6,765.47,0.0,4592.82,0.0,4592.82,3460.95,1131.87,0.2464,133.24,10,2.7
ORD03336,2022-06-23,CUST0223,West,Gujarat,Consumer,Electronics,Monitor,Store,UPI,5,977.9,0.05,4889.5,244.48,4645.02,2824.65,1820.38,0.3919,106.94,7,5.0
ORD03337,2025-09-28,CUST0984,Central,Chhattisgarh,Small Business,Electronics,Smartphone,Store,Debit Card,9,1303.22,0.0,11728.98,0.0,11728.98,7478.29,4250.69,0.3624,80.4,6,4.1
ORD03338,2024-10-01,CUST0884,West,Gujarat,Corporate,Home Appliances,Air Cooler,Online,UPI,7,926.07,0.0,6482.49,0.0,6482.49,4740.26,1742.23,0.2688,170.77,9,4.3
ORD03339,2023-03-07,CUST0715,South,Karnataka,Small Business,Office Supplies,Stapler,Partner,Cash,1,994.51,0.1,994.51,99.45,895.06,492.31,402.75,0.45,155.09,7,4.1
ORD03340,2023-12-28,CUST0042,South,Tamil Nadu,Consumer,Home Appliances,Coffee Maker,Online,UPI,10,926.58,0.15,9265.8,1389.87,7875.93,5961.21,1914.72,0.2431,150.73,5,4.5
ORD03341,2024-04-29,CUST0189,Central,Madhya Pradesh,Consumer,Office Supplies,Stapler,Store,UPI,6,803.8,0.1,4822.8,482.28,4340.52,3440.97,899.55,0.2072,108.54,7,4.6
ORD03342,2025-09-09,CUST0592,West,Maharashtra,Consumer,Office Supplies,File Folder,Online,Credit Card,7,270.38,0.1,1892.66,189.27,1703.39,960.61,742.79,0.4361,182.94,10,3.5
ORD03343,2024-09-16,CUST0038,South,Telangana,Consumer,Home Appliances,Coffee Maker,Online,UPI,3,513.48,0.0,1540.44,0.0,1540.44,1093.31,447.13,0.2903,190.22,4,5.0
ORD03344,2023-10-01,CUST0337,South,Tamil Nadu,Corporate,Office Supplies,Pens,Online,UPI,9,1044.27,0.05,9398.43,469.92,8928.51,5895.35,3033.16,0.3397,265.05,10,4.9
ORD03345,2023-02-24,CUST0109,West,Rajasthan,Small Business,Furniture,Office Chair,Store,Net Banking,2,646.83,0.15,1293.66,194.05,1099.61,628.08,471.53,0.4288,233.19,9,4.3
ORD03346,2023-08-17,CUST0626,South,Andhra Pradesh,Consumer,Office Supplies,Stapler,Store,Debit Card,1,618.1,0.05,618.1,30.9,587.2,431.12,156.08,0.2658,112.37,6,3.4
ORD03347,2023-04-30,CUST0364,South,Tamil Nadu,Consumer,Office Supplies,Notebook,Online,UPI,10,1142.51,0.05,11425.1,571.26,10853.84,7764.04,3089.81,0.2847,126.27,4,3.4
ORD03348,2023-02-16,CUST0133,North,Delhi,Corporate,Home Appliances,Microwave,Online,Credit Card,10,23.27,0.0,232.7,0.0,232.7,168.36,64.34,0.2765,87.06,5,3.2
ORD03349,2024-07-24,CUST0340,South,Andhra Pradesh,Consumer,Electronics,Laptop,Partner,Debit Card,9,1023.31,0.1,9209.79,920.98,8288.81,6379.43,1909.38,0.2304,67.84,8,4.0
ORD03350,2025-01-12,CUST0688,South,Telangana,Corporate,Clothing,Backpack,Online,Debit Card,7,741.5,0.15,5190.5,778.58,4411.92,2768.34,1643.58,0.3725,50.49,7,4.6
ORD03351,2025-02-10,CUST0510,West,Goa,Corporate,Office Supplies,Notebook,Online,Debit Card,10,574.49,0.1,5744.9,574.49,5170.41,3788.92,1381.49,0.2672,29.55,6,4.3
ORD03352,2022-11-28,CUST0163,South,Andhra Pradesh,Consumer,Clothing,Shoes,Online,Debit Card,1,520.7,0.0,520.7,0.0,520.7,390.89,129.81,0.2493,136.95,2,3.7
ORD03353,2025-11-02,CUST0304,South,Andhra Pradesh,Small Business,Office Supplies,File Folder,Store,Credit Card,4,271.72,0.15,1086.88,163.03,923.85,550.23,373.62,0.4044,288.55,3,3.2
ORD03354,2023-10-17,CUST0747,South,Karnataka,Consumer,Home Appliances,Air Cooler,Online,Net Banking,10,511.36,0.0,5113.6,0.0,5113.6,4133.88,979.72,0.1916,170.64,1,4.8
ORD03355,2022-02-10,CUST0782,East,West Bengal,Small Business,Home Appliances,Coffee Maker,Partner,Credit Card,3,596.26,0.1,1788.78,178.88,1609.9,1033.23,576.68,0.3582,227.8,3,3.6
ORD03356,2024-08-16,CUST0054,North,Uttar Pradesh,Corporate,Office Supplies,Printer Paper,Online,Net Banking,7,664.61,0.05,4652.27,232.61,4419.66,3282.48,1137.17,0.2573,131.36,2,3.0
ORD03357,2022-04-15,CUST0154,East,Odisha,Small Business,Home Appliances,Blender,Online,Credit Card,5,1013.37,0.2,5066.85,1013.37,4053.48,3054.64,998.84,0.2464,127.63,10,4.2
ORD03358,2022-07-21,CUST0374,West,Rajasthan,Consumer,Home Appliances,Blender,Online,Credit Card,9,688.55,0.15,6196.95,929.54,5267.41,3613.91,1653.5,0.3139,55.06,6,3.8
ORD03359,2023-03-26,CUST0877,North,Haryana,Consumer,Office Supplies,Printer Paper,Store,UPI,3,1197.48,0.1,3592.44,359.24,3233.2,1890.62,1342.57,0.4152,103.96,4,4.5
ORD03360,2025-07-13,CUST0427,North,Delhi,Consumer,Electronics,Tablet,Online,UPI,6,965.01,0.15,5790.06,868.51,4921.55,3073.16,1848.39,0.3756,280.03,10,3.7
ORD03361,2024-06-28,CUST0750,North,Delhi,Consumer,Office Supplies,Notebook,Store,UPI,10,296.55,0.1,2965.5,296.55,2668.95,1636.72,1032.23,0.3868,157.26,3,4.1
ORD03362,2022-07-29,CUST0042,East,West Bengal,Small Business,Electronics,Monitor,Online,UPI,2,426.6,0.0,853.2,0.0,853.2,588.74,264.46,0.31,77.22,8,4.0
ORD03363,2023-07-17,CUST0728,Central,Chhattisgarh,Consumer,Home Appliances,Vacuum Cleaner,Online,Debit Card,3,132.69,0.15,398.07,59.71,338.36,209.97,128.39,0.3795,205.85,5,3.8
ORD03364,2025-02-15,CUST0607,North,Uttar Pradesh,Small Business,Electronics,Smartphone,Partner,UPI,4,1419.4,0.1,5677.6,567.76,5109.84,3564.77,1545.07,0.3024,133.53,4,3.6
ORD03365,2023-12-14,CUST0658,Central,Chhattisgarh,Consumer,Home Appliances,Microwave,Store,UPI,6,1331.53,0.1,7989.18,798.92,7190.26,4514.16,2676.1,0.3722,251.65,6,4.6
ORD03366,2025-11-01,CUST0615,North,Uttar Pradesh,Consumer,Electronics,Headphones,Online,Debit Card,1,140.92,0.0,140.92,0.0,140.92,77.54,63.38,0.4497,45.99,4,4.2
ORD03367,2024-02-10,CUST0951,West,Gujarat,Small Business,Electronics,Laptop,Store,Net Banking,6,867.5,0.0,5205.0,0.0,5205.0,3373.25,1831.75,0.3519,166.11,10,4.0
ORD03368,2025-01-12,CUST0818,East,Jharkhand,Consumer,Office Supplies,Stapler,Store,UPI,4,1441.2,0.1,5764.8,576.48,5188.32,3703.68,1484.64,0.2862,244.34,10,4.0
ORD03369,2023-03-30,CUST0637,West,Goa,Corporate,Electronics,Monitor,Online,Debit Card,8,1124.51,0.1,8996.08,899.61,8096.47,6144.4,1952.07,0.2411,259.06,5,4.0
ORD03370,2023-10-29,CUST0342,East,Odisha,Consumer,Home Appliances,Microwave,Online,Net Banking,9,745.34,0.05,6708.06,335.4,6372.66,3553.77,2818.89,0.4423,130.98,4,3.5
ORD03371,2023-09-21,CUST0661,East,West Bengal,Small Business,Office Supplies,Notebook,Online,Cash,8,373.04,0.05,2984.32,149.22,2835.1,1757.04,1078.06,0.3803,227.49,9,3.5
ORD03372,2023-01-22,CUST0162,West,Rajasthan,Corporate,Electronics,Monitor,Online,UPI,8,429.37,0.1,3434.96,343.5,3091.46,2522.87,568.6,0.1839,290.4,2,4.1
ORD03373,2025-10-05,CUST0217,West,Rajasthan,Corporate,Office Supplies,Notebook,Store,Credit Card,2,1108.31,0.0,2216.62,0.0,2216.62,1375.83,840.79,0.3793,194.14,1,4.3
ORD03374,2022-10-23,CUST0040,East,Odisha,Consumer,Clothing,Shoes,Online,Cash,10,1174.15,0.1,11741.5,1174.15,10567.35,8029.53,2537.82,0.2402,247.25,7,4.3
ORD03375,2022-09-15,CUST0631,North,Delhi,Consumer,Office Supplies,Notebook,Online,Credit Card,2,800.11,0.1,1600.22,160.02,1440.2,990.18,450.02,0.3125,180.65,9,4.6
ORD03376,2025-01-09,CUST0623,North,Delhi,Small Business,Clothing,Shoes,Online,Credit Card,6,194.61,0.05,1167.66,58.38,1109.28,646.69,462.58,0.417,241.26,9,4.5
ORD03377,2022-09-25,CUST0798,West,Goa,Small Business,Clothing,Jeans,Partner,Debit Card,5,1401.79,0.15,7008.95,1051.34,5957.61,4311.63,1645.98,0.2763,283.4,4,3.8
ORD03378,2023-02-23,CUST0710,East,Odisha,Consumer,Office Supplies,Notebook,Store,UPI,6,1269.47,0.0,7616.82,0.0,7616.82,6176.57,1440.25,0.1891,219.21,4,5.0
ORD03379,2022-08-23,CUST0629,East,Bihar,Consumer,Home Appliances,Air Cooler,Online,Cash,9,223.7,0.2,2013.3,402.66,1610.64,1271.51,339.13,0.2106,63.24,1,5.0
ORD03380,2025-08-27,CUST0493,West,Gujarat,Consumer,Home Appliances,Vacuum Cleaner,Online,UPI,10,99.24,0.15,992.4,148.86,843.54,621.17,222.37,0.2636,42.94,1,3.4
ORD03381,2024-09-12,CUST0025,Central,Chhattisgarh,Consumer,Home Appliances,Blender,Online,Cash,7,810.76,0.1,5675.32,567.53,5107.79,3515.59,1592.2,0.3117,247.38,1,4.2
ORD03382,2025-10-12,CUST0965,West,Gujarat,Corporate,Furniture,Office Chair,Store,Credit Card,5,436.95,0.2,2184.75,436.95,1747.8,1111.99,635.81,0.3638,92.34,6,3.6
ORD03383,2025-05-21,CUST0285,West,Maharashtra,Consumer,Clothing,Shoes,Online,Credit Card,10,435.63,0.15,4356.3,653.45,3702.86,2393.46,1309.4,0.3536,265.07,6,3.5
ORD03384,2023-07-28,CUST0982,West,Goa,Consumer,Office Supplies,Notebook,Partner,UPI,7,144.52,0.2,1011.64,202.33,809.31,520.77,288.54,0.3565,74.92,5,3.8
ORD03385,2022-02-18,CUST0067,South,Karnataka,Corporate,Home Appliances,Air Cooler,Online,Cash,8,1430.78,0.1,11446.24,1144.62,10301.62,8230.6,2071.01,0.201,275.09,10,4.7
ORD03386,2025-02-24,CUST0697,South,Tamil Nadu,Consumer,Home Appliances,Microwave,Store,UPI,1,1247.8,0.1,1247.8,124.78,1123.02,681.73,441.29,0.3929,245.46,10,3.3
ORD03387,2022-08-11,CUST0303,West,Goa,Corporate,Office Supplies,Printer Paper,Store,Credit Card,10,184.04,0.1,1840.4,184.04,1656.36,1080.06,576.3,0.3479,266.75,2,5.0
ORD03388,2024-07-09,CUST0478,South,Tamil Nadu,Small Business,Clothing,Jeans,Store,Credit Card,7,1316.75,0.0,9217.25,0.0,9217.25,6144.5,3072.75,0.3334,85.16,6,4.4
ORD03389,2025-07-26,CUST0216,Central,Chhattisgarh,Consumer,Office Supplies,Notebook,Online,Credit Card,4,1029.19,0.2,4116.76,823.35,3293.41,2174.98,1118.43,0.3396,265.99,1,3.2
ORD03390,2025-12-02,CUST0105,North,Delhi,Corporate,Furniture,Office Chair,Store,Debit Card,5,498.28,0.15,2491.4,373.71,2117.69,1167.13,950.56,0.4489,184.52,3,4.4
ORD03391,2025-08-10,CUST0657,North,Uttar Pradesh,Consumer,Furniture,Cabinet,Online,Credit Card,2,1308.81,0.1,2617.62,261.76,2355.86,1468.08,887.77,0.3768,43.52,5,3.7
ORD03392,2022-10-04,CUST0433,Central,Chhattisgarh,Consumer,Office Supplies,Notebook,Online,Cash,10,903.06,0.2,9030.6,1806.12,7224.48,4945.98,2278.5,0.3154,280.69,10,3.7
ORD03393,2025-02-04,CUST0621,West,Gujarat,Consumer,Clothing,T-Shirt,Partner,UPI,5,1275.27,0.25,6376.35,1594.09,4782.26,3612.2,1170.06,0.2447,74.5,5,4.6
ORD03394,2023-02-24,CUST0050,South,Telangana,Consumer,Home Appliances,Blender,Partner,UPI,9,711.86,0.0,6406.74,0.0,6406.74,4508.79,1897.95,0.2962,79.78,7,4.0
ORD03395,2023-09-03,CUST0212,West,Gujarat,Consumer,Furniture,Office Chair,Store,Credit Card,1,758.47,0.15,758.47,113.77,644.7,421.58,223.12,0.3461,217.13,5,3.8
ORD03396,2025-12-23,CUST0602,West,Gujarat,Consumer,Furniture,Bookshelf,Online,Credit Card,3,447.15,0.1,1341.45,134.14,1207.3,880.84,326.47,0.2704,183.26,10,4.2
ORD03397,2023-01-10,CUST0389,East,Bihar,Small Business,Clothing,T-Shirt,Store,UPI,4,590.72,0.1,2362.88,236.29,2126.59,1551.97,574.62,0.2702,272.84,6,3.3
ORD03398,2022-03-14,CUST0269,North,Delhi,Corporate,Furniture,Cabinet,Online,Net Banking,9,858.11,0.25,7722.99,1930.75,5792.24,3573.46,2218.78,0.3831,105.95,7,4.0
ORD03399,2024-11-19,CUST0191,West,Gujarat,Small Business,Furniture,Sofa,Online,UPI,2,1421.38,0.2,2842.76,568.55,2274.21,1314.54,959.67,0.422,31.68,2,5.0
ORD03400,2025-04-26,CUST0295,Central,Madhya Pradesh,Corporate,Clothing,Jeans,Store,Net Banking,7,906.17,0.15,6343.19,951.48,5391.71,4134.69,1257.03,0.2331,298.6,3,2.9
ORD03401,2025-10-19,CUST0964,North,Delhi,Consumer,Office Supplies,Pens,Online,Net Banking,9,233.86,0.05,2104.74,105.24,1999.5,1385.74,613.76,0.307,107.57,3,4.2
ORD03402,2022-07-14,CUST0429,Central,Chhattisgarh,Consumer,Home Appliances,Air Cooler,Partner,Credit Card,10,25.39,0.15,253.9,38.08,215.82,128.98,86.83,0.4023,65.34,1,4.2
ORD03403,2025-03-25,CUST0017,Central,Chhattisgarh,Consumer,Home Appliances,Vacuum Cleaner,Online,Credit Card,4,1278.72,0.1,5114.88,511.49,4603.39,2857.6,1745.79,0.3792,295.63,9,3.9
ORD03404,2025-04-10,CUST0232,East,Jharkhand,Consumer,Furniture,Desk,Online,UPI,5,556.02,0.05,2780.1,139.0,2641.1,1999.14,641.96,0.2431,177.61,10,2.4
ORD03405,2024-04-26,CUST0443,West,Maharashtra,Corporate,Home Appliances,Coffee Maker,Store,Debit Card,10,482.72,0.1,4827.2,482.72,4344.48,3155.76,1188.72,0.2736,61.68,9,3.7
ORD03406,2024-11-30,CUST0355,South,Telangana,Consumer,Office Supplies,Printer Paper,Store,Debit Card,4,1204.09,0.05,4816.36,240.82,4575.54,3684.2,891.34,0.1948,254.03,9,4.4
ORD03407,2024-12-22,CUST0991,South,Andhra Pradesh,Consumer,Furniture,Bookshelf,Online,Debit Card,7,1418.87,0.1,9932.09,993.21,8938.88,6038.53,2900.35,0.3245,284.72,9,4.9
ORD03408,2022-01-23,CUST0592,West,Rajasthan,Consumer,Home Appliances,Vacuum Cleaner,Online,Debit Card,8,1125.85,0.15,9006.8,1351.02,7655.78,4318.55,3337.23,0.4359,266.76,8,3.7
ORD03409,2022-12-26,CUST0994,Central,Madhya Pradesh,Consumer,Electronics,Smartphone,Store,Cash,8,273.16,0.0,2185.28,0.0,2185.28,1615.17,570.11,0.2609,75.61,5,3.3
ORD03410,2025-01-03,CUST0571,West,Gujarat,Consumer,Electronics,Laptop,Online,Credit Card,3,596.2,0.15,1788.6,268.29,1520.31,940.81,579.5,0.3812,34.75,9,4.4
ORD03411,2023-07-14,CUST0352,East,Jharkhand,Consumer,Electronics,Smartphone,Online,,2,1142.71,0.0,2285.42,0.0,2285.42,1456.82,828.6,0.3626,123.96,7,4.4
ORD03412,2023-11-03,CUST0481,North,Delhi,Corporate,Electronics,Tablet,Store,UPI,6,1361.78,0.1,8170.68,817.07,7353.61,4434.93,2918.69,0.3969,119.36,2,3.7
ORD03413,2025-02-15,CUST0378,North,Delhi,Consumer,Electronics,Smartphone,Online,UPI,1,1497.92,0.1,1497.92,149.79,1348.13,853.92,494.21,0.3666,133.66,7,4.5
ORD03414,2025-11-04,CUST0392,South,Andhra Pradesh,Corporate,Furniture,Sofa,Partner,UPI,9,774.67,0.15,6972.03,1045.8,5926.23,4586.66,1339.57,0.226,243.71,4,3.4
ORD03415,2023-11-10,CUST0030,North,Uttar Pradesh,Consumer,Clothing,T-Shirt,Store,Cash,7,1236.45,0.15,8655.15,1298.27,7356.88,5191.84,2165.04,0.2943,22.7,7,4.1
ORD03416,2025-08-06,CUST0131,East,Odisha,Consumer,Clothing,Shoes,Partner,Net Banking,8,84.25,0.1,674.0,67.4,606.6,351.51,255.09,0.4205,208.95,7,4.1
ORD03417,2023-03-16,CUST0401,South,Telangana,Small Business,Furniture,Desk,Online,UPI,7,439.45,0.0,3076.15,0.0,3076.15,2179.09,897.06,0.2916,295.84,3,3.4
ORD03418,2024-07-21,CUST0123,West,Rajasthan,Corporate,Furniture,Office Chair,Partner,Credit Card,5,566.7,0.15,2833.5,425.02,2408.48,1736.66,671.81,0.2789,131.76,3,4.0
ORD03419,2022-01-07,CUST0051,South,Tamil Nadu,Consumer,Office Supplies,Stapler,Online,UPI,5,1463.65,0.1,7318.25,731.82,6586.42,5196.05,1390.38,0.2111,155.82,10,3.9
ORD03420,2025-05-04,CUST0920,East,West Bengal,Small Business,Clothing,Shoes,Online,UPI,7,20.04,0.05,140.28,7.01,133.27,104.23,29.04,0.2179,195.83,10,3.1
ORD03421,2023-02-25,CUST0592,East,West Bengal,Consumer,Electronics,Laptop,Online,Net Banking,7,472.41,0.05,3306.87,165.34,3141.53,1781.17,1360.36,0.433,99.96,6,3.6
ORD03422,2024-04-12,CUST0763,North,Haryana,Consumer,Furniture,Office Chair,Online,Cash,2,1396.66,0.0,2793.32,0.0,2793.32,2189.99,603.33,0.216,221.18,2,4.0
ORD03423,2025-05-01,CUST0192,North,Haryana,Corporate,Electronics,Monitor,Online,UPI,2,470.42,0.05,940.84,47.04,893.8,503.87,389.93,0.4363,76.84,8,4.3
ORD03424,2023-07-13,CUST0980,South,Telangana,Corporate,Clothing,T-Shirt,Online,UPI,7,349.22,0.1,2444.54,244.45,2200.09,1301.6,898.49,0.4084,38.14,8,3.8
ORD03425,2025-03-17,CUST0074,Central,Chhattisgarh,Consumer,Home Appliances,Blender,Online,Credit Card,5,1099.18,0.1,5495.9,549.59,4946.31,2869.45,2076.86,0.4199,244.37,4,4.4
ORD03426,2025-05-10,CUST0379,North,Delhi,Consumer,Home Appliances,Coffee Maker,Online,Credit Card,2,1121.83,0.1,2243.66,224.37,2019.29,1209.67,809.62,0.4009,69.43,2,4.6
ORD03427,2024-07-02,CUST0503,West,Gujarat,Small Business,Furniture,Bookshelf,Store,Credit Card,1,716.18,0.05,716.18,35.81,680.37,521.76,158.61,0.2331,224.82,9,4.0
ORD03428,2025-12-13,CUST0472,Central,Madhya Pradesh,Consumer,Office Supplies,Notebook,Online,Credit Card,9,1421.17,0.2,12790.53,2558.11,10232.42,7523.41,2709.01,0.2647,263.97,9,5.0
ORD03429,2025-12-21,CUST0111,West,Rajasthan,Consumer,Electronics,Tablet,Store,Debit Card,8,316.02,0.1,2528.16,252.82,2275.34,1673.47,601.87,0.2645,32.82,2,4.6
ORD03430,2024-10-03,CUST0711,South,Karnataka,Consumer,Furniture,Bookshelf,Store,Debit Card,2,1371.42,0.1,2742.84,274.28,2468.56,1972.31,496.24,0.201,217.87,10,4.1
ORD03431,2022-05-06,CUST0368,Central,Madhya Pradesh,Small Business,Office Supplies,Printer Paper,Partner,UPI,2,1136.93,0.0,2273.86,0.0,2273.86,1491.2,782.66,0.3442,200.95,4,3.6
ORD03432,2023-01-30,CUST0177,North,Haryana,Consumer,Electronics,Tablet,Online,UPI,3,561.79,0.1,1685.37,168.54,1516.83,835.6,681.23,0.4491,194.69,1,4.4
ORD03433,2024-03-27,CUST0020,East,Odisha,Corporate,Clothing,T-Shirt,Partner,UPI,4,1213.26,0.1,4853.04,485.3,4367.74,3156.73,1211.01,0.2773,102.7,6,3.8
ORD03434,2024-05-30,CUST0205,Central,Chhattisgarh,Corporate,Home Appliances,Microwave,Store,UPI,9,212.81,0.1,1915.29,191.53,1723.76,1352.08,371.68,0.2156,32.78,1,3.6
ORD03435,2023-07-30,CUST0541,West,Goa,Consumer,Office Supplies,Printer Paper,Partner,Debit Card,6,209.51,0.2,1257.06,251.41,1005.65,818.19,187.46,0.1864,47.58,7,3.3
ORD03436,2022-11-21,CUST0522,South,Andhra Pradesh,Corporate,Electronics,Monitor,Online,Cash,3,1395.96,0.15,4187.88,628.18,3559.7,2307.58,1252.12,0.3517,96.42,9,3.8
ORD03437,2025-11-16,CUST0009,South,Tamil Nadu,Small Business,Furniture,Cabinet,Store,Credit Card,8,155.75,0.2,1246.0,249.2,996.8,769.51,227.29,0.228,133.73,9,3.2
ORD03438,2024-07-18,CUST0967,South,Tamil Nadu,Consumer,Electronics,Smartphone,Store,Cash,6,21.06,0.0,126.36,0.0,126.36,98.47,27.89,0.2207,277.07,2,5.0
ORD03439,2025-05-12,CUST0876,East,Bihar,Consumer,Furniture,Bookshelf,Online,Debit Card,8,592.71,0.05,4741.68,237.08,4504.6,2653.2,1851.4,0.411,211.54,8,4.1
ORD03440,2024-04-12,CUST0575,South,Karnataka,Small Business,Home Appliances,Air Cooler,Store,UPI,10,169.22,0.05,1692.2,84.61,1607.59,1158.28,449.31,0.2795,27.31,3,3.5
ORD03441,2024-11-20,CUST0033,Central,Madhya Pradesh,Corporate,Home Appliances,Air Cooler,Store,Credit Card,2,1296.61,0.15,2593.22,388.98,2204.24,1315.37,888.86,0.4033,277.52,5,4.1
ORD03442,2025-11-12,CUST0152,Central,Chhattisgarh,Consumer,Electronics,Monitor,Store,Credit Card,8,1385.2,0.1,11081.6,1108.16,9973.44,6688.09,3285.35,0.3294,221.7,4,4.1
ORD03443,2025-12-28,CUST0080,Central,Chhattisgarh,Corporate,Electronics,Laptop,Online,Debit Card,5,731.4,0.15,3657.0,548.55,3108.45,2447.6,660.85,0.2126,157.92,6,5.0
ORD03444,2024-04-16,CUST0544,South,Tamil Nadu,Corporate,Furniture,Office Chair,Store,UPI,10,646.83,0.05,6468.3,323.42,6144.88,4689.51,1455.38,0.2368,149.64,7,4.6
ORD03445,2024-07-14,CUST0516,West,Goa,Corporate,Furniture,Sofa,Online,Debit Card,4,815.47,0.05,3261.88,163.09,3098.79,2181.52,917.27,0.296,281.29,9,3.5
ORD03446,2025-10-31,CUST0702,Central,Madhya Pradesh,Small Business,Office Supplies,Notebook,Store,UPI,3,350.9,0.05,1052.7,52.63,1000.06,768.4,231.66,0.2316,174.0,10,3.4
ORD03447,2025-09-29,CUST0846,Central,Chhattisgarh,Consumer,Office Supplies,Notebook,Online,Debit Card,9,457.48,0.0,4117.32,0.0,4117.32,2434.42,1682.9,0.4087,160.78,5,4.6
ORD03448,2023-03-19,CUST0126,South,Telangana,Consumer,Office Supplies,Pens,Online,Debit Card,10,164.95,0.0,1649.5,0.0,1649.5,994.04,655.46,0.3974,236.89,2,3.9
ORD03449,2022-03-16,CUST0508,North,Punjab,Corporate,Electronics,Monitor,Online,Cash,7,677.98,0.05,4745.86,237.29,4508.57,2733.97,1774.6,0.3936,186.07,4,3.1
ORD03450,2023-07-11,CUST0375,North,Delhi,Consumer,Office Supplies,Notebook,Store,Net Banking,7,923.36,0.0,6463.52,0.0,6463.52,4909.2,1554.32,0.2405,89.68,2,3.8
ORD03451,2025-03-24,CUST0989,East,Odisha,Corporate,Electronics,Monitor,Partner,UPI,6,1396.38,0.15,8378.28,1256.74,7121.54,5630.01,1491.53,0.2094,299.69,1,3.9
ORD03452,2025-12-24,CUST0534,West,Goa,Consumer,Home Appliances,Coffee Maker,Online,Credit Card,9,1112.52,0.05,10012.68,500.63,9512.05,6677.13,2834.91,0.298,98.62,2,4.5
ORD03453,2022-12-29,CUST0151,West,Rajasthan,Consumer,Clothing,Shoes,Online,,3,1088.75,0.0,3266.25,0.0,3266.25,2641.26,624.99,0.1913,211.28,7,4.1
ORD03454,2023-03-24,CUST0218,South,Telangana,Consumer,Home Appliances,Coffee Maker,Online,Cash,1,472.38,0.05,472.38,23.62,448.76,335.03,113.73,0.2534,157.13,2,3.5
ORD03455,2025-06-11,CUST0282,North,Uttar Pradesh,Corporate,Electronics,Tablet,Store,Credit Card,7,1334.12,0.2,9338.84,1867.77,7471.07,5246.15,2224.93,0.2978,54.11,4,4.3
ORD03456,2022-09-19,CUST0305,South,Telangana,Corporate,Electronics,Laptop,Online,Net Banking,9,1421.23,0.1,12791.07,1279.11,11511.96,8232.54,3279.42,0.2849,288.51,5,4.1
ORD03457,2022-05-05,CUST0684,South,Tamil Nadu,Consumer,Clothing,T-Shirt,Online,Debit Card,6,1399.41,0.25,8396.46,2099.12,6297.35,4907.99,1389.36,0.2206,114.0,3,2.3
ORD03458,2024-06-29,CUST0751,North,Punjab,Consumer,Furniture,Cabinet,Store,Cash,10,72.62,0.1,726.2,72.62,653.58,375.38,278.2,0.4257,203.96,4,4.3
ORD03459,2022-09-02,CUST0662,West,Rajasthan,Consumer,Furniture,Cabinet,Online,Debit Card,2,912.46,0.25,1824.92,456.23,1368.69,814.87,553.82,0.4046,226.56,10,3.4
ORD03460,2023-06-26,CUST0620,East,West Bengal,Corporate,Furniture,Desk,Online,Debit Card,8,970.19,0.05,7761.52,388.08,7373.44,4585.54,2787.9,0.3781,130.52,3,3.8
ORD03461,2023-04-30,CUST0195,West,Goa,Consumer,Office Supplies,Printer Paper,Online,UPI,9,453.17,0.05,4078.53,203.93,3874.6,3067.1,807.51,0.2084,93.01,8,3.7
ORD03462,2022-05-02,CUST0426,South,Telangana,Corporate,Furniture,Sofa,Store,Cash,10,1488.73,0.15,14887.3,2233.09,12654.2,10188.35,2465.86,0.1949,36.49,10,2.6
ORD03463,2022-05-05,CUST0564,South,Tamil Nadu,Consumer,Office Supplies,File Folder,Partner,Cash,8,447.41,0.25,3579.28,894.82,2684.46,1734.61,949.85,0.3538,286.44,8,4.2
ORD03464,2022-06-19,CUST0913,East,Odisha,Consumer,Office Supplies,Pens,Store,UPI,9,336.67,0.15,3030.03,454.5,2575.53,2058.98,516.54,0.2006,182.98,3,3.1
ORD03465,2022-05-04,CUST0654,Central,Madhya Pradesh,Corporate,Furniture,Desk,Online,Net Banking,1,733.96,0.1,733.96,73.4,660.56,460.84,199.72,0.3024,220.6,9,3.8
ORD03466,2024-11-24,CUST0064,North,Punjab,Consumer,Furniture,Office Chair,Online,UPI,3,494.87,0.0,1484.61,0.0,1484.61,1006.24,478.37,0.3222,151.28,9,3.8
ORD03467,2025-01-15,CUST0173,West,Goa,Consumer,Clothing,Backpack,Online,Net Banking,3,1387.18,0.05,4161.54,208.08,3953.46,3063.33,890.14,0.2252,85.3,7,3.0
ORD03468,2023-10-08,CUST0704,South,Andhra Pradesh,Consumer,Clothing,Jacket,Store,Net Banking,9,668.51,0.0,6016.59,0.0,6016.59,4196.23,1820.36,0.3026,298.72,1,4.6
ORD03469,2024-02-25,CUST0670,Central,Chhattisgarh,Consumer,Office Supplies,Pens,Store,UPI,3,624.07,0.05,1872.21,93.61,1778.6,1196.48,582.12,0.3273,290.87,10,3.8
ORD03470,2022-07-20,CUST0397,West,Maharashtra,Consumer,Clothing,Jacket,Partner,UPI,10,944.41,0.05,9444.1,472.21,8971.9,4973.21,3998.68,0.4457,260.8,3,3.8
ORD03471,2023-01-04,CUST0666,South,Andhra Pradesh,Consumer,Office Supplies,Notebook,Online,UPI,1,135.46,0.05,135.46,6.77,128.69,71.23,57.46,0.4465,276.52,8,4.1
ORD03472,2024-03-07,CUST0744,West,Gujarat,Corporate,Electronics,Smartphone,Store,UPI,3,1138.75,0.15,3416.25,512.44,2903.81,2089.15,814.67,0.2806,181.01,6,3.8
ORD03473,2022-03-18,CUST0160,North,Punjab,Corporate,Office Supplies,Pens,Store,Net Banking,2,1156.07,0.0,2312.14,0.0,2312.14,1317.51,994.63,0.4302,122.98,9,3.4
ORD03474,2022-02-28,CUST0430,Central,Chhattisgarh,Corporate,Office Supplies,Printer Paper,Online,Debit Card,9,718.93,0.05,6470.37,323.52,6146.85,4603.84,1543.01,0.251,116.08,10,3.3
ORD03475,2023-03-07,CUST0994,South,Andhra Pradesh,Consumer,Clothing,Shoes,Store,Credit Card,1,1434.21,0.05,1434.21,71.71,1362.5,978.32,384.18,0.282,281.44,9,5.0
ORD03476,2023-09-30,CUST0051,East,Odisha,Corporate,Electronics,Laptop,Partner,UPI,2,875.32,0.05,1750.64,87.53,1663.11,1120.25,542.86,0.3264,288.48,1,4.0
ORD03477,2022-04-19,CUST0215,West,Gujarat,Corporate,Home Appliances,Blender,Partner,Credit Card,1,1047.43,0.05,1047.43,52.37,995.06,737.98,257.08,0.2584,143.34,6,3.5
ORD03478,2024-10-04,CUST0802,West,Maharashtra,Consumer,Home Appliances,Blender,Store,UPI,9,1387.65,0.05,12488.85,624.44,11864.41,9706.62,2157.79,0.1819,189.99,3,4.2
ORD03479,2025-07-25,CUST0620,South,Telangana,Corporate,Home Appliances,Vacuum Cleaner,Online,Cash,7,1004.52,0.2,7031.64,1406.33,5625.31,3468.1,2157.22,0.3835,245.48,5,4.5
ORD03480,2022-03-09,CUST0884,West,Gujarat,Small Business,Electronics,Monitor,Partner,UPI,1,656.26,0.1,656.26,65.63,590.63,413.68,176.95,0.2996,216.7,1,5.0
ORD03481,2024-12-28,CUST0716,South,Andhra Pradesh,Consumer,Furniture,Office Chair,Store,Net Banking,10,51.79,0.0,517.9,0.0,517.9,402.7,115.2,0.2224,263.51,7,4.0
ORD03482,2025-04-03,CUST0727,South,Tamil Nadu,Small Business,Electronics,Smartphone,Online,Credit Card,6,1096.52,0.1,6579.12,657.91,5921.21,3283.64,2637.57,0.4454,190.42,6,3.7
ORD03483,2022-11-01,CUST0540,West,Gujarat,Consumer,Clothing,Backpack,Online,Cash,5,1447.83,0.0,7239.15,0.0,7239.15,4379.3,2859.85,0.3951,183.09,10,2.6
ORD03484,2023-11-05,CUST0275,South,Karnataka,Consumer,Office Supplies,Pens,Online,UPI,10,713.3,0.05,7133.0,356.65,6776.35,4680.15,2096.2,0.3093,125.22,5,4.0
ORD03485,2022-12-31,CUST0688,South,Andhra Pradesh,Consumer,Office Supplies,Pens,Online,Credit Card,5,519.56,0.05,2597.8,129.89,2467.91,1725.33,742.58,0.3009,40.52,2,3.7
ORD03486,2024-03-31,CUST0866,West,Maharashtra,Corporate,Clothing,Shoes,Store,UPI,4,786.1,0.0,3144.4,0.0,3144.4,1802.72,1341.68,0.4267,35.55,8,4.1
ORD03487,2025-11-03,CUST0584,North,Delhi,Consumer,Clothing,T-Shirt,Online,Cash,3,1096.73,0.15,3290.19,493.53,2796.66,1845.81,950.85,0.34,62.49,5,4.0
ORD03488,2022-12-09,CUST0930,West,Gujarat,Small Business,Office Supplies,Printer Paper,Online,Credit Card,8,16.03,0.15,128.24,19.24,109.0,75.25,33.75,0.3097,36.18,2,4.7
ORD03489,2024-08-04,CUST0362,South,Telangana,Small Business,Furniture,Desk,Online,UPI,7,1332.51,0.05,9327.57,466.38,8861.19,5885.63,2975.56,0.3358,169.84,4,4.1
ORD03490,2024-06-17,CUST0400,North,Uttar Pradesh,Corporate,Furniture,Desk,Online,Cash,5,1331.25,0.15,6656.25,998.44,5657.81,4182.03,1475.78,0.2608,133.0,10,4.1
ORD03491,2025-10-09,CUST0583,North,Delhi,Consumer,Furniture,Bookshelf,Online,Credit Card,9,818.83,0.05,7369.47,368.47,7001.0,5308.63,1692.36,0.2417,27.36,8,4.1
ORD03492,2025-12-10,CUST0795,West,Goa,Small Business,Clothing,T-Shirt,Online,UPI,7,196.73,0.0,1377.11,0.0,1377.11,928.54,448.57,0.3257,26.13,8,3.8
ORD03493,2025-02-06,CUST0563,West,Gujarat,Small Business,Office Supplies,Printer Paper,Online,UPI,10,1012.63,0.05,10126.3,506.32,9619.98,6396.6,3223.39,0.3351,166.44,3,4.8
ORD03494,2024-02-01,CUST0084,North,Delhi,Consumer,Office Supplies,File Folder,Store,Debit Card,2,219.7,0.1,439.4,43.94,395.46,292.82,102.64,0.2596,173.75,10,4.2
ORD03495,2022-12-07,CUST0566,North,Delhi,Corporate,Office Supplies,Stapler,Online,UPI,7,768.71,0.0,5380.97,0.0,5380.97,3766.31,1614.66,0.3001,30.44,8,4.5
ORD03496,2024-07-30,CUST0635,Central,Chhattisgarh,Corporate,Electronics,Headphones,Store,Credit Card,7,154.04,0.15,1078.28,161.74,916.54,719.5,197.04,0.215,207.6,10,3.9
ORD03497,2023-01-18,CUST0227,North,Delhi,Corporate,Electronics,Smartphone,Online,Net Banking,4,889.76,0.15,3559.04,533.86,3025.18,2056.85,968.33,0.3201,55.24,9,
ORD03498,2024-09-30,CUST0017,Central,Madhya Pradesh,Consumer,Home Appliances,Vacuum Cleaner,Online,Credit Card,8,487.33,0.2,3898.64,779.73,3118.91,2199.05,919.87,0.2949,158.46,2,3.4
ORD03499,2022-10-27,CUST0220,South,Andhra Pradesh,Consumer,Electronics,Headphones,Online,Debit Card,4,1249.02,0.0,4996.08,0.0,4996.08,2921.59,2074.49,0.4152,64.47,6,4.9
ORD03500,2022-05-19,CUST0584,West,Maharashtra,Consumer,Furniture,Sofa,Online,UPI,7,1202.92,0.0,8420.44,0.0,8420.44,6531.9,1888.54,0.2243,30.94,3,5.0
ORD03501,2022-12-25,CUST0452,South,Tamil Nadu,Consumer,Furniture,Sofa,Online,Debit Card,4,1497.73,0.0,5990.92,0.0,5990.92,3978.08,2012.84,0.336,79.46,5,3.5
ORD03502,2024-04-15,CUST0993,Central,Chhattisgarh,Corporate,Furniture,Sofa,Online,Debit Card,8,397.39,0.2,3179.12,635.82,2543.3,1892.59,650.71,0.2559,149.96,4,3.3
ORD03503,2025-11-09,CUST0626,West,Gujarat,Small Business,Furniture,Desk,Online,Net Banking,3,106.77,0.15,320.31,48.05,272.26,181.32,90.95,0.334,228.29,8,4.5
ORD03504,2025-07-27,CUST0470,South,Telangana,Small Business,Home Appliances,Microwave,Store,Cash,2,672.86,0.15,1345.72,201.86,1143.86,629.44,514.43,0.4497,94.36,7,3.7
ORD03505,2023-04-28,CUST0351,North,Uttar Pradesh,Corporate,Furniture,Office Chair,Online,Net Banking,10,138.85,0.1,1388.5,138.85,1249.65,822.41,427.24,0.3419,211.82,7,3.0
ORD03506,2024-06-27,CUST0641,West,Goa,Corporate,Clothing,Jacket,Partner,UPI,6,280.07,0.1,1680.42,168.04,1512.38,892.04,620.34,0.4102,261.55,1,3.3
ORD03507,2025-02-08,CUST0105,West,Maharashtra,Consumer,Clothing,Backpack,Store,Net Banking,7,901.99,0.05,6313.93,315.7,5998.23,3944.59,2053.64,0.3424,95.54,6,4.0
ORD03508,2024-05-15,CUST0270,North,Haryana,Corporate,Clothing,T-Shirt,Store,Cash,7,894.31,0.15,6260.17,939.03,5321.14,3388.31,1932.84,0.3632,166.22,2,5.0
ORD03509,2022-05-19,CUST0903,North,Uttar Pradesh,Consumer,Electronics,Tablet,Online,Debit Card,6,79.34,0.15,476.04,71.41,404.63,244.68,159.96,0.3953,134.64,8,5.0
ORD03510,2024-09-22,CUST0064,West,Gujarat,Consumer,Office Supplies,Notebook,Store,Debit Card,8,672.71,0.05,5381.68,269.08,5112.6,2982.78,2129.81,0.4166,27.69,6,3.6
ORD03511,2023-03-11,CUST0968,South,Karnataka,Corporate,Home Appliances,Microwave,Online,Credit Card,6,802.37,0.05,4814.22,240.71,4573.51,3415.09,1158.42,0.2533,129.72,9,3.2
ORD03512,2023-05-24,CUST0904,West,Rajasthan,Consumer,Clothing,Jacket,Online,UPI,6,413.02,0.15,2478.12,371.72,2106.4,1587.83,518.57,0.2462,125.62,10,3.7
ORD03513,2022-09-30,CUST0950,East,Odisha,Consumer,Clothing,Shoes,Online,Cash,3,1309.98,0.0,3929.94,0.0,3929.94,2442.65,1487.29,0.3785,194.13,1,3.9
ORD03514,2025-01-27,CUST0152,Central,Madhya Pradesh,Small Business,Furniture,Bookshelf,Partner,UPI,2,254.23,0.2,508.46,101.69,406.77,278.11,128.66,0.3163,262.6,8,4.1
ORD03515,2022-04-14,CUST0439,Central,Chhattisgarh,Consumer,Clothing,T-Shirt,Online,UPI,7,392.04,0.1,2744.28,274.43,2469.85,1667.89,801.96,0.3247,208.12,2,3.6
ORD03516,2025-05-22,CUST0897,Central,Chhattisgarh,Consumer,Furniture,Sofa,Partner,Credit Card,6,248.14,0.1,1488.84,148.88,1339.96,865.5,474.46,0.3541,119.51,7,3.6
ORD03517,2024-02-01,CUST0739,North,Delhi,Consumer,Furniture,Sofa,Online,Credit Card,1,188.07,0.15,188.07,28.21,159.86,99.91,59.95,0.375,145.68,3,4.4
ORD03518,2024-02-26,CUST0489,Central,Madhya Pradesh,Consumer,Office Supplies,Stapler,Partner,UPI,2,1320.28,0.1,2640.56,264.06,2376.5,1426.45,950.06,0.3998,268.4,7,3.8
ORD03519,2022-06-14,CUST0200,South,Telangana,Consumer,Electronics,Tablet,Partner,Cash,2,427.62,0.05,855.24,42.76,812.48,638.35,174.13,0.2143,198.92,1,3.8
ORD03520,2024-09-25,CUST0581,East,Odisha,Corporate,Furniture,Office Chair,Partner,Debit Card,1,1087.95,,1087.95,217.59,870.36,674.52,195.84,0.225,129.16,10,4.2
ORD03521,2023-06-04,CUST0032,East,Odisha,Consumer,Furniture,Desk,Online,Net Banking,3,650.55,0.25,1951.65,487.91,1463.74,969.93,493.81,0.3374,188.05,9,4.5
ORD03522,2025-07-31,CUST0001,North,Delhi,Small Business,Office Supplies,Pens,Partner,Credit Card,5,959.27,0.1,4796.35,479.64,4316.72,3214.76,1101.95,0.2553,200.41,6,4.1
ORD03523,2023-06-01,CUST0706,Central,Chhattisgarh,Consumer,Furniture,Cabinet,Partner,UPI,4,1393.34,0.1,5573.36,557.34,5016.02,3433.72,1582.31,0.3155,155.04,7,4.4
ORD03524,2023-10-19,CUST0938,North,Uttar Pradesh,Consumer,Home Appliances,Vacuum Cleaner,Online,UPI,2,1269.24,0.1,2538.48,253.85,2284.63,1309.22,975.42,0.4269,262.31,9,4.9
ORD03525,2023-09-05,CUST0975,West,Gujarat,Corporate,Electronics,Smartphone,Online,Net Banking,8,117.44,0.1,939.52,93.95,845.57,652.82,192.75,0.228,247.56,10,3.8
ORD03526,2022-06-13,CUST0746,West,Rajasthan,Corporate,Home Appliances,Air Cooler,Store,Credit Card,9,1270.13,0.2,11431.17,2286.23,9144.94,5571.13,3573.81,0.3908,166.84,1,4.4
ORD03527,2022-03-05,CUST0905,West,Rajasthan,Corporate,Clothing,Jeans,Online,Credit Card,8,685.96,0.05,5487.68,274.38,5213.3,3862.22,1351.07,0.2592,288.34,8,3.5
ORD03528,2025-01-19,CUST0716,North,Punjab,Small Business,Electronics,Monitor,Store,Credit Card,7,534.97,0.0,3744.79,0.0,3744.79,2592.88,1151.91,0.3076,286.9,7,4.0
ORD03529,2025-02-14,CUST0586,South,Telangana,Consumer,Clothing,Jeans,Online,Cash,10,1013.5,0.2,10135.0,2027.0,8108.0,5971.1,2136.9,0.2636,290.5,2,3.7
ORD03530,2022-09-24,CUST0152,West,Goa,Consumer,Furniture,Office Chair,Online,Credit Card,2,1426.06,0.05,2852.12,142.61,2709.51,1834.95,874.56,0.3228,81.74,1,4.1
ORD03531,2025-03-09,CUST0361,South,Karnataka,Small Business,Office Supplies,Printer Paper,Online,Credit Card,6,154.79,0.15,928.74,139.31,789.43,583.93,205.5,0.2603,48.94,10,4.6
ORD03532,2022-09-03,CUST0370,East,Odisha,Consumer,Home Appliances,Microwave,Online,UPI,4,1155.59,0.05,4622.36,231.12,4391.24,2454.09,1937.16,0.4411,193.35,1,3.5
ORD03533,2023-01-30,CUST0659,South,Tamil Nadu,Consumer,Clothing,Jeans,Online,UPI,5,317.21,0.25,1586.05,396.51,1189.54,667.37,522.17,0.439,223.72,4,4.7
ORD03534,2023-04-21,CUST0563,East,Bihar,Consumer,Furniture,Office Chair,Store,Net Banking,9,579.5,0.15,5215.5,782.32,4433.18,3511.13,922.05,0.208,105.96,5,3.9
ORD03535,2024-09-03,CUST0849,Central,Chhattisgarh,Corporate,Home Appliances,Microwave,Online,Cash,9,1312.63,0.2,11813.67,2362.73,9450.94,7111.05,2339.89,0.2476,170.55,7,4.0
ORD03536,2025-04-22,CUST0258,East,Jharkhand,Consumer,Home Appliances,Blender,Store,UPI,4,825.51,0.25,3302.04,825.51,2476.53,1916.06,560.47,0.2263,201.4,8,3.6
ORD03537,2024-11-09,CUST0522,East,Jharkhand,Consumer,Clothing,Backpack,Store,Cash,8,115.17,0.0,921.36,0.0,921.36,620.33,301.03,0.3267,149.74,2,3.1
ORD03538,2023-07-12,CUST0965,South,Tamil Nadu,Consumer,Furniture,Sofa,Online,UPI,5,769.45,0.1,3847.25,384.72,3462.52,2334.1,1128.42,0.3259,171.58,9,3.6
ORD03539,2024-10-14,CUST0103,East,Bihar,Corporate,Office Supplies,Stapler,Online,Debit Card,9,1187.62,0.1,10688.58,1068.86,9619.72,6677.83,2941.89,0.3058,41.05,7,4.4
ORD03540,2024-06-01,CUST0646,North,Punjab,Consumer,Clothing,Shoes,Online,Cash,2,800.39,0.15,1600.78,240.12,1360.66,837.88,522.78,0.3842,298.35,6,3.4
ORD03541,2022-05-27,CUST0190,South,Andhra Pradesh,Consumer,Home Appliances,Microwave,Online,UPI,4,262.83,0.05,1051.32,52.57,998.75,747.11,251.64,0.252,126.03,8,4.3
ORD03542,2023-10-28,CUST0578,South,Tamil Nadu,Corporate,Home Appliances,Air Cooler,Online,Debit Card,3,675.89,0.2,2027.67,405.53,1622.14,1255.46,366.68,0.226,77.47,2,3.3
ORD03543,2025-08-20,CUST0264,West,Rajasthan,Small Business,Electronics,Laptop,Online,UPI,7,1387.65,0.05,9713.55,485.68,9227.87,7335.7,1892.17,0.205,154.4,1,3.2
ORD03544,2023-09-12,CUST0836,East,Odisha,Corporate,Furniture,Cabinet,Partner,Debit Card,2,992.43,0.2,1984.86,396.97,1587.89,1095.01,492.88,0.3104,108.89,5,3.6
ORD03545,2024-03-30,CUST0187,South,Telangana,Corporate,Electronics,Smartphone,Online,Credit Card,3,1098.88,0.1,3296.64,329.66,2966.98,1963.95,1003.03,0.3381,129.63,9,3.6
ORD03546,2024-05-13,CUST0818,South,Tamil Nadu,Consumer,Office Supplies,Printer Paper,Store,UPI,9,1182.12,0.1,10639.08,1063.91,9575.17,7414.55,2160.62,0.2256,177.6,7,4.7
ORD03547,2023-08-05,CUST0863,South,Karnataka,Consumer,Clothing,T-Shirt,Partner,Net Banking,8,149.68,0.05,1197.44,59.87,1137.57,856.84,280.73,0.2468,97.96,7,4.6
ORD03548,2024-10-19,CUST0804,Central,Madhya Pradesh,Consumer,Home Appliances,Microwave,Partner,UPI,2,878.58,0.0,1757.16,0.0,1757.16,1377.9,379.26,0.2158,206.61,9,3.7
ORD03549,2023-11-26,CUST0648,East,Jharkhand,Small Business,Furniture,Cabinet,Partner,Credit Card,6,573.23,0.05,3439.38,171.97,3267.41,2375.56,891.85,0.273,140.89,5,4.6
ORD03550,2025-06-05,CUST0607,North,Uttar Pradesh,Consumer,Home Appliances,Air Cooler,Store,Cash,3,221.65,0.1,664.95,66.5,598.46,471.88,126.58,0.2115,43.56,5,4.1
ORD03551,2025-01-30,CUST0913,North,Punjab,Small Business,Electronics,Tablet,Online,Credit Card,6,316.02,0.1,1896.12,189.61,1706.51,979.61,726.9,0.426,268.34,7,3.3
ORD03552,2025-12-11,CUST0699,Central,Madhya Pradesh,Small Business,Electronics,Smartphone,Partner,Debit Card,5,1175.02,0.15,5875.1,881.26,4993.84,3662.89,1330.95,0.2665,153.67,6,3.8
ORD03553,2025-05-24,CUST0505,South,Andhra Pradesh,Consumer,Clothing,Jeans,Partner,Debit Card,10,254.81,0.05,2548.1,127.4,2420.69,1389.42,1031.28,0.426,278.42,10,3.6
ORD03554,2023-02-11,CUST0744,West,Maharashtra,Consumer,Furniture,Sofa,Online,Credit Card,4,478.94,0.1,1915.76,191.58,1724.18,1296.94,427.24,0.2478,126.58,6,4.4
ORD03555,2023-02-03,CUST0846,North,Haryana,Consumer,Furniture,Desk,Online,Debit Card,7,438.04,0.2,3066.28,613.26,2453.02,1765.39,687.63,0.2803,171.94,8,3.4
ORD03556,2023-12-16,CUST0904,Central,Chhattisgarh,Consumer,Clothing,T-Shirt,Online,UPI,10,87.22,0.15,872.2,130.83,741.37,410.95,330.42,0.4457,264.6,4,3.8
ORD03557,2023-12-05,CUST0378,Central,Chhattisgarh,Consumer,Electronics,Smartphone,Online,Net Banking,7,701.31,0.0,4909.17,0.0,4909.17,3494.35,1414.82,0.2882,149.42,2,4.2
ORD03558,2024-01-31,CUST0345,East,Jharkhand,Small Business,Electronics,Monitor,Online,Cash,4,1152.41,0.15,4609.64,691.45,3918.19,2309.76,1608.44,0.4105,197.28,3,3.9
ORD03559,2023-05-14,CUST0206,North,Uttar Pradesh,Consumer,Electronics,Headphones,Store,Net Banking,3,47.9,0.25,143.7,35.92,107.78,63.42,44.35,0.4115,89.18,10,4.5
ORD03560,2024-08-31,CUST0983,South,Karnataka,Consumer,Home Appliances,Air Cooler,Store,UPI,4,182.14,0.2,728.56,145.71,582.85,344.24,238.6,0.4094,86.67,4,4.1
ORD03561,2022-03-23,CUST0811,South,Telangana,Consumer,Office Supplies,Stapler,Online,UPI,2,1084.48,0.15,2168.96,325.34,1843.62,1254.82,588.79,0.3194,171.94,5,3.3
ORD03562,2023-08-27,CUST0233,East,West Bengal,Small Business,Electronics,Monitor,Online,Net Banking,4,896.47,0.1,3585.88,358.59,3227.29,1875.67,1351.62,0.4188,191.69,2,4.3
ORD03563,2024-02-11,CUST0063,South,Karnataka,Corporate,Office Supplies,File Folder,Store,UPI,4,1077.14,0.05,4308.56,215.43,4093.13,2390.09,1703.04,0.4161,203.62,8,4.8
ORD03564,2024-06-21,CUST0849,North,Delhi,Small Business,Office Supplies,Notebook,Online,Net Banking,5,356.7,0.15,1783.5,267.52,1515.98,938.64,577.34,0.3808,235.22,5,4.0
ORD03565,2022-12-31,CUST0369,East,Jharkhand,Small Business,Furniture,Sofa,Online,UPI,1,1208.6,0.15,1208.6,181.29,1027.31,565.26,462.05,0.4498,278.32,7,4.2
ORD03566,2022-06-12,CUST0780,East,Bihar,Consumer,Clothing,Jeans,Store,Debit Card,2,727.61,0.05,1455.22,72.76,1382.46,863.29,519.16,0.3755,87.24,9,3.4
ORD03567,2024-12-07,CUST0340,South,Tamil Nadu,Consumer,Home Appliances,Microwave,Online,UPI,8,921.3,0.05,7370.4,368.52,7001.88,5020.14,1981.74,0.283,193.45,7,3.5
ORD03568,2023-05-26,CUST0866,North,Haryana,Consumer,Office Supplies,Printer Paper,Online,UPI,8,151.85,0.05,1214.8,60.74,1154.06,822.18,331.88,0.2876,144.08,4,5.0
ORD03569,2025-09-14,CUST0568,Central,Madhya Pradesh,Consumer,Home Appliances,Microwave,Online,UPI,8,319.47,0.1,2555.76,255.58,2300.18,1867.23,432.95,0.1882,44.98,3,4.7
ORD03570,2022-04-26,CUST0561,East,West Bengal,Corporate,Furniture,Office Chair,Store,Debit Card,5,1163.44,0.05,5817.2,290.86,5526.34,3217.99,2308.35,0.4177,147.0,8,
ORD03571,2024-07-29,CUST0948,West,Gujarat,Consumer,Electronics,Smartphone,Store,UPI,8,347.5,0.1,2780.0,278.0,2502.0,1960.83,541.17,0.2163,241.39,9,4.0
ORD03572,2022-12-03,CUST0907,East,Bihar,Consumer,Office Supplies,Printer Paper,Online,Cash,9,152.41,0.2,1371.69,274.34,1097.35,719.45,377.9,0.3444,42.15,5,4.4
ORD03573,2024-05-30,CUST0539,North,Delhi,Corporate,Clothing,T-Shirt,Online,Cash,4,901.85,0.05,3607.4,180.37,3427.03,2242.99,1184.04,0.3455,189.74,6,3.4
ORD03574,2024-01-07,CUST0958,South,Karnataka,Corporate,Furniture,Sofa,Store,Credit Card,4,828.69,0.25,3314.76,828.69,2486.07,1601.47,884.6,0.3558,134.82,10,4.7
ORD03575,2024-04-19,CUST0905,South,Telangana,Corporate,Home Appliances,Blender,Partner,Credit Card,7,917.72,0.1,6424.04,642.4,5781.64,3374.62,2407.02,0.4163,203.14,10,4.5
ORD03576,2022-05-27,CUST0082,West,Goa,Consumer,Electronics,Monitor,Store,UPI,5,933.18,0.0,4665.9,0.0,4665.9,3169.06,1496.84,0.3208,249.98,6,3.8
ORD03577,2025-09-08,CUST0742,West,Maharashtra,Small Business,Home Appliances,Vacuum Cleaner,Store,Debit Card,10,757.79,0.0,7577.9,0.0,7577.9,5778.85,1799.05,0.2374,171.66,3,4.0
ORD03578,2023-03-19,CUST0548,South,Karnataka,Consumer,Clothing,T-Shirt,Online,Credit Card,1,748.25,0.05,748.25,37.41,710.84,558.98,151.86,0.2136,105.11,4,3.9
ORD03579,2024-04-16,CUST0942,Central,Madhya Pradesh,Consumer,Office Supplies,File Folder,Store,Debit Card,8,1387.39,0.05,11099.12,554.96,10544.16,8540.48,2003.69,0.19,45.24,9,3.7
ORD03580,2024-11-02,CUST0732,South,Karnataka,Corporate,Clothing,T-Shirt,Partner,Net Banking,4,807.81,0.15,3231.24,484.69,2746.55,2092.95,653.6,0.238,100.84,6,3.8
ORD03581,2024-07-31,CUST0468,Central,Madhya Pradesh,Small Business,Home Appliances,Microwave,Store,Net Banking,8,931.69,0.15,7453.52,1118.03,6335.49,4550.37,1785.12,0.2818,122.1,5,4.4
ORD03582,2022-10-14,CUST0374,Central,Chhattisgarh,Consumer,Home Appliances,Air Cooler,Partner,UPI,2,411.45,0.2,822.9,164.58,658.32,450.51,207.81,0.3157,199.56,9,4.2
ORD03583,2023-12-21,CUST0234,North,Haryana,Consumer,Clothing,Shoes,Online,UPI,4,1308.57,0.1,5234.28,523.43,4710.85,3703.78,1007.08,0.2138,128.74,8,
ORD03584,2025-02-11,CUST0157,South,Telangana,Consumer,Clothing,Backpack,Partner,UPI,2,51.19,0.1,102.38,10.24,92.14,69.08,23.07,0.2503,132.76,9,4.5
ORD03585,2023-04-25,CUST0964,East,Jharkhand,Consumer,Clothing,Backpack,Store,Credit Card,5,842.48,0.05,4212.4,210.62,4001.78,2375.22,1626.56,0.4065,101.34,9,4.7
ORD03586,2022-01-22,CUST0079,West,Maharashtra,Small Business,Electronics,Tablet,Partner,UPI,10,585.02,0.1,5850.2,585.02,5265.18,3866.16,1399.02,0.2657,121.61,4,3.5
ORD03587,2025-10-04,CUST0297,East,West Bengal,Consumer,Home Appliances,Coffee Maker,Online,Credit Card,10,911.8,0.1,9118.0,911.8,8206.2,5468.45,2737.75,0.3336,94.49,8,5.0
ORD03588,2023-11-14,CUST0236,Central,Chhattisgarh,Corporate,Furniture,Cabinet,Store,UPI,8,549.86,0.05,4398.88,219.94,4178.94,2970.66,1208.27,0.2891,225.56,10,4.6
ORD03589,2024-06-24,CUST0540,West,Rajasthan,Corporate,Electronics,Laptop,Store,Debit Card,7,1080.77,0.2,7565.39,1513.08,6052.31,4796.79,1255.52,0.2074,295.23,9,4.8
ORD03590,2022-11-16,CUST0192,South,Tamil Nadu,Corporate,Electronics,Laptop,Online,UPI,5,45.19,0.1,225.95,22.6,203.36,147.68,55.68,0.2738,225.7,5,5.0
ORD03591,2022-05-06,CUST1000,North,Punjab,Consumer,Electronics,Monitor,Store,UPI,7,617.75,0.15,4324.25,648.64,3675.61,2953.19,722.42,0.1965,40.62,4,4.5
ORD03592,2022-10-04,CUST0664,West,Gujarat,Consumer,Furniture,Bookshelf,Store,Debit Card,5,1249.43,0.1,6247.15,624.72,5622.44,4407.54,1214.9,0.2161,197.16,10,3.0
ORD03593,2025-05-12,CUST0613,North,Haryana,Consumer,Clothing,Jeans,Online,Credit Card,7,386.55,0.05,2705.85,135.29,2570.56,1503.27,1067.29,0.4152,216.81,1,3.5
ORD03594,2022-07-13,CUST0912,West,Goa,Consumer,Home Appliances,Microwave,Online,Debit Card,4,93.34,0.15,373.36,56.0,317.36,175.54,141.81,0.4469,237.91,3,3.2
ORD03595,2023-11-27,CUST0790,South,Telangana,Consumer,Office Supplies,File Folder,Store,UPI,4,752.34,0.05,3009.36,150.47,2858.89,1869.12,989.77,0.3462,233.55,10,4.9
ORD03596,2025-08-02,CUST0047,South,Telangana,Small Business,Office Supplies,Printer Paper,Online,Credit Card,10,1465.15,0.1,14651.5,1465.15,13186.35,10333.34,2853.01,0.2164,162.35,2,4.8
ORD03597,2022-02-26,CUST0529,North,Haryana,Consumer,Home Appliances,Air Cooler,Online,Credit Card,4,110.28,0.1,441.12,44.11,397.01,243.02,153.99,0.3879,93.48,7,5.0
ORD03598,2025-08-19,CUST0897,West,Rajasthan,Corporate,Furniture,Office Chair,Online,UPI,8,119.03,0.0,952.24,0.0,952.24,701.49,250.75,0.2633,53.77,4,4.5
ORD03599,2025-04-01,CUST0415,North,Delhi,Consumer,Office Supplies,Pens,Online,Net Banking,1,898.75,0.1,898.75,89.88,808.88,548.84,260.04,0.3215,22.34,9,5.0
ORD03600,2022-01-19,CUST0345,West,Maharashtra,Corporate,Electronics,Laptop,Online,Debit Card,10,386.35,0.05,3863.5,193.18,3670.32,2758.03,912.29,0.2486,20.42,9,3.0
ORD03601,2025-10-25,CUST0524,East,Odisha,Small Business,Office Supplies,Notebook,Online,UPI,5,624.19,0.0,3120.95,0.0,3120.95,1855.54,1265.41,0.4055,282.14,2,4.0
ORD03602,2022-09-21,CUST0276,West,Goa,Consumer,Home Appliances,Microwave,Store,Cash,10,1248.3,0.15,12483.0,1872.45,10610.55,6520.76,4089.79,0.3854,190.23,3,3.4
ORD03603,2024-03-04,CUST0403,East,Odisha,Small Business,Electronics,Laptop,Store,Cash,2,310.29,0.1,620.58,62.06,558.52,343.76,214.76,0.3845,180.77,8,3.0
ORD03604,2022-04-23,CUST0261,North,Delhi,Corporate,Office Supplies,Stapler,Store,Debit Card,10,1083.16,0.05,10831.6,541.58,10290.02,7183.32,3106.7,0.3019,125.46,10,5.0
ORD03605,2025-09-12,CUST0254,West,Goa,Small Business,Home Appliances,Vacuum Cleaner,Online,Net Banking,4,764.16,0.1,3056.64,305.66,2750.98,1728.16,1022.82,0.3718,243.59,3,3.3
ORD03606,2023-06-26,CUST0015,North,Uttar Pradesh,Corporate,Furniture,Office Chair,Online,UPI,5,1358.86,0.15,6794.3,1019.14,5775.16,4442.05,1333.11,0.2308,81.65,4,3.9
ORD03607,2023-10-09,CUST0537,East,Jharkhand,Consumer,Home Appliances,Air Cooler,Online,Cash,8,1459.85,0.0,11678.8,0.0,11678.8,7516.88,4161.92,0.3564,226.66,3,4.3
ORD03608,2023-08-02,CUST0163,North,Punjab,Consumer,Furniture,Desk,Store,UPI,2,735.17,0.1,1470.34,147.03,1323.31,963.94,359.37,0.2716,121.58,2,3.5
ORD03609,2024-12-24,CUST0108,West,Goa,Consumer,Electronics,Laptop,Store,Net Banking,2,883.2,0.1,1766.4,176.64,1589.76,1281.5,308.26,0.1939,218.17,1,2.9
ORD03610,2025-08-08,CUST0823,Central,Madhya Pradesh,Consumer,Home Appliances,Air Cooler,Partner,Net Banking,2,1122.58,0.2,2245.16,449.03,1796.13,1282.2,513.93,0.2861,217.79,3,4.1
ORD03611,2022-01-25,CUST0063,East,Jharkhand,Small Business,Clothing,Backpack,Online,UPI,8,488.23,0.1,3905.84,390.58,3515.26,2163.22,1352.03,0.3846,108.29,9,3.7
ORD03612,2022-01-01,CUST0243,East,Jharkhand,Corporate,Clothing,Jeans,Store,Net Banking,3,351.71,0.0,1055.13,0.0,1055.13,816.91,238.22,0.2258,281.59,8,5.0
ORD03613,2024-06-29,CUST0303,West,Rajasthan,Consumer,Clothing,Jacket,Online,Debit Card,5,1447.56,0.05,7237.8,361.89,6875.91,3805.04,3070.87,0.4466,162.15,9,4.2
ORD03614,2022-05-21,CUST0963,North,Delhi,Small Business,Clothing,T-Shirt,Store,Credit Card,2,657.43,0.1,1314.86,131.49,1183.37,732.82,450.55,0.3807,92.17,10,4.4
ORD03615,2023-10-10,CUST0116,Central,Madhya Pradesh,Corporate,Clothing,T-Shirt,Online,Debit Card,6,17.36,0.0,104.16,0.0,104.16,68.19,35.97,0.3454,208.66,5,2.2
ORD03616,2022-07-07,CUST0978,North,Uttar Pradesh,Consumer,Furniture,Sofa,Online,Cash,10,1259.01,0.2,12590.1,2518.02,10072.08,6072.6,3999.48,0.3971,230.24,5,4.3
ORD03617,2025-02-25,CUST0320,Central,Madhya Pradesh,Consumer,Home Appliances,Vacuum Cleaner,Online,UPI,6,905.5,0.0,5433.0,0.0,5433.0,3874.19,1558.81,0.2869,286.19,8,3.9
ORD03618,2022-07-20,CUST0022,West,Goa,Consumer,Electronics,Tablet,Store,UPI,2,265.31,0.0,530.62,0.0,530.62,371.78,158.84,0.2993,40.52,5,4.9
ORD03619,2025-02-24,CUST0464,West,Gujarat,Small Business,Clothing,Jeans,Online,UPI,4,59.76,0.0,239.04,0.0,239.04,157.71,81.33,0.3402,171.18,4,3.6
ORD03620,2022-09-14,CUST0463,West,Goa,Small Business,Clothing,Jacket,Online,Credit Card,2,447.85,0.15,895.7,134.35,761.34,479.25,282.09,0.3705,157.31,9,4.3
ORD03621,2023-07-01,CUST0965,East,Odisha,Consumer,Electronics,Laptop,Online,Debit Card,10,1392.91,0.1,13929.1,1392.91,12536.19,8363.58,4172.61,0.3328,106.87,1,3.4
ORD03622,2022-07-13,CUST0490,East,Odisha,Consumer,Electronics,Headphones,Partner,UPI,4,1401.23,0.0,5604.92,0.0,5604.92,3523.39,2081.53,0.3714,234.99,6,3.1
ORD03623,2023-12-04,CUST0618,North,Uttar Pradesh,Corporate,Clothing,Backpack,Online,,7,476.84,0.2,3337.88,667.58,2670.3,1628.19,1042.11,0.3903,74.39,7,3.7
ORD03624,2025-02-01,CUST0845,West,Gujarat,Small Business,Furniture,Sofa,Partner,Credit Card,5,1256.36,0.05,6281.8,314.09,5967.71,3848.24,2119.47,0.3552,111.77,6,3.8
ORD03625,2025-07-12,CUST0988,West,Goa,Corporate,Electronics,Smartphone,Partner,Debit Card,10,671.14,0.05,6711.4,335.57,6375.83,4543.61,1832.22,0.2874,234.52,10,3.4
ORD03626,2024-03-12,CUST0842,Central,Madhya Pradesh,Corporate,Home Appliances,Vacuum Cleaner,Partner,Credit Card,4,986.7,0.0,3946.8,0.0,3946.8,2861.69,1085.11,0.2749,153.64,8,3.8
ORD03627,2024-07-30,CUST0336,East,Bihar,Consumer,Home Appliances,Air Cooler,Partner,Credit Card,10,511.65,0.2,5116.5,1023.3,4093.2,2579.88,1513.32,0.3697,58.11,8,4.2
ORD03628,2025-11-08,CUST0383,North,Uttar Pradesh,Consumer,Furniture,Sofa,Partner,Debit Card,10,781.22,0.15,7812.2,1171.83,6640.37,5350.79,1289.58,0.1942,270.39,5,4.5
ORD03629,2025-07-07,CUST0130,South,Andhra Pradesh,Consumer,Office Supplies,Notebook,Online,UPI,3,451.26,0.15,1353.78,203.07,1150.71,714.28,436.43,0.3793,224.63,4,
ORD03630,2023-02-18,CUST0126,West,Maharashtra,Small Business,Furniture,Sofa,Online,Credit Card,6,105.75,0.0,634.5,0.0,634.5,470.97,163.53,0.2577,177.57,7,4.0
ORD03631,2025-10-13,CUST0370,South,Andhra Pradesh,Consumer,Clothing,Backpack,Store,Credit Card,2,221.98,0.1,443.96,44.4,399.56,228.55,171.01,0.428,190.61,9,2.8
ORD03632,2025-01-03,CUST0740,South,Andhra Pradesh,Small Business,Office Supplies,Pens,Online,Net Banking,4,446.65,0.1,1786.6,178.66,1607.94,1173.01,434.93,0.2705,195.28,2,4.9
ORD03633,2025-10-10,CUST0371,West,Rajasthan,Consumer,Clothing,Jeans,Online,Cash,8,1464.74,0.05,11717.92,585.9,11132.02,7505.06,3626.97,0.3258,159.8,7,4.7
ORD03634,2024-06-28,CUST0409,East,Odisha,Small Business,Home Appliances,Air Cooler,Store,Debit Card,2,1449.02,0.05,2898.04,144.9,2753.14,1937.27,815.87,0.2963,228.53,6,3.9
ORD03635,2022-07-07,CUST0829,East,Bihar,Consumer,Electronics,Tablet,Store,UPI,9,1244.08,0.2,11196.72,2239.34,8957.38,5371.73,3585.64,0.4003,220.29,3,3.5
ORD03636,2025-08-06,CUST0261,South,Andhra Pradesh,Consumer,Clothing,Jeans,Partner,Debit Card,2,360.27,0.0,720.54,0.0,720.54,480.65,239.89,0.3329,20.78,2,3.9
ORD03637,2022-02-14,CUST0028,West,Rajasthan,Corporate,Home Appliances,Coffee Maker,Store,Cash,8,670.78,0.1,5366.24,536.62,4829.62,3655.51,1174.1,0.2431,50.95,1,3.2
ORD03638,2022-03-24,CUST0849,South,Andhra Pradesh,Consumer,Furniture,Sofa,Store,UPI,8,668.08,0.05,5344.64,267.23,5077.41,3844.17,1233.24,0.2429,27.09,2,5.0
ORD03639,2025-02-20,CUST0450,West,Rajasthan,Small Business,Clothing,Shoes,Online,Net Banking,7,589.66,0.15,4127.62,619.14,3508.48,2154.7,1353.78,0.3859,67.29,5,3.4
ORD03640,2022-12-24,CUST0527,North,Uttar Pradesh,Corporate,Home Appliances,Vacuum Cleaner,Online,Credit Card,10,81.65,0.0,816.5,0.0,816.5,526.81,289.69,0.3548,40.24,1,4.4
ORD03641,2024-12-25,CUST0183,Central,Chhattisgarh,Consumer,Electronics,Laptop,Partner,UPI,6,808.77,0.05,4852.62,242.63,4609.99,2540.24,2069.75,0.449,74.26,8,3.6
ORD03642,2024-07-24,CUST0376,East,Odisha,Small Business,Clothing,Backpack,Online,UPI,1,123.13,0.1,123.13,12.31,110.82,63.64,47.18,0.4257,170.78,4,4.3
ORD03643,2023-01-10,CUST0806,South,Telangana,Small Business,Home Appliances,Microwave,Online,Debit Card,2,1205.85,0.25,2411.7,602.92,1808.78,1056.72,752.06,0.4158,207.52,3,3.8
ORD03644,2022-06-11,CUST0989,West,Rajasthan,Consumer,Clothing,T-Shirt,Store,Debit Card,7,1041.59,0.25,7291.13,1822.78,5468.35,3441.15,2027.19,0.3707,277.2,10,4.4
ORD03645,2025-11-04,CUST0919,West,Rajasthan,Small Business,Electronics,Smartphone,Online,UPI,4,538.81,0.05,2155.24,107.76,2047.48,1545.71,501.77,0.2451,227.0,2,4.7
ORD03646,2025-10-13,CUST0210,North,Haryana,Consumer,Clothing,Jeans,Online,UPI,9,976.0,0.0,8784.0,0.0,8784.0,6041.35,2742.65,0.3122,28.82,1,3.8
ORD03647,2025-04-26,CUST0526,West,Rajasthan,Consumer,Clothing,Backpack,Online,Credit Card,3,361.06,0.1,1083.18,108.32,974.86,744.8,230.06,0.236,151.24,8,4.2
ORD03648,2022-11-18,CUST0032,South,Andhra Pradesh,Corporate,Home Appliances,Microwave,Online,UPI,4,408.9,0.1,1635.6,163.56,1472.04,1109.66,362.38,0.2462,209.18,9,5.0
ORD03649,2023-03-26,CUST0044,Central,Chhattisgarh,Consumer,Office Supplies,Pens,Online,Credit Card,3,481.49,0.15,1444.47,216.67,1227.8,869.93,357.87,0.2915,108.24,3,4.0
ORD03650,2024-11-02,CUST0454,West,Maharashtra,Consumer,Clothing,T-Shirt,Partner,Credit Card,7,1198.56,0.1,8389.92,838.99,7550.93,5172.1,2378.83,0.315,123.29,3,4.3
ORD03651,2022-07-03,CUST0348,South,Karnataka,Consumer,Office Supplies,Printer Paper,Online,UPI,2,327.88,0.1,655.76,65.58,590.18,473.01,117.18,0.1985,244.78,9,4.5
ORD03652,2022-04-21,CUST0886,West,Rajasthan,Consumer,Furniture,Office Chair,Online,Debit Card,10,850.73,0.1,8507.3,850.73,7656.57,5387.95,2268.62,0.2963,33.17,7,3.3
ORD03653,2023-05-23,CUST0116,South,Andhra Pradesh,Small Business,Clothing,Shoes,Online,Debit Card,2,312.69,0.0,625.38,0.0,625.38,425.49,199.89,0.3196,171.11,9,3.1
ORD03654,2025-08-06,CUST0635,North,Haryana,Corporate,Office Supplies,Stapler,Online,Debit Card,2,438.28,0.15,876.56,131.48,745.08,584.63,160.44,0.2153,245.26,2,4.0
ORD03655,2022-10-22,CUST0372,Central,Chhattisgarh,Small Business,Furniture,Bookshelf,Partner,UPI,4,364.69,0.1,1458.76,145.88,1312.88,747.41,565.47,0.4307,243.28,7,3.8
ORD03656,2024-06-22,CUST0466,West,Rajasthan,Corporate,Home Appliances,Coffee Maker,Online,UPI,8,972.83,0.15,7782.64,1167.4,6615.24,4810.12,1805.12,0.2729,53.76,8,3.4
ORD03657,2025-05-23,CUST0995,East,Odisha,Consumer,Clothing,T-Shirt,Partner,Cash,8,797.19,0.0,6377.52,0.0,6377.52,3702.26,2675.26,0.4195,256.56,4,2.8
ORD03658,2024-08-31,CUST0442,South,Karnataka,Consumer,Home Appliances,Air Cooler,Online,Debit Card,8,1086.13,0.05,8689.04,434.45,8254.59,6367.19,1887.4,0.2286,41.64,10,3.8
ORD03659,2023-09-24,CUST0614,South,Telangana,Consumer,Furniture,Cabinet,Store,UPI,8,341.62,0.25,2732.96,683.24,2049.72,1566.03,483.69,0.236,278.74,4,3.9
ORD03660,2024-11-16,CUST0004,Central,Chhattisgarh,Small Business,Home Appliances,Air Cooler,Online,Debit Card,7,28.59,0.1,200.13,20.01,180.12,123.56,56.56,0.314,80.56,2,4.3
ORD03661,2024-01-03,CUST0371,North,Punjab,Consumer,Home Appliances,Coffee Maker,Online,UPI,6,1025.56,0.2,6153.36,1230.67,4922.69,3586.09,1336.6,0.2715,52.27,2,3.9
ORD03662,2025-06-08,CUST0702,South,Karnataka,Consumer,Electronics,Tablet,Online,UPI,7,185.56,0.15,1298.92,194.84,1104.08,837.57,266.52,0.2414,40.71,4,3.1
ORD03663,2022-11-17,CUST0444,East,Odisha,Small Business,Furniture,Sofa,Store,Debit Card,5,380.76,0.2,1903.8,380.76,1523.04,1036.42,486.62,0.3195,116.15,4,3.8
ORD03664,2024-07-01,CUST0991,East,Odisha,Corporate,Home Appliances,Blender,Online,UPI,8,468.94,0.05,3751.52,187.58,3563.94,2831.94,732.0,0.2054,117.6,5,3.4
ORD03665,2025-06-10,CUST0715,East,West Bengal,Consumer,Office Supplies,File Folder,Online,Debit Card,2,1124.0,0.0,2248.0,0.0,2248.0,1501.66,746.34,0.332,167.32,10,4.4
ORD03666,2023-03-13,CUST0238,North,Delhi,Consumer,Furniture,Office Chair,Store,Credit Card,5,944.45,0.15,4722.25,708.34,4013.91,3174.39,839.53,0.2092,225.23,10,4.9
ORD03667,2024-02-20,CUST0059,North,Uttar Pradesh,Small Business,Electronics,Headphones,Online,Credit Card,7,288.63,0.15,2020.41,303.06,1717.35,1214.75,502.6,0.2927,162.73,10,4.0
ORD03668,2025-11-27,CUST0331,South,Tamil Nadu,Small Business,Clothing,Jeans,Online,UPI,9,902.86,0.1,8125.74,812.57,7313.17,4863.88,2449.28,0.3349,294.11,9,3.8
ORD03669,2024-12-12,CUST0925,Central,Chhattisgarh,Consumer,Home Appliances,Air Cooler,Store,Net Banking,10,1066.6,0.1,10666.0,1066.6,9599.4,5290.29,4309.11,0.4489,78.89,9,4.2
ORD03670,2025-08-29,CUST0915,North,Uttar Pradesh,Consumer,Office Supplies,Pens,Online,Debit Card,1,592.51,0.2,592.51,118.5,474.01,298.53,175.48,0.3702,78.96,7,4.8
ORD03671,2025-07-28,CUST0657,West,Goa,Small Business,Electronics,Laptop,Store,Debit Card,9,380.24,0.0,3422.16,0.0,3422.16,2684.13,738.03,0.2157,217.38,6,2.5
ORD03672,2023-12-27,CUST0516,West,Rajasthan,Corporate,Furniture,Bookshelf,Online,Credit Card,3,1023.29,0.1,3069.87,306.99,2762.88,1839.4,923.49,0.3342,107.97,10,3.5
ORD03673,2022-01-31,CUST0940,West,Rajasthan,Small Business,Home Appliances,Coffee Maker,Online,Credit Card,1,922.17,0.0,922.17,0.0,922.17,612.13,310.04,0.3362,68.05,5,3.5
ORD03674,2022-12-03,CUST0772,Central,Chhattisgarh,Consumer,Electronics,Tablet,Online,Net Banking,7,130.7,0.0,914.9,0.0,914.9,624.09,290.81,0.3179,241.88,4,4.0
ORD03675,2022-07-02,CUST0955,South,Andhra Pradesh,Small Business,Electronics,Monitor,Partner,UPI,3,1005.02,0.1,3015.06,301.51,2713.55,1702.22,1011.34,0.3727,83.34,2,4.2
ORD03676,2024-11-12,CUST0396,South,Karnataka,Consumer,Office Supplies,Pens,Partner,Credit Card,8,740.45,0.15,5923.6,888.54,5035.06,3437.53,1597.53,0.3173,229.7,4,4.2
ORD03677,2023-06-28,CUST0753,East,Odisha,Consumer,Clothing,Backpack,Partner,Debit Card,2,1133.75,0.15,2267.5,340.12,1927.38,1255.6,671.77,0.3485,77.87,7,4.2
ORD03678,2025-01-02,CUST0303,South,Andhra Pradesh,Corporate,Clothing,Jeans,Online,Net Banking,4,298.22,0.25,1192.88,298.22,894.66,711.75,182.91,0.2045,283.04,1,4.0
ORD03679,2024-10-30,CUST0903,West,Goa,Consumer,Clothing,T-Shirt,Store,Credit Card,2,398.45,0.0,796.9,0.0,796.9,559.64,237.26,0.2977,102.63,3,3.7
ORD03680,2023-10-22,CUST0981,West,Maharashtra,Small Business,Furniture,Sofa,Online,Debit Card,4,821.82,0.05,3287.28,164.36,3122.92,2420.95,701.97,0.2248,229.92,4,4.0
ORD03681,2022-06-09,CUST0481,Central,Chhattisgarh,Consumer,Electronics,Monitor,Online,UPI,1,730.37,0.0,730.37,0.0,730.37,537.16,193.21,0.2645,255.6,7,2.6
ORD03682,2024-11-03,CUST0229,North,Delhi,Small Business,Furniture,Office Chair,Store,UPI,10,588.75,,5887.5,0.0,5887.5,3576.08,2311.42,0.3926,54.34,3,3.5
ORD03683,2025-04-16,CUST0140,Central,Madhya Pradesh,Consumer,Electronics,Headphones,Online,UPI,5,1122.86,0.05,5614.3,280.71,5333.58,4182.97,1150.62,0.2157,39.05,4,4.1
ORD03684,2023-02-16,CUST0839,South,Telangana,Corporate,Office Supplies,Stapler,Online,Net Banking,3,853.66,0.05,2560.98,128.05,2432.93,1395.44,1037.49,0.4264,187.54,1,3.2
ORD03685,2024-10-08,CUST0054,East,Bihar,Consumer,Office Supplies,Pens,Online,Credit Card,9,1069.75,0.1,9627.75,962.78,8664.98,5815.34,2849.63,0.3289,193.63,1,3.2
ORD03686,2022-02-22,CUST0442,South,Tamil Nadu,Corporate,Furniture,Desk,Store,UPI,4,242.58,0.0,970.32,0.0,970.32,596.33,373.99,0.3854,194.37,10,3.9
ORD03687,2023-02-12,CUST0575,West,Goa,Corporate,Furniture,Desk,Online,Credit Card,6,1097.55,0.1,6585.3,658.53,5926.77,4119.93,1806.84,0.3049,147.73,3,4.8
ORD03688,2024-04-26,CUST0143,South,Karnataka,Consumer,Office Supplies,Notebook,Online,UPI,9,700.37,0.2,6303.33,1260.67,5042.66,3181.99,1860.68,0.369,281.72,7,4.0
ORD03689,2024-11-11,CUST0933,Central,Chhattisgarh,Consumer,Home Appliances,Microwave,Partner,Net Banking,2,65.15,0.15,130.3,19.55,110.76,82.53,28.22,0.2548,213.79,6,3.1
ORD03690,2024-11-19,CUST0568,Central,Madhya Pradesh,Consumer,Clothing,Backpack,Online,UPI,7,363.22,0.15,2542.54,381.38,2161.16,1735.34,425.82,0.197,40.78,5,4.0
ORD03691,2023-12-04,CUST0585,Central,Chhattisgarh,Small Business,Clothing,Jeans,Online,UPI,3,53.25,0.15,159.75,23.96,135.79,100.68,35.11,0.2585,239.8,8,4.5
ORD03692,2022-09-17,CUST0097,North,Delhi,Consumer,Office Supplies,Notebook,Store,Net Banking,1,693.46,0.05,693.46,34.67,658.79,425.53,233.25,0.3541,97.14,8,4.2
ORD03693,2025-05-13,CUST0870,Central,Chhattisgarh,Consumer,Clothing,Backpack,Store,Credit Card,9,498.93,0.15,4490.37,673.56,3816.81,2717.64,1099.17,0.288,222.45,4,3.7
ORD03694,2024-12-18,CUST0592,West,Maharashtra,Consumer,Home Appliances,Air Cooler,Online,UPI,9,1481.36,0.15,13332.24,1999.84,11332.4,8951.49,2380.91,0.2101,36.58,10,3.9
ORD03695,2024-02-15,CUST0799,North,Punjab,Small Business,Home Appliances,Microwave,Store,Cash,4,1304.73,0.05,5218.92,260.95,4957.97,3088.36,1869.61,0.3771,234.67,6,4.2
ORD03696,2024-11-01,CUST0271,North,Delhi,Consumer,Electronics,Tablet,Online,UPI,9,1241.12,0.2,11170.08,2234.02,8936.06,5200.03,3736.03,0.4181,171.97,1,4.3
ORD03697,2025-08-06,CUST0130,North,Uttar Pradesh,Consumer,Furniture,Desk,Online,Credit Card,7,759.16,0.1,5314.12,531.41,4782.71,2799.35,1983.36,0.4147,221.81,10,3.9
ORD03698,2024-04-29,CUST0525,North,Punjab,Corporate,Clothing,Shoes,Online,Credit Card,4,1213.52,0.0,4854.08,0.0,4854.08,3318.3,1535.78,0.3164,158.39,10,3.4
ORD03699,2022-12-20,CUST0760,East,West Bengal,Corporate,Home Appliances,Microwave,Online,Debit Card,2,411.3,0.1,822.6,82.26,740.34,553.54,186.8,0.2523,244.31,9,3.9
ORD03700,2025-01-03,CUST0517,Central,Chhattisgarh,Consumer,Furniture,Desk,Online,Credit Card,5,847.56,0.15,4237.8,635.67,3602.13,2620.4,981.73,0.2725,285.17,5,3.8
ORD03701,2024-05-22,CUST0944,South,Andhra Pradesh,Small Business,Furniture,Sofa,Partner,UPI,8,598.48,0.1,4787.84,478.78,4309.06,2898.06,1411.0,0.3274,227.9,8,4.2
ORD03702,2024-09-17,CUST0417,East,Bihar,Corporate,Electronics,Monitor,Store,Credit Card,10,269.44,0.05,2694.4,134.72,2559.68,1911.85,647.83,0.2531,228.37,10,4.9
ORD03703,2025-06-18,CUST0544,Central,Chhattisgarh,Consumer,Furniture,Desk,Partner,Credit Card,10,122.83,0.1,1228.3,122.83,1105.47,797.23,308.24,0.2788,80.68,10,4.7
ORD03704,2024-10-14,CUST0181,South,Karnataka,Consumer,Furniture,Bookshelf,Store,Debit Card,6,843.95,0.1,5063.7,506.37,4557.33,3279.56,1277.77,0.2804,119.25,1,3.9
ORD03705,2025-03-23,CUST0618,Central,Chhattisgarh,Small Business,Office Supplies,Notebook,Online,UPI,5,159.99,0.25,799.95,199.99,599.96,362.76,237.2,0.3954,55.01,4,4.1
ORD03706,2025-01-24,CUST0237,East,West Bengal,Consumer,Electronics,Tablet,Online,UPI,4,1081.23,0.15,4324.92,648.74,3676.18,2332.16,1344.02,0.3656,169.08,2,3.2
ORD03707,2022-10-21,CUST0512,East,Bihar,Consumer,Electronics,Laptop,Partner,UPI,6,1383.38,0.15,8300.28,1245.04,7055.24,4536.48,2518.76,0.357,145.04,2,4.4
ORD03708,2022-07-28,CUST0533,South,Andhra Pradesh,Consumer,Clothing,Jeans,Store,Credit Card,3,255.73,0.0,767.19,0.0,767.19,589.36,177.83,0.2318,102.52,2,4.1
ORD03709,2025-09-28,CUST0962,East,Bihar,Corporate,Furniture,Bookshelf,Partner,Credit Card,2,714.34,0.05,1428.68,71.43,1357.25,1030.53,326.72,0.2407,39.37,2,4.3
ORD03710,2025-01-16,CUST0996,North,Haryana,Corporate,Clothing,Jacket,Online,Credit Card,1,1112.08,0.05,1112.08,55.6,1056.48,653.14,403.34,0.3818,280.79,8,3.5
ORD03711,2024-03-28,CUST0957,West,Gujarat,Corporate,Home Appliances,Air Cooler,Online,Debit Card,9,440.96,0.1,3968.64,396.86,3571.78,2017.66,1554.11,0.4351,189.52,6,4.1
ORD03712,2023-01-25,CUST0438,South,Tamil Nadu,Consumer,Furniture,Office Chair,Online,Credit Card,1,1382.34,0.0,1382.34,0.0,1382.34,1046.85,335.49,0.2427,111.0,9,3.7
ORD03713,2022-11-21,CUST0225,Central,Madhya Pradesh,Corporate,Home Appliances,Microwave,Online,UPI,4,1334.37,0.1,5337.48,533.75,4803.73,3173.65,1630.08,0.3393,117.36,2,4.6
ORD03714,2024-07-28,CUST0203,South,Telangana,Corporate,Office Supplies,Printer Paper,Online,Credit Card,6,169.08,0.05,1014.48,50.72,963.76,587.26,376.49,0.3907,130.72,1,4.3
ORD03715,2024-06-07,CUST0041,North,Punjab,Consumer,Furniture,Bookshelf,Online,Cash,9,55.69,0.1,501.21,50.12,451.09,262.35,188.74,0.4184,247.26,8,
ORD03716,2025-03-26,CUST0855,West,Rajasthan,Small Business,Clothing,Jeans,Store,UPI,4,1465.04,0.0,5860.16,0.0,5860.16,3243.36,2616.8,0.4465,78.92,10,3.4
ORD03717,2023-10-30,CUST0934,North,Uttar Pradesh,Consumer,Clothing,Jeans,Online,Debit Card,7,1435.37,0.05,10047.59,502.38,9545.21,6352.21,3193.0,0.3345,259.81,3,3.9
ORD03718,2023-09-25,CUST0673,West,Goa,Corporate,Furniture,Bookshelf,Online,Net Banking,7,642.09,0.15,4494.63,674.19,3820.44,2451.71,1368.72,0.3583,107.19,3,3.9
ORD03719,2023-07-31,CUST0744,Central,Madhya Pradesh,Consumer,Clothing,Jeans,Store,UPI,6,90.09,0.1,540.54,54.05,486.49,359.05,127.44,0.262,263.9,8,4.2
ORD03720,2022-05-17,CUST0136,West,Rajasthan,Corporate,Furniture,Bookshelf,Online,UPI,9,934.03,0.15,8406.27,1260.94,7145.33,5814.15,1331.18,0.1863,270.85,5,4.1
ORD03721,2023-03-04,CUST0484,North,Punjab,Small Business,Electronics,Smartphone,Store,Cash,10,450.71,0.15,4507.1,676.06,3831.03,2320.96,1510.07,0.3942,215.07,8,4.1
ORD03722,2023-09-04,CUST0804,East,West Bengal,Small Business,Clothing,Backpack,Online,Debit Card,7,1406.03,0.2,9842.21,1968.44,7873.77,4847.25,3026.52,0.3844,270.52,2,3.1
ORD03723,2024-06-29,CUST0033,West,Gujarat,Consumer,Furniture,Desk,Partner,Net Banking,3,1195.07,0.0,3585.21,0.0,3585.21,2298.38,1286.83,0.3589,229.19,10,3.4
ORD03724,2024-03-29,CUST0029,West,Rajasthan,Consumer,Furniture,Desk,Store,Debit Card,6,979.65,0.05,5877.9,293.9,5584.0,3773.69,1810.32,0.3242,60.47,9,3.8
ORD03725,2022-05-21,CUST0351,North,Haryana,Consumer,Clothing,Backpack,Partner,Net Banking,7,437.49,0.1,3062.43,306.24,2756.19,2035.11,721.08,0.2616,287.73,2,4.2
ORD03726,2025-01-11,CUST0057,East,West Bengal,Small Business,Electronics,Laptop,Online,Debit Card,7,1056.38,0.2,7394.66,1478.93,5915.73,3815.93,2099.8,0.355,73.23,9,4.9
ORD03727,2022-06-26,CUST0990,East,Jharkhand,Corporate,Clothing,Jacket,Online,Debit Card,6,444.41,0.15,2666.46,399.97,2266.49,1310.34,956.16,0.4219,158.5,10,4.1
ORD03728,2022-07-17,CUST0328,North,Uttar Pradesh,Consumer,Furniture,Sofa,Online,UPI,3,70.88,0.1,212.64,21.26,191.38,142.99,48.38,0.2528,127.37,6,4.7
ORD03729,2023-09-16,CUST0445,South,Andhra Pradesh,Consumer,Electronics,Tablet,Online,Credit Card,6,770.03,0.0,4620.18,0.0,4620.18,3532.37,1087.81,0.2354,117.48,5,3.8
ORD03730,2023-11-22,CUST0858,South,Telangana,Small Business,Home Appliances,Microwave,Online,Credit Card,2,740.7,0.1,1481.4,148.14,1333.26,822.44,510.82,0.3831,239.41,7,3.1
ORD03731,2025-12-15,CUST0471,West,Rajasthan,Consumer,Office Supplies,Printer Paper,Store,Debit Card,10,1148.06,0.1,11480.6,1148.06,10332.54,6064.42,4268.12,0.4131,101.47,7,4.3
ORD03732,2023-02-05,CUST0370,Central,Madhya Pradesh,Consumer,Clothing,T-Shirt,Online,UPI,1,1300.53,0.15,1300.53,195.08,1105.45,765.53,339.92,0.3075,170.55,4,4.0
ORD03733,2023-04-16,CUST0951,West,Maharashtra,Consumer,Furniture,Cabinet,Store,Net Banking,8,541.39,0.1,4331.12,433.11,3898.01,2363.15,1534.86,0.3938,114.25,7,3.7
ORD03734,2022-08-06,CUST0692,South,Andhra Pradesh,Consumer,Electronics,Smartphone,Store,UPI,3,682.47,0.05,2047.41,102.37,1945.04,1266.27,678.77,0.349,270.17,3,3.1
ORD03735,2024-07-17,CUST0371,South,Karnataka,Corporate,Electronics,Laptop,Store,Net Banking,8,713.54,0.0,5708.32,0.0,5708.32,4337.68,1370.64,0.2401,63.43,3,2.8
ORD03736,2023-09-24,CUST0939,Central,Chhattisgarh,Small Business,Home Appliances,Air Cooler,Online,UPI,3,496.47,0.0,1489.41,0.0,1489.41,907.49,581.92,0.3907,69.14,7,4.7
ORD03737,2024-08-08,CUST0638,Central,Chhattisgarh,Small Business,Clothing,Jacket,Partner,Credit Card,2,1118.93,0.1,2237.86,223.79,2014.07,1546.18,467.89,0.2323,51.14,1,3.6
ORD03738,2024-06-24,CUST0636,Central,Chhattisgarh,Consumer,Electronics,Monitor,Online,Credit Card,8,790.32,0.05,6322.56,316.13,6006.43,4396.62,1609.81,0.268,232.18,8,4.5
ORD03739,2022-06-24,CUST0922,West,Rajasthan,Small Business,Home Appliances,Coffee Maker,Online,UPI,3,1372.22,0.1,4116.66,411.67,3704.99,2257.55,1447.44,0.3907,65.22,2,5.0
ORD03740,2022-01-23,CUST0372,South,Andhra Pradesh,Consumer,Furniture,Desk,Store,Debit Card,8,980.71,0.15,7845.68,1176.85,6668.83,4615.69,2053.14,0.3079,169.27,1,3.8
ORD03741,2022-08-23,CUST0490,West,Goa,Consumer,Home Appliances,Blender,Online,Credit Card,2,329.67,0.0,659.34,0.0,659.34,471.95,187.39,0.2842,234.7,6,4.7
ORD03742,2024-11-02,CUST0253,South,Telangana,Small Business,Clothing,Jacket,Store,UPI,4,259.74,0.1,1038.96,103.9,935.06,564.85,370.22,0.3959,52.35,4,4.3
ORD03743,2025-01-29,CUST0486,South,Tamil Nadu,Consumer,Home Appliances,Microwave,Online,UPI,9,567.99,0.2,5111.91,1022.38,4089.53,2409.29,1680.24,0.4109,280.53,7,4.7
ORD03744,2024-07-17,CUST0871,West,Goa,Consumer,Electronics,Smartphone,Online,Debit Card,1,530.19,0.1,530.19,53.02,477.17,330.88,146.29,0.3066,99.53,3,4.0
ORD03745,2023-06-07,CUST0258,North,Haryana,Small Business,Electronics,Headphones,Online,Net Banking,2,619.59,0.1,1239.18,123.92,1115.26,822.32,292.94,0.2627,241.85,2,4.2
ORD03746,2023-03-07,CUST0439,North,Haryana,Consumer,Office Supplies,Stapler,Online,UPI,2,287.63,0.1,575.26,57.53,517.73,349.76,167.97,0.3244,242.2,4,4.4
ORD03747,2024-03-03,CUST0602,South,Karnataka,Corporate,Home Appliances,Blender,Online,UPI,9,1467.66,0.05,13208.94,660.45,12548.49,7138.97,5409.52,0.4311,117.54,4,3.1
ORD03748,2023-06-17,CUST0018,South,Andhra Pradesh,Small Business,Furniture,Desk,Online,Cash,10,231.38,0.0,2313.8,0.0,2313.8,1850.59,463.21,0.2002,174.16,4,3.8
ORD03749,2024-09-05,CUST0219,Central,Madhya Pradesh,Consumer,Clothing,Jacket,Store,Debit Card,5,984.18,0.0,4920.9,0.0,4920.9,3629.86,1291.04,0.2624,196.63,3,3.1
ORD03750,2025-08-09,CUST0512,North,Punjab,Consumer,Office Supplies,File Folder,Store,UPI,4,34.41,0.0,137.64,0.0,137.64,98.79,38.85,0.2823,136.35,7,3.9
ORD03751,2024-03-20,CUST0178,North,Punjab,Consumer,Home Appliances,Vacuum Cleaner,Store,Net Banking,10,619.34,0.15,6193.4,929.01,5264.39,3810.26,1454.13,0.2762,120.21,5,3.8
ORD03752,2024-07-01,CUST0209,North,Uttar Pradesh,Consumer,Furniture,Cabinet,Store,UPI,10,474.14,0.05,4741.4,237.07,4504.33,2962.15,1542.18,0.3424,258.6,4,4.9
ORD03753,2025-01-29,CUST0813,North,Delhi,Consumer,Office Supplies,Stapler,Online,Net Banking,4,582.31,0.2,2329.24,465.85,1863.39,1520.13,343.26,0.1842,76.54,5,5.0
ORD03754,2025-08-20,CUST0527,North,Delhi,Corporate,Electronics,Tablet,Partner,Debit Card,7,754.64,0.15,5282.48,792.37,4490.11,2630.41,1859.7,0.4142,242.58,7,4.3
ORD03755,2024-05-20,CUST0235,West,Goa,Consumer,Clothing,Jacket,Online,UPI,3,906.56,0.15,2719.68,407.95,2311.73,1732.8,578.93,0.2504,77.04,4,5.0
ORD03756,2023-06-24,CUST0135,South,Karnataka,Consumer,Home Appliances,Blender,Online,Credit Card,9,881.51,0.15,7933.59,1190.04,6743.55,4475.27,2268.28,0.3364,216.03,10,4.1
ORD03757,2024-10-20,CUST0209,West,Maharashtra,Corporate,Furniture,Cabinet,Store,Cash,5,951.61,0.0,4758.05,0.0,4758.05,3748.85,1009.2,0.2121,100.54,5,3.6
ORD03758,2025-10-10,CUST0211,Central,Madhya Pradesh,Corporate,Electronics,Monitor,Online,Net Banking,9,1269.15,0.1,11422.35,1142.24,10280.12,7644.92,2635.2,0.2563,279.67,6,4.5
ORD03759,2025-08-19,CUST0667,West,Gujarat,Small Business,Office Supplies,Stapler,Store,Net Banking,1,1331.77,0.2,1331.77,266.35,1065.42,747.72,317.7,0.2982,189.51,6,3.8
ORD03760,2022-08-15,CUST0552,North,Haryana,Consumer,Clothing,Backpack,Online,UPI,10,1109.82,0.0,11098.2,0.0,11098.2,8913.82,2184.38,0.1968,169.38,7,3.9
ORD03761,2025-06-13,CUST0273,North,Delhi,Small Business,Office Supplies,Stapler,Online,Credit Card,8,132.23,0.05,1057.84,52.89,1004.95,800.3,204.65,0.2036,102.65,10,4.3
ORD03762,2024-05-22,CUST0160,Central,Madhya Pradesh,Corporate,Office Supplies,Stapler,Online,Credit Card,2,1442.52,0.0,2885.04,0.0,2885.04,1627.54,1257.5,0.4359,162.43,3,3.7
ORD03763,2024-06-10,CUST0144,East,Odisha,Consumer,Furniture,Office Chair,Online,Net Banking,8,1421.89,0.1,11375.12,1137.51,10237.61,6163.03,4074.58,0.398,38.44,8,5.0
ORD03764,2024-11-02,CUST0703,West,Rajasthan,Consumer,Electronics,Tablet,Partner,Debit Card,4,1071.88,0.0,4287.52,0.0,4287.52,3140.75,1146.77,0.2675,60.14,5,2.7
ORD03765,2022-07-29,CUST0508,Central,Chhattisgarh,Consumer,Home Appliances,Vacuum Cleaner,Partner,Debit Card,2,783.4,0.1,1566.8,156.68,1410.12,1126.54,283.58,0.2011,102.61,1,3.3
ORD03766,2024-01-11,CUST0734,Central,Madhya Pradesh,Corporate,Furniture,Cabinet,Online,UPI,2,387.17,0.15,774.34,116.15,658.19,438.48,219.71,0.3338,285.79,4,4.1
ORD03767,2023-02-01,CUST0334,Central,Madhya Pradesh,Consumer,Clothing,Backpack,Online,Debit Card,6,1138.18,0.0,6829.08,0.0,6829.08,3826.62,3002.46,0.4397,151.01,4,4.2
ORD03768,2025-01-28,CUST0502,East,Jharkhand,Small Business,Office Supplies,Stapler,Online,UPI,3,1318.62,0.15,3955.86,593.38,3362.48,2433.39,929.09,0.2763,132.12,8,3.9
ORD03769,2022-01-31,CUST0444,South,Andhra Pradesh,Corporate,Clothing,Shoes,Store,UPI,10,1002.8,0.0,10028.0,0.0,10028.0,6042.53,3985.47,0.3974,236.32,10,4.0
ORD03770,2024-06-16,CUST0754,Central,Chhattisgarh,Small Business,Furniture,Sofa,Online,UPI,3,949.17,0.0,2847.51,0.0,2847.51,1990.77,856.74,0.3009,214.23,9,3.2
ORD03771,2023-10-11,CUST0873,East,Jharkhand,Consumer,Furniture,Sofa,Partner,Net Banking,9,301.61,0.05,2714.49,135.72,2578.77,1686.16,892.6,0.3461,205.91,3,4.4
ORD03772,2022-11-25,CUST0850,North,Punjab,Consumer,Home Appliances,Vacuum Cleaner,Store,Credit Card,5,546.33,0.15,2731.65,409.75,2321.9,1626.88,695.02,0.2993,189.59,10,4.1
ORD03773,2025-04-04,CUST0086,West,Goa,Consumer,Office Supplies,Printer Paper,Partner,Debit Card,7,1088.86,0.2,7622.02,1524.4,6097.62,4888.81,1208.8,0.1982,56.39,1,4.0
ORD03774,2024-08-09,CUST0180,East,West Bengal,Consumer,Furniture,Office Chair,Store,Debit Card,5,40.09,0.05,200.45,10.02,190.43,129.71,60.71,0.3188,129.36,8,4.4
ORD03775,2025-01-28,CUST0080,Central,Madhya Pradesh,Small Business,Clothing,Shoes,Store,Cash,2,967.28,0.0,1934.56,0.0,1934.56,1082.04,852.52,0.4407,272.33,9,4.4
ORD03776,2023-09-13,CUST0817,West,Goa,Consumer,Home Appliances,Air Cooler,Store,Debit Card,8,1153.51,0.15,9228.08,1384.21,7843.87,5544.42,2299.45,0.2932,288.71,4,3.5
ORD03777,2025-04-11,CUST0561,South,Tamil Nadu,Consumer,Clothing,T-Shirt,Store,Debit Card,9,512.04,0.1,4608.36,460.84,4147.52,2645.92,1501.61,0.362,141.15,5,4.2
ORD03778,2022-06-11,CUST0976,Central,Madhya Pradesh,Consumer,Office Supplies,Stapler,Store,UPI,2,128.11,0.0,256.22,0.0,256.22,194.75,61.47,0.2399,20.3,4,4.0
ORD03779,2024-02-15,CUST0154,West,Rajasthan,Consumer,Home Appliances,Blender,Store,Debit Card,2,1231.39,0.1,2462.78,246.28,2216.5,1500.31,716.19,0.3231,159.81,4,4.4
ORD03780,2025-07-10,CUST0179,West,Gujarat,Small Business,Home Appliances,Coffee Maker,Store,Cash,4,225.63,0.2,902.52,180.5,722.02,541.63,180.38,0.2498,83.61,3,4.7
ORD03781,2022-10-01,CUST0299,South,Tamil Nadu,Corporate,Home Appliances,Microwave,Partner,Net Banking,8,565.64,0.0,4525.12,0.0,4525.12,3599.2,925.92,0.2046,72.66,10,3.8
ORD03782,2024-10-23,CUST0326,South,Telangana,Corporate,Electronics,Monitor,Partner,UPI,5,1065.27,0.0,5326.35,0.0,5326.35,3450.48,1875.87,0.3522,99.46,4,4.4
ORD03783,2024-11-17,CUST0755,West,Maharashtra,Consumer,Home Appliances,Microwave,Store,UPI,5,1228.22,0.05,6141.1,307.06,5834.04,4767.19,1066.86,0.1829,54.34,9,4.1
ORD03784,2022-11-22,CUST0839,North,Uttar Pradesh,Small Business,Clothing,Jeans,Online,Credit Card,7,1295.64,0.15,9069.48,1360.42,7709.06,4551.81,3157.25,0.4096,32.84,7,3.3
ORD03785,2024-07-28,CUST0009,South,Telangana,Corporate,Clothing,Jacket,Online,UPI,4,802.67,0.0,3210.68,0.0,3210.68,2324.09,886.59,0.2761,144.52,6,3.5
ORD03786,2025-03-18,CUST0428,West,Goa,Consumer,Office Supplies,File Folder,Partner,UPI,9,721.67,0.15,6495.03,974.25,5520.78,3088.25,2432.52,0.4406,93.51,9,3.5
ORD03787,2023-06-24,CUST0192,East,Jharkhand,Consumer,Furniture,Sofa,Online,Debit Card,4,1274.75,0.15,5099.0,764.85,4334.15,2633.11,1701.04,0.3925,91.73,2,4.6
ORD03788,2023-05-03,CUST0090,South,Karnataka,Small Business,Furniture,Office Chair,Online,Credit Card,8,851.17,0.1,6809.36,680.94,6128.42,4419.33,1709.09,0.2789,82.04,4,3.3
ORD03789,2024-04-01,CUST0002,North,Delhi,Corporate,Electronics,Monitor,Online,Cash,3,874.3,0.0,2622.9,0.0,2622.9,1475.31,1147.59,0.4375,159.06,9,3.1
ORD03790,2024-12-24,CUST0420,South,Karnataka,Corporate,Home Appliances,Microwave,Store,Debit Card,6,659.45,0.25,3956.7,989.18,2967.52,1713.69,1253.83,0.4225,225.3,8,4.5
ORD03791,2022-12-22,CUST0003,West,Rajasthan,Consumer,Electronics,Tablet,Store,UPI,1,568.63,0.1,568.63,56.86,511.77,321.68,190.08,0.3714,203.93,1,4.1
ORD03792,2025-06-29,CUST0950,South,Karnataka,Consumer,Office Supplies,Notebook,Online,Credit Card,7,728.6,0.1,5100.2,510.02,4590.18,3238.01,1352.17,0.2946,293.26,9,3.8
ORD03793,2022-08-23,CUST0405,North,Haryana,Corporate,Office Supplies,Pens,Online,Debit Card,7,556.8,0.25,3897.6,974.4,2923.2,1620.37,1302.83,0.4457,275.92,10,2.9
ORD03794,2022-08-15,CUST0492,West,Maharashtra,Corporate,Furniture,Desk,Store,Net Banking,2,525.17,0.2,1050.34,210.07,840.27,571.58,268.69,0.3198,136.85,2,2.9
ORD03795,2025-08-29,CUST0707,Central,Madhya Pradesh,Consumer,Office Supplies,Pens,Partner,Debit Card,5,1490.59,0.1,7452.95,745.3,6707.66,4822.47,1885.18,0.281,247.63,1,2.5
ORD03796,2022-02-18,CUST0265,West,Rajasthan,Corporate,Home Appliances,Microwave,Online,UPI,4,514.28,0.1,2057.12,205.71,1851.41,1219.49,631.92,0.3413,71.65,2,3.5
ORD03797,2022-04-28,CUST0780,North,Uttar Pradesh,Consumer,Clothing,Backpack,Online,Credit Card,10,395.73,,3957.3,0.0,3957.3,2248.79,1708.51,0.4317,79.45,10,5.0
ORD03798,2022-02-23,CUST0968,South,Telangana,Corporate,Office Supplies,Stapler,Store,Debit Card,9,540.58,0.2,4865.22,973.04,3892.18,2782.66,1109.52,0.2851,216.26,6,4.1
ORD03799,2023-07-19,CUST0243,Central,Chhattisgarh,Small Business,Electronics,Headphones,Store,Cash,2,892.31,0.15,1784.62,267.69,1516.93,1082.44,434.48,0.2864,80.68,2,4.3
ORD03800,2024-12-03,CUST0677,South,Telangana,Small Business,Home Appliances,Coffee Maker,Store,UPI,3,1367.82,0.05,4103.46,205.17,3898.29,2676.69,1221.6,0.3134,146.33,1,4.0
ORD03801,2022-02-22,CUST0725,West,Gujarat,Consumer,Office Supplies,Notebook,Store,Cash,1,1184.98,0.15,1184.98,177.75,1007.23,742.48,264.75,0.2629,110.17,5,3.2
ORD03802,2023-07-12,CUST0933,South,Karnataka,Consumer,Office Supplies,File Folder,Partner,Cash,10,1265.73,0.15,12657.3,1898.59,10758.7,6520.92,4237.78,0.3939,85.14,2,3.7
ORD03803,2025-01-30,CUST0360,South,Tamil Nadu,Small Business,Home Appliances,Microwave,Online,Cash,5,1290.63,0.05,6453.15,322.66,6130.49,4494.91,1635.58,0.2668,63.25,4,4.7
ORD03804,2024-05-17,CUST0195,West,Goa,Corporate,Office Supplies,Pens,Online,Net Banking,3,1381.98,0.1,4145.94,414.59,3731.35,2214.9,1516.45,0.4064,191.32,8,4.2
ORD03805,2023-02-02,CUST0499,West,Goa,Consumer,Clothing,Jeans,Store,Credit Card,4,364.08,0.05,1456.32,72.82,1383.5,907.62,475.89,0.344,35.73,10,2.6
ORD03806,2025-03-07,CUST0568,West,Maharashtra,Small Business,Furniture,Office Chair,Store,Cash,4,695.67,0.15,2782.68,417.4,2365.28,1344.05,1021.23,0.4318,216.71,6,5.0
ORD03807,2023-11-06,CUST0617,South,Tamil Nadu,Consumer,Home Appliances,Air Cooler,Store,Credit Card,6,587.02,0.0,3522.12,0.0,3522.12,2716.13,805.99,0.2288,270.52,8,3.9
ORD03808,2023-01-22,CUST0213,North,Punjab,Consumer,Electronics,Headphones,Partner,Credit Card,10,582.09,0.15,5820.9,873.14,4947.77,3440.29,1507.47,0.3047,116.17,5,3.5
ORD03809,2022-04-21,CUST0831,East,West Bengal,Consumer,Office Supplies,Printer Paper,Store,Credit Card,7,983.64,0.05,6885.48,344.27,6541.21,5312.66,1228.55,0.1878,135.7,2,
ORD03810,2023-09-06,CUST0154,East,West Bengal,Consumer,Furniture,Office Chair,Store,Debit Card,7,611.68,0.0,4281.76,0.0,4281.76,3444.37,837.39,0.1956,185.36,1,3.7
ORD03811,2022-01-17,CUST0728,North,Haryana,Consumer,Electronics,Smartphone,Online,UPI,8,930.25,0.0,7442.0,0.0,7442.0,6099.55,1342.45,0.1804,206.55,8,3.6
ORD03812,2025-04-20,CUST0046,North,Punjab,Small Business,Electronics,Monitor,Online,Debit Card,3,582.68,0.15,1748.04,262.21,1485.83,857.83,628.0,0.4227,172.55,1,4.3
ORD03813,2024-06-02,CUST0181,North,Delhi,Consumer,Clothing,Jeans,Store,Credit Card,5,477.03,0.05,2385.15,119.26,2265.89,1617.34,648.55,0.2862,213.3,10,3.5
ORD03814,2023-06-25,CUST0572,Central,Chhattisgarh,Consumer,Furniture,Bookshelf,Online,UPI,10,539.32,0.1,5393.2,539.32,4853.88,3203.78,1650.1,0.34,246.4,9,3.5
ORD03815,2022-06-20,CUST0756,West,Gujarat,Small Business,Home Appliances,Air Cooler,Online,Debit Card,6,1208.58,0.1,7251.48,725.15,6526.33,4528.1,1998.24,0.3062,297.21,4,4.1
ORD03816,2023-02-13,CUST0226,Central,Madhya Pradesh,Corporate,Furniture,Bookshelf,Partner,Net Banking,6,907.56,0.15,5445.36,816.8,4628.56,2931.58,1696.98,0.3666,129.97,6,4.2
ORD03817,2024-01-10,CUST0032,North,Haryana,Corporate,Furniture,Office Chair,Partner,Debit Card,8,1461.39,0.1,11691.12,1169.11,10522.01,5923.67,4598.34,0.437,183.71,6,4.4
ORD03818,2025-11-02,CUST0347,Central,Madhya Pradesh,Consumer,Electronics,Laptop,Online,Credit Card,5,1251.49,0.05,6257.45,312.87,5944.58,4405.48,1539.1,0.2589,125.33,3,4.4
ORD03819,2025-04-26,CUST0446,North,Punjab,Small Business,Clothing,T-Shirt,Store,Debit Card,5,736.38,0.0,3681.9,0.0,3681.9,2985.18,696.72,0.1892,86.62,1,4.1
ORD03820,2024-05-07,CUST0175,East,Bihar,Consumer,Clothing,T-Shirt,Online,Debit Card,1,374.93,0.05,374.93,18.75,356.18,247.1,109.08,0.3063,299.32,6,2.9
ORD03821,2022-08-18,CUST0829,West,Maharashtra,Consumer,Furniture,Cabinet,Online,UPI,1,1015.76,0.1,1015.76,101.58,914.18,584.15,330.03,0.361,23.89,10,4.8
ORD03822,2022-04-29,CUST0606,South,Andhra Pradesh,Consumer,Furniture,Bookshelf,Store,UPI,6,1094.07,0.15,6564.42,984.66,5579.76,4482.41,1097.34,0.1967,38.12,5,4.6
ORD03823,2025-03-25,CUST0900,South,Andhra Pradesh,Consumer,Office Supplies,Notebook,Store,Debit Card,10,704.3,0.0,7043.0,0.0,7043.0,4567.1,2475.9,0.3515,183.25,4,4.2
ORD03824,2024-02-23,CUST0130,North,Haryana,Consumer,Electronics,Smartphone,Online,Debit Card,10,356.43,0.15,3564.3,534.64,3029.66,2414.4,615.25,0.2031,218.76,9,3.9
ORD03825,2023-04-10,CUST0663,North,Haryana,Corporate,Home Appliances,Blender,Online,Debit Card,5,842.5,0.0,4212.5,0.0,4212.5,3290.12,922.38,0.219,224.07,4,3.6
ORD03826,2022-04-14,CUST0823,West,Rajasthan,Consumer,Home Appliances,Coffee Maker,Online,Cash,10,391.94,0.05,3919.4,195.97,3723.43,2579.41,1144.02,0.3072,216.93,1,4.5
ORD03827,2023-11-29,CUST0297,West,Rajasthan,Corporate,Clothing,Jacket,Partner,Credit Card,6,1410.9,0.1,8465.4,846.54,7618.86,5582.76,2036.1,0.2672,240.81,10,2.9
ORD03828,2022-06-24,CUST0252,West,Maharashtra,Consumer,Electronics,Monitor,Store,Net Banking,9,948.89,0.05,8540.01,427.0,8113.01,5996.21,2116.8,0.2609,228.5,6,4.2
ORD03829,2024-01-15,CUST0452,East,Jharkhand,Consumer,Clothing,Jacket,Online,UPI,8,448.52,0.15,3588.16,538.22,3049.94,2205.39,844.54,0.2769,172.87,7,4.3
ORD03830,2025-12-15,CUST0421,West,Rajasthan,Consumer,Home Appliances,Coffee Maker,Online,Credit Card,7,335.36,0.25,2347.52,586.88,1760.64,1044.77,715.87,0.4066,151.63,1,2.7
ORD03831,2025-03-03,CUST0651,North,Haryana,Small Business,Furniture,Bookshelf,Store,Cash,7,1079.33,0.0,7555.31,0.0,7555.31,5568.64,1986.67,0.263,221.68,9,5.0
ORD03832,2025-11-15,CUST0932,North,Delhi,Small Business,Electronics,Monitor,Store,Net Banking,6,1066.07,0.1,6396.42,639.64,5756.78,3171.23,2585.55,0.4491,225.05,10,5.0
ORD03833,2023-10-27,CUST0484,Central,Chhattisgarh,Small Business,Electronics,Laptop,Store,UPI,6,901.74,0.2,5410.44,1082.09,4328.35,3210.38,1117.97,0.2583,113.11,2,5.0
ORD03834,2022-02-02,CUST0783,North,Haryana,Corporate,Office Supplies,Pens,Online,Debit Card,1,927.24,0.0,927.24,0.0,927.24,648.89,278.35,0.3002,20.83,7,4.4
ORD03835,2022-02-24,CUST0357,West,Gujarat,Corporate,Furniture,Office Chair,Partner,UPI,7,911.75,0.05,6382.25,319.11,6063.14,3759.97,2303.17,0.3799,108.01,8,5.0
ORD03836,2023-06-03,CUST0835,North,Uttar Pradesh,Corporate,Furniture,Office Chair,Online,Debit Card,5,549.75,0.0,2748.75,0.0,2748.75,2108.34,640.41,0.233,169.73,8,3.8
ORD03837,2024-01-26,CUST0624,West,Rajasthan,Corporate,Clothing,Jacket,Online,Credit Card,7,1407.06,0.1,9849.42,984.94,8864.48,5845.46,3019.02,0.3406,167.31,1,5.0
ORD03838,2022-01-12,CUST0158,West,Rajasthan,Consumer,Electronics,Smartphone,Online,Net Banking,6,726.73,0.15,4360.38,654.06,3706.32,2524.6,1181.72,0.3188,126.36,10,4.1
ORD03839,2023-12-21,CUST0569,South,Andhra Pradesh,Consumer,Clothing,Shoes,Online,Net Banking,8,45.19,0.15,361.52,54.23,307.29,171.31,135.99,0.4425,281.05,1,2.8
ORD03840,2023-07-09,CUST0702,South,Telangana,Consumer,Furniture,Desk,Partner,Credit Card,3,532.32,0.1,1596.96,159.7,1437.26,946.23,491.03,0.3416,153.38,10,3.6
ORD03841,2023-01-08,CUST0983,West,Goa,Consumer,Office Supplies,Pens,Store,Net Banking,8,208.47,0.15,1667.76,250.16,1417.6,843.74,573.86,0.4048,58.93,4,4.2
ORD03842,2023-04-29,CUST0545,South,Tamil Nadu,Consumer,Electronics,Monitor,Store,UPI,7,554.62,0.0,3882.34,0.0,3882.34,2424.75,1457.59,0.3754,74.2,2,4.1
ORD03843,2024-08-30,CUST0833,North,Uttar Pradesh,Consumer,Furniture,Desk,Online,Credit Card,1,918.27,0.25,918.27,229.57,688.7,425.67,263.03,0.3819,46.48,10,
ORD03844,2025-06-05,CUST0001,West,Maharashtra,Consumer,Office Supplies,Pens,Online,Debit Card,3,48.66,0.05,145.98,7.3,138.68,78.0,60.68,0.4376,95.12,4,4.8
ORD03845,2023-09-15,CUST0643,North,Haryana,Consumer,Home Appliances,Microwave,Online,Debit Card,10,1307.25,0.0,13072.5,0.0,13072.5,8815.23,4257.27,0.3257,105.32,6,4.7
ORD03846,2022-11-03,CUST0009,Central,Madhya Pradesh,Small Business,Furniture,Cabinet,Store,Net Banking,4,921.31,0.2,3685.24,737.05,2948.19,2037.5,910.7,0.3089,113.57,3,3.6
ORD03847,2023-04-02,CUST0509,East,West Bengal,Consumer,Home Appliances,Vacuum Cleaner,Store,Net Banking,9,453.63,0.15,4082.67,612.4,3470.27,2443.72,1026.55,0.2958,254.13,10,2.9
ORD03848,2022-06-09,CUST0544,North,Uttar Pradesh,Consumer,Clothing,Jacket,Online,Credit Card,6,477.14,0.15,2862.84,429.43,2433.41,1642.07,791.35,0.3252,234.33,3,4.4
ORD03849,2022-11-27,CUST0589,West,Rajasthan,Small Business,Home Appliances,Blender,Online,UPI,7,706.52,0.0,4945.64,0.0,4945.64,3881.2,1064.44,0.2152,158.91,1,3.7
ORD03850,2024-02-15,CUST0813,East,West Bengal,Consumer,Furniture,Office Chair,Online,Net Banking,5,383.42,0.15,1917.1,287.56,1629.54,912.82,716.71,0.4398,144.42,5,3.7
ORD03851,2022-08-13,CUST0095,South,Andhra Pradesh,Consumer,Home Appliances,Blender,Partner,Net Banking,3,21.45,0.1,64.35,6.44,57.91,41.45,16.46,0.2843,125.87,7,3.3
ORD03852,2024-09-09,CUST0697,South,Tamil Nadu,Consumer,Electronics,Smartphone,Online,Credit Card,5,54.44,0.15,272.2,40.83,231.37,181.36,50.01,0.2161,23.8,6,4.8
ORD03853,2023-12-30,CUST0277,South,Karnataka,Consumer,Furniture,Bookshelf,Online,UPI,7,546.24,0.25,3823.68,955.92,2867.76,1609.05,1258.71,0.4389,277.52,4,3.1
ORD03854,2024-12-04,CUST0535,South,Tamil Nadu,Consumer,Office Supplies,Notebook,Online,Net Banking,9,199.47,0.0,1795.23,0.0,1795.23,1227.94,567.29,0.316,101.62,6,3.5
ORD03855,2025-05-22,CUST0973,North,Punjab,Consumer,Home Appliances,Vacuum Cleaner,Online,Debit Card,9,48.21,0.1,433.89,43.39,390.5,276.88,113.62,0.291,255.73,3,3.7
ORD03856,2024-12-18,CUST0922,South,Andhra Pradesh,Consumer,Electronics,Monitor,Online,Debit Card,8,1291.01,0.15,10328.08,1549.21,8778.87,5280.88,3497.99,0.3985,227.43,3,3.7
ORD03857,2023-10-06,CUST0985,South,Telangana,Small Business,Clothing,Jacket,Store,Net Banking,5,422.09,0.1,2110.45,211.04,1899.4,1174.16,725.24,0.3818,52.03,7,2.7
ORD03858,2023-09-08,CUST0117,West,Maharashtra,Corporate,Clothing,Jacket,Partner,Credit Card,7,762.14,0.0,5334.98,0.0,5334.98,4065.84,1269.14,0.2379,107.7,9,
ORD03859,2022-07-14,CUST0456,West,Gujarat,Corporate,Home Appliances,Coffee Maker,Online,Net Banking,4,281.42,0.0,1125.68,0.0,1125.68,791.58,334.1,0.2968,155.7,1,4.3
ORD03860,2023-05-04,CUST0360,East,Bihar,Consumer,Clothing,Shoes,Online,Debit Card,10,84.39,0.1,843.9,84.39,759.51,482.49,277.02,0.3647,93.4,4,4.2
ORD03861,2022-06-06,CUST0030,West,Maharashtra,Consumer,Office Supplies,Notebook,Store,Credit Card,5,1121.13,0.05,5605.65,280.28,5325.37,4028.55,1296.81,0.2435,132.59,10,2.5
ORD03862,2023-09-02,CUST0883,West,Gujarat,Small Business,Furniture,Cabinet,Store,Credit Card,4,200.56,0.0,802.24,0.0,802.24,602.97,199.27,0.2484,99.08,5,4.6
ORD03863,2025-06-03,CUST0325,East,Bihar,Consumer,Electronics,Headphones,Online,Credit Card,3,53.19,0.05,159.57,7.98,151.59,97.51,54.08,0.3567,198.0,2,4.3
ORD03864,2023-02-16,CUST0920,West,Goa,Small Business,Home Appliances,Air Cooler,Partner,Credit Card,1,887.04,0.05,887.04,44.35,842.69,574.66,268.03,0.3181,120.99,10,3.0
ORD03865,2025-05-13,CUST0074,South,Andhra Pradesh,Consumer,Clothing,Shoes,Store,,5,35.0,0.0,175.0,0.0,175.0,127.65,47.35,0.2706,116.96,3,3.8
ORD03866,2025-01-07,CUST0979,Central,Chhattisgarh,Small Business,Furniture,Cabinet,Online,Credit Card,2,662.88,0.0,1325.76,0.0,1325.76,852.04,473.72,0.3573,96.04,5,3.2
ORD03867,2025-02-21,CUST0832,North,Haryana,Consumer,Office Supplies,Notebook,Store,Cash,6,443.92,0.2,2663.52,532.7,2130.82,1533.83,596.99,0.2802,244.43,8,4.7
ORD03868,2023-04-16,CUST0419,South,Karnataka,Consumer,Clothing,Jeans,Store,UPI,5,489.34,0.0,2446.7,0.0,2446.7,1511.55,935.15,0.3822,200.86,3,4.8
ORD03869,2025-05-26,CUST0918,West,Gujarat,Corporate,Clothing,Shoes,Store,UPI,2,20.79,0.15,41.58,6.24,35.34,22.23,13.12,0.3712,221.87,3,4.4
ORD03870,2023-05-31,CUST0807,North,Punjab,Corporate,Electronics,Smartphone,Online,Debit Card,8,1447.05,0.15,11576.4,1736.46,9839.94,6237.36,3602.58,0.3661,130.28,6,5.0
ORD03871,2025-02-01,CUST0823,North,Uttar Pradesh,Consumer,Office Supplies,Printer Paper,Online,UPI,5,782.69,0.1,3913.45,391.34,3522.11,2827.32,694.79,0.1973,255.05,8,4.3
ORD03872,2023-01-28,CUST0742,East,Bihar,Small Business,Office Supplies,Pens,Online,UPI,2,865.18,0.05,1730.36,86.52,1643.84,1274.13,369.71,0.2249,136.58,1,4.0
ORD03873,2023-09-23,CUST0263,East,West Bengal,Consumer,Home Appliances,Blender,Store,Credit Card,1,1004.19,0.2,1004.19,200.84,803.35,564.43,238.92,0.2974,69.42,7,4.4
ORD03874,2023-08-31,CUST0446,West,Rajasthan,Consumer,Electronics,Monitor,Online,Net Banking,2,1199.32,0.1,2398.64,239.86,2158.78,1515.99,642.79,0.2978,162.99,7,3.5
ORD03875,2024-09-06,CUST0551,West,Rajasthan,Corporate,Home Appliances,Microwave,Online,Debit Card,1,917.75,0.0,917.75,0.0,917.75,518.68,399.07,0.4348,144.57,3,3.3
ORD03876,2023-03-10,CUST0404,North,Haryana,Corporate,Electronics,Laptop,Store,Credit Card,10,1146.86,0.1,11468.6,1146.86,10321.74,7487.05,2834.69,0.2746,45.69,3,3.9
ORD03877,2025-09-16,CUST0104,North,Haryana,Small Business,Office Supplies,Pens,Online,UPI,10,681.37,0.0,6813.7,0.0,6813.7,4351.18,2462.52,0.3614,205.55,9,3.7
ORD03878,2025-03-12,CUST0440,West,Rajasthan,Consumer,Electronics,Laptop,Store,UPI,3,566.34,0.05,1699.02,84.95,1614.07,1154.58,459.49,0.2847,247.36,10,3.5
ORD03879,2023-06-24,CUST0864,South,Karnataka,Consumer,Electronics,Headphones,Online,Debit Card,3,1237.35,0.1,3712.05,371.2,3340.84,2595.38,745.47,0.2231,119.72,1,5.0
ORD03880,2022-10-05,CUST0706,West,Goa,Corporate,Electronics,Laptop,Online,Net Banking,10,1299.99,0.05,12999.9,650.0,12349.9,6944.16,5405.74,0.4377,232.58,1,3.5
ORD03881,2022-08-21,CUST0143,North,Delhi,Consumer,Furniture,Bookshelf,Online,UPI,1,219.64,0.15,219.64,32.95,186.69,133.28,53.41,0.2861,184.04,2,3.1
ORD03882,2025-01-18,CUST0714,East,Odisha,Consumer,Furniture,Sofa,Partner,UPI,7,820.85,0.2,5745.95,1149.19,4596.76,3228.46,1368.3,0.2977,96.44,6,3.1
ORD03883,2025-05-07,CUST0917,East,Jharkhand,Consumer,Office Supplies,Printer Paper,Store,Debit Card,10,1030.21,0.05,10302.1,515.1,9787.0,5929.23,3857.77,0.3942,116.31,8,4.1
ORD03884,2022-12-28,CUST0207,East,Bihar,Consumer,Electronics,Smartphone,Online,Cash,7,139.14,0.05,973.98,48.7,925.28,670.4,254.88,0.2755,284.92,10,5.0
ORD03885,2022-01-26,CUST0546,East,Odisha,Consumer,Office Supplies,Printer Paper,Partner,Debit Card,9,1395.45,0.15,12559.05,1883.86,10675.19,7470.56,3204.63,0.3002,80.42,1,2.8
ORD03886,2024-11-14,CUST0803,East,Odisha,Consumer,Furniture,Bookshelf,Store,UPI,5,787.36,0.1,3936.8,393.68,3543.12,2682.77,860.35,0.2428,62.54,1,4.3
ORD03887,2025-11-18,CUST0883,South,Andhra Pradesh,Corporate,Electronics,Smartphone,Online,Debit Card,4,973.5,0.1,3894.0,389.4,3504.6,2032.2,1472.4,0.4201,41.19,2,4.8
ORD03888,2023-05-22,CUST0261,North,Haryana,Corporate,Home Appliances,Microwave,Online,UPI,5,279.69,0.15,1398.45,209.77,1188.68,796.15,392.53,0.3302,265.16,7,3.5
ORD03889,2025-08-17,CUST0824,North,Uttar Pradesh,Consumer,Furniture,Desk,Online,Credit Card,8,407.69,0.2,3261.52,652.3,2609.22,2138.1,471.12,0.1806,208.19,4,3.4
ORD03890,2025-09-24,CUST0083,South,Tamil Nadu,Consumer,Furniture,Cabinet,Store,Credit Card,8,194.69,0.1,1557.52,155.75,1401.77,1031.85,369.92,0.2639,52.67,1,5.0
ORD03891,2022-09-24,CUST0263,South,Karnataka,Consumer,Furniture,Cabinet,Store,Net Banking,4,407.04,0.0,1628.16,0.0,1628.16,1196.31,431.85,0.2652,234.38,8,4.8
ORD03892,2023-04-06,CUST0821,East,Bihar,Consumer,Electronics,Smartphone,Online,Debit Card,8,746.21,0.1,5969.68,596.97,5372.71,3416.11,1956.61,0.3642,196.24,4,3.7
ORD03893,2023-04-01,CUST0750,South,Tamil Nadu,Corporate,Clothing,Jeans,Online,Debit Card,4,1252.94,0.1,5011.76,501.18,4510.58,2595.16,1915.42,0.4247,296.14,7,4.2
ORD03894,2025-10-15,CUST0172,West,Rajasthan,Small Business,Home Appliances,Coffee Maker,Online,UPI,4,807.58,0.1,3230.32,323.03,2907.29,2344.33,562.96,0.1936,163.2,8,4.0
ORD03895,2024-12-27,CUST0698,Central,Chhattisgarh,Corporate,Home Appliances,Blender,Online,UPI,8,378.03,0.05,3024.24,151.21,2873.03,1661.98,1211.05,0.4215,164.6,1,4.6
ORD03896,2024-10-03,CUST0362,South,Telangana,Corporate,Office Supplies,Stapler,Online,Credit Card,2,81.26,0.1,162.52,16.25,146.27,119.65,26.62,0.182,89.79,2,4.0
ORD03897,2024-05-12,CUST0042,North,Punjab,Consumer,Electronics,Tablet,Online,Credit Card,4,938.63,0.1,3754.52,375.45,3379.07,1973.24,1405.82,0.416,73.46,2,3.6
ORD03898,2025-12-06,CUST0740,North,Delhi,Consumer,Furniture,Bookshelf,Online,Cash,1,638.94,0.05,638.94,31.95,606.99,361.86,245.14,0.4039,225.39,5,3.6
ORD03899,2023-05-06,CUST0274,West,Maharashtra,Small Business,Clothing,Backpack,Partner,UPI,1,1476.77,0.2,1476.77,295.35,1181.42,748.14,433.27,0.3667,124.35,5,4.8
ORD03900,2024-12-08,CUST0774,South,Karnataka,Small Business,Electronics,Laptop,Online,Debit Card,8,1172.94,0.2,9383.52,1876.7,7506.82,5167.25,2339.56,0.3117,222.83,6,4.1
ORD03901,2023-07-18,CUST0500,North,Punjab,Consumer,Electronics,Headphones,Online,Net Banking,4,1215.42,0.15,4861.68,729.25,4132.43,3154.73,977.7,0.2366,236.84,2,4.0
ORD03902,2025-01-30,CUST0132,West,Gujarat,Consumer,Clothing,Jacket,Online,UPI,6,33.17,0.1,199.02,19.9,179.12,145.47,33.64,0.1878,272.92,8,4.4
ORD03903,2022-08-04,CUST0453,North,Uttar Pradesh,Corporate,Furniture,Desk,Online,Credit Card,5,1170.03,0.05,5850.15,292.51,5557.64,3595.14,1962.5,0.3531,139.68,1,4.3
ORD03904,2023-07-13,CUST0910,East,Bihar,Consumer,Electronics,Laptop,Store,Credit Card,10,304.0,0.15,3040.0,456.0,2584.0,1435.44,1148.56,0.4445,46.84,9,3.3
ORD03905,2022-06-08,CUST0425,East,Bihar,Corporate,Home Appliances,Microwave,Store,Debit Card,6,884.91,0.1,5309.46,530.95,4778.51,3423.82,1354.69,0.2835,26.08,5,3.7
ORD03906,2023-05-04,CUST0943,West,Rajasthan,Small Business,Home Appliances,Air Cooler,Online,Net Banking,4,679.42,0.1,2717.68,271.77,2445.91,1814.65,631.26,0.2581,101.73,10,3.3
ORD03907,2023-11-17,CUST0609,North,Uttar Pradesh,Consumer,Clothing,Jacket,Online,Credit Card,4,863.83,0.0,3455.32,0.0,3455.32,2271.22,1184.1,0.3427,281.09,8,3.5
ORD03908,2025-06-19,CUST0053,Central,Madhya Pradesh,Small Business,Furniture,Office Chair,Online,Credit Card,7,213.16,0.1,1492.12,149.21,1342.91,805.13,537.78,0.4005,229.38,8,4.9
ORD03909,2024-03-04,CUST0789,West,Rajasthan,Small Business,Clothing,Jacket,Online,Net Banking,1,693.48,0.2,693.48,138.7,554.78,350.97,203.81,0.3674,176.56,2,5.0
ORD03910,2022-01-05,CUST0397,South,Tamil Nadu,Small Business,Electronics,Monitor,Store,Credit Card,9,69.86,0.0,628.74,0.0,628.74,457.14,171.6,0.2729,87.09,9,3.4
ORD03911,2022-12-27,CUST0194,North,Haryana,Consumer,Home Appliances,Microwave,Online,UPI,10,75.88,0.05,758.8,37.94,720.86,492.66,228.2,0.3166,219.59,6,3.6
ORD03912,2023-04-04,CUST0399,South,Telangana,Consumer,Office Supplies,Pens,Store,Credit Card,3,991.74,0.1,2975.22,297.52,2677.7,2010.21,667.48,0.2493,227.44,3,3.9
ORD03913,2022-09-05,CUST0464,West,Gujarat,Corporate,Clothing,Shoes,Store,UPI,4,1428.27,0.15,5713.08,856.96,4856.12,2956.92,1899.2,0.3911,84.52,1,2.3
ORD03914,2024-08-03,CUST0355,West,Maharashtra,Consumer,Office Supplies,Notebook,Online,Debit Card,9,1169.43,0.0,10524.87,0.0,10524.87,8181.36,2343.51,0.2227,218.28,9,5.0
ORD03915,2023-02-26,CUST0173,East,Bihar,Consumer,Office Supplies,Stapler,Online,Credit Card,5,711.7,0.2,3558.5,711.7,2846.8,1685.56,1161.24,0.4079,53.67,3,3.2
ORD03916,2022-01-15,CUST0340,Central,Chhattisgarh,Consumer,Home Appliances,Air Cooler,Partner,UPI,4,97.97,0.0,391.88,0.0,391.88,250.44,141.44,0.3609,48.47,1,3.8
ORD03917,2024-01-06,CUST0193,North,Delhi,Corporate,Clothing,Jacket,Online,UPI,6,81.85,0.2,491.1,98.22,392.88,278.8,114.08,0.2904,35.47,5,4.2
ORD03918,2025-02-19,CUST0430,North,Uttar Pradesh,Consumer,Office Supplies,Pens,Online,UPI,1,249.47,0.0,249.47,0.0,249.47,186.84,62.63,0.251,246.86,8,4.0
ORD03919,2022-10-04,CUST0387,Central,Madhya Pradesh,Consumer,Electronics,Laptop,Online,UPI,10,1464.08,0.0,14640.8,0.0,14640.8,9104.66,5536.14,0.3781,95.77,7,4.0
ORD03920,2023-03-29,CUST0657,West,Gujarat,Consumer,Furniture,Desk,Store,UPI,1,607.01,0.15,607.01,91.05,515.96,415.86,100.1,0.194,189.17,5,4.2
ORD03921,2025-11-14,CUST0657,East,West Bengal,Corporate,Furniture,Office Chair,Online,UPI,5,1267.46,0.2,6337.3,1267.46,5069.84,3754.98,1314.86,0.2593,60.46,2,3.2
ORD03922,2025-08-10,CUST0468,West,Maharashtra,Corporate,Home Appliances,Air Cooler,Partner,UPI,5,1062.14,0.25,5310.7,1327.68,3983.03,2424.76,1558.27,0.3912,143.88,2,4.0
ORD03923,2023-08-21,CUST0788,Central,Madhya Pradesh,Consumer,Clothing,Jacket,Store,UPI,9,914.06,0.0,8226.54,0.0,8226.54,6136.64,2089.9,0.254,27.76,3,4.8
ORD03924,2023-03-22,CUST0772,West,Rajasthan,Small Business,Clothing,Shoes,Partner,UPI,1,1422.52,0.1,1422.52,142.25,1280.27,944.85,335.42,0.262,260.79,6,3.7
ORD03925,2022-07-29,CUST0331,West,Goa,Consumer,Furniture,Cabinet,Online,UPI,3,357.16,0.0,1071.48,0.0,1071.48,807.07,264.41,0.2468,171.13,4,4.1
ORD03926,2023-12-15,CUST0527,West,Goa,Corporate,Electronics,Tablet,Store,Credit Card,3,690.51,0.0,2071.53,0.0,2071.53,1651.61,419.92,0.2027,269.34,9,4.3
ORD03927,2022-10-29,CUST0825,North,Haryana,Corporate,Furniture,Sofa,Online,Credit Card,4,1299.11,0.0,5196.44,0.0,5196.44,3856.61,1339.83,0.2578,150.98,3,4.3
ORD03928,2025-05-31,CUST0429,West,Maharashtra,Corporate,Furniture,Desk,Online,Debit Card,7,834.37,0.0,5840.59,0.0,5840.59,3767.27,2073.32,0.355,108.57,6,4.1
ORD03929,2022-01-03,CUST0795,North,Punjab,Consumer,Clothing,Jeans,Partner,Cash,7,380.97,0.2,2666.79,533.36,2133.43,1628.75,504.69,0.2366,132.22,4,4.2
ORD03930,2024-09-16,CUST0216,Central,Madhya Pradesh,Small Business,Office Supplies,Notebook,Online,Net Banking,10,325.24,0.0,3252.4,0.0,3252.4,2399.89,852.51,0.2621,88.28,1,3.4
ORD03931,2025-01-21,CUST0276,East,West Bengal,Small Business,Electronics,Laptop,Partner,UPI,5,1133.03,0.1,5665.15,566.52,5098.63,3594.79,1503.84,0.295,267.96,1,3.2
ORD03932,2023-06-04,CUST0108,West,Goa,Corporate,Clothing,T-Shirt,Online,Debit Card,9,33.99,0.1,305.91,30.59,275.32,177.73,97.59,0.3545,102.77,8,4.2
ORD03933,2025-12-22,CUST0256,East,Bihar,Consumer,Furniture,Bookshelf,Partner,Credit Card,7,1372.58,0.0,9608.06,0.0,9608.06,7673.8,1934.26,0.2013,101.82,3,3.8
ORD03934,2023-05-08,CUST0079,North,Uttar Pradesh,Consumer,Office Supplies,Printer Paper,Online,Net Banking,2,42.35,0.25,84.7,21.18,63.53,43.73,19.79,0.3116,196.85,2,4.2
ORD03935,2025-06-12,CUST0390,South,Telangana,Corporate,Electronics,Headphones,Store,Net Banking,3,952.02,0.05,2856.06,142.8,2713.26,1952.43,760.83,0.2804,54.36,1,4.0
ORD03936,2023-09-12,CUST0530,Central,Chhattisgarh,Consumer,Home Appliances,Coffee Maker,Online,Credit Card,7,913.05,0.2,6391.35,1278.27,5113.08,3385.62,1727.46,0.3379,81.37,8,3.6
ORD03937,2025-03-30,CUST0342,Central,Chhattisgarh,Corporate,Electronics,Smartphone,Online,Net Banking,5,873.94,0.2,4369.7,873.94,3495.76,2659.64,836.12,0.2392,140.37,9,3.7
ORD03938,2022-11-27,CUST0305,South,Tamil Nadu,Consumer,Electronics,Smartphone,Store,Debit Card,7,719.4,0.2,5035.8,1007.16,4028.64,2586.71,1441.93,0.3579,71.13,1,2.9
ORD03939,2022-11-29,CUST0725,Central,Madhya Pradesh,Corporate,Furniture,Desk,Store,Debit Card,9,1280.86,0.15,11527.74,1729.16,9798.58,7533.85,2264.73,0.2311,92.05,8,3.9
ORD03940,2022-02-19,CUST0920,West,Rajasthan,Consumer,Furniture,Office Chair,Online,UPI,9,994.11,0.05,8946.99,447.35,8499.64,4922.52,3577.12,0.4209,215.98,1,3.4
ORD03941,2024-05-12,CUST0209,West,Maharashtra,Consumer,Home Appliances,Vacuum Cleaner,Online,UPI,3,1176.07,0.0,3528.21,0.0,3528.21,2615.88,912.33,0.2586,98.36,10,4.3
ORD03942,2022-09-29,CUST0011,North,Uttar Pradesh,Consumer,Home Appliances,Air Cooler,Online,Net Banking,8,186.55,0.1,1492.4,149.24,1343.16,911.68,431.48,0.3212,198.41,2,4.0
ORD03943,2023-08-03,CUST0146,Central,Madhya Pradesh,Consumer,Home Appliances,Microwave,Online,Credit Card,6,89.1,0.05,534.6,26.73,507.87,375.15,132.72,0.2613,158.43,1,4.2
ORD03944,2025-06-29,CUST0035,East,West Bengal,Consumer,Clothing,Jacket,Online,Debit Card,4,57.36,0.15,229.44,34.42,195.02,135.24,59.78,0.3065,234.93,2,4.1
ORD03945,2023-07-14,CUST0567,Central,Madhya Pradesh,Corporate,Clothing,Jeans,Store,Debit Card,4,233.6,0.15,934.4,140.16,794.24,465.63,328.61,0.4137,230.2,2,4.4
ORD03946,2023-11-27,CUST0351,West,Gujarat,Corporate,Furniture,Bookshelf,Online,Debit Card,4,1005.51,0.05,4022.04,201.1,3820.94,2593.61,1227.33,0.3212,75.31,5,4.4
ORD03947,2025-01-18,CUST0540,West,Goa,Corporate,Furniture,Office Chair,Online,UPI,7,748.62,0.0,5240.34,0.0,5240.34,4246.93,993.41,0.1896,284.11,10,3.8
ORD03948,2023-03-22,CUST0856,West,Gujarat,Corporate,Home Appliances,Blender,Partner,,6,1132.09,0.05,6792.54,339.63,6452.91,4864.25,1588.66,0.2462,244.62,3,4.4
ORD03949,2024-10-13,CUST0676,South,Karnataka,Consumer,Clothing,T-Shirt,Online,Debit Card,2,299.72,0.1,599.44,59.94,539.5,340.45,199.05,0.3689,169.13,1,4.6
ORD03950,2025-09-17,CUST0109,South,Karnataka,Consumer,Office Supplies,Stapler,Store,Debit Card,5,559.94,0.0,2799.7,0.0,2799.7,2253.51,546.19,0.1951,176.73,10,3.9
ORD03951,2025-03-08,CUST0024,South,Karnataka,Consumer,Clothing,Jeans,Store,UPI,5,1334.42,0.15,6672.1,1000.82,5671.28,4311.97,1359.32,0.2397,252.07,2,4.4
ORD03952,2022-12-23,CUST0673,North,Punjab,Corporate,Furniture,Bookshelf,Store,UPI,6,1404.54,0.15,8427.24,1264.09,7163.15,4644.59,2518.56,0.3516,155.56,4,4.2
ORD03953,2022-10-01,CUST0499,East,Jharkhand,Consumer,Clothing,T-Shirt,Store,UPI,7,1383.77,0.0,9686.39,0.0,9686.39,6906.06,2780.33,0.287,153.98,7,4.4
ORD03954,2024-11-08,CUST0990,West,Goa,Consumer,Furniture,Cabinet,Store,Credit Card,8,1230.18,0.1,9841.44,984.14,8857.3,5891.92,2965.38,0.3348,196.45,1,4.4
ORD03955,2022-11-07,CUST0372,Central,Madhya Pradesh,Corporate,Home Appliances,Vacuum Cleaner,Online,Debit Card,10,1037.03,0.1,10370.3,1037.03,9333.27,5376.96,3956.31,0.4239,44.73,5,4.7
ORD03956,2024-05-19,CUST0165,North,Delhi,Small Business,Home Appliances,Vacuum Cleaner,Online,Credit Card,8,1371.81,0.1,10974.48,1097.45,9877.03,7581.89,2295.15,0.2324,183.0,2,2.9
ORD03957,2024-06-04,CUST0397,East,Bihar,Corporate,Home Appliances,Blender,Store,Credit Card,5,1075.56,0.25,5377.8,1344.45,4033.35,2426.43,1606.92,0.3984,82.69,8,4.4
ORD03958,2022-06-03,CUST0272,North,Haryana,Corporate,Office Supplies,Pens,Online,Debit Card,2,1431.6,0.0,2863.2,0.0,2863.2,1928.85,934.35,0.3263,52.68,2,4.4
ORD03959,2025-11-14,CUST0624,North,Haryana,Corporate,Office Supplies,Notebook,Online,Credit Card,10,51.81,0.1,518.1,51.81,466.29,344.92,121.37,0.2603,248.32,4,4.8
ORD03960,2025-07-07,CUST0427,North,Uttar Pradesh,Consumer,Furniture,Cabinet,Store,UPI,8,1383.64,0.2,11069.12,2213.82,8855.3,7099.27,1756.03,0.1983,126.91,6,4.2
ORD03961,2023-09-12,CUST0073,West,Goa,Corporate,Electronics,Headphones,Store,Cash,6,840.27,0.05,5041.62,252.08,4789.54,2715.36,2074.18,0.4331,160.79,9,4.5
ORD03962,2024-06-01,CUST0050,North,Uttar Pradesh,Small Business,Office Supplies,File Folder,Online,Credit Card,3,181.02,0.1,543.06,54.31,488.75,320.71,168.05,0.3438,102.17,10,3.9
ORD03963,2024-03-07,CUST0623,West,Rajasthan,Consumer,Furniture,Office Chair,Partner,Net Banking,4,334.14,0.15,1336.56,200.48,1136.08,813.38,322.7,0.284,28.65,4,3.5
ORD03964,2022-05-05,CUST0525,South,Karnataka,Consumer,Clothing,Jeans,Store,Credit Card,1,1280.46,0.15,1280.46,192.07,1088.39,827.63,260.76,0.2396,143.87,4,4.0
ORD03965,2025-10-09,CUST0071,Central,Madhya Pradesh,Consumer,Home Appliances,Microwave,Partner,UPI,3,766.58,0.0,2299.74,0.0,2299.74,1836.69,463.05,0.2013,230.07,7,3.9
ORD03966,2025-07-20,CUST0931,West,Rajasthan,Consumer,Home Appliances,Vacuum Cleaner,Partner,UPI,4,1474.48,0.1,5897.92,589.79,5308.13,2920.18,2387.94,0.4499,232.33,1,4.2
ORD03967,2023-09-11,CUST0492,Central,Chhattisgarh,Small Business,Home Appliances,Blender,Online,Cash,2,189.53,0.05,379.06,18.95,360.11,259.1,101.01,0.2805,278.17,5,5.0
ORD03968,2022-09-02,CUST0474,Central,Chhattisgarh,Consumer,Furniture,Sofa,Store,Credit Card,6,627.57,0.1,3765.42,376.54,3388.88,1870.23,1518.65,0.4481,255.31,5,4.2
ORD03969,2024-04-27,CUST0201,Central,Madhya Pradesh,Consumer,Home Appliances,Air Cooler,Store,Debit Card,8,507.83,0.1,4062.64,406.26,3656.38,2788.2,868.17,0.2374,295.05,1,4.0
ORD03970,2023-03-26,CUST0803,Central,Madhya Pradesh,Small Business,Office Supplies,Notebook,Store,Credit Card,6,781.46,0.15,4688.76,703.31,3985.45,2353.05,1632.4,0.4096,180.06,6,4.0
ORD03971,2024-07-18,CUST0024,West,Gujarat,Consumer,Clothing,Jacket,Store,Debit Card,10,955.66,0.15,9556.6,1433.49,8123.11,6429.83,1693.28,0.2085,34.26,9,4.3
ORD03972,2025-06-24,CUST0993,North,Punjab,Consumer,Home Appliances,Air Cooler,Online,Cash,3,997.52,0.05,2992.56,149.63,2842.93,1682.68,1160.25,0.4081,261.75,7,4.1
ORD03973,2023-06-04,CUST0469,South,Karnataka,Small Business,Furniture,Cabinet,Online,Net Banking,9,16.92,0.05,152.28,7.61,144.67,109.42,35.25,0.2436,286.57,2,4.1
ORD03974,2025-03-10,CUST0437,South,Andhra Pradesh,Consumer,Clothing,Jeans,Online,UPI,4,147.11,0.05,588.44,29.42,559.02,351.13,207.89,0.3719,149.97,4,3.9
ORD03975,2022-12-28,CUST0214,West,Maharashtra,Corporate,Home Appliances,Coffee Maker,Store,UPI,6,67.07,0.05,402.42,20.12,382.3,267.78,114.51,0.2995,51.9,8,4.4
ORD03976,2022-01-08,CUST0295,East,Bihar,Consumer,Electronics,Headphones,Store,Net Banking,4,1298.93,0.15,5195.72,779.36,4416.36,3154.51,1261.86,0.2857,26.89,1,3.5
ORD03977,2023-04-23,CUST0147,Central,Chhattisgarh,Consumer,Home Appliances,Air Cooler,Online,Debit Card,4,480.24,0.1,1920.96,192.1,1728.86,1047.39,681.47,0.3942,191.78,6,3.8
ORD03978,2025-10-07,CUST0940,Central,Madhya Pradesh,Consumer,Office Supplies,Notebook,Store,Credit Card,2,560.09,0.05,1120.18,56.01,1064.17,671.12,393.05,0.3694,206.93,3,4.7
ORD03979,2023-05-10,CUST0382,South,Telangana,Consumer,Clothing,T-Shirt,Store,Net Banking,10,683.8,0.2,6838.0,1367.6,5470.4,3167.51,2302.89,0.421,24.54,3,3.8
ORD03980,2024-04-12,CUST0686,East,Odisha,Small Business,Office Supplies,Printer Paper,Online,Debit Card,2,1276.22,0.1,2552.44,255.24,2297.2,1266.74,1030.46,0.4486,285.79,1,3.5
ORD03981,2025-12-21,CUST0429,Central,Madhya Pradesh,Small Business,Electronics,Laptop,Online,Credit Card,2,36.04,0.0,72.08,0.0,72.08,44.3,27.78,0.3853,171.83,8,4.1
ORD03982,2024-11-28,CUST0416,South,Telangana,Small Business,Electronics,Monitor,Online,Credit Card,2,191.15,0.05,382.3,19.12,363.18,250.35,112.83,0.3107,191.44,5,3.7
ORD03983,2023-08-16,CUST0005,West,Rajasthan,Consumer,Office Supplies,Printer Paper,Partner,UPI,8,1032.47,0.1,8259.76,825.98,7433.78,5520.86,1912.93,0.2573,177.96,1,3.4
ORD03984,2022-07-06,CUST0844,South,Telangana,Small Business,Clothing,Jacket,Store,UPI,10,1446.38,0.05,14463.8,723.19,13740.61,10501.41,3239.2,0.2357,108.74,5,4.5
ORD03985,2024-01-24,CUST0872,West,Goa,Corporate,Electronics,Laptop,Online,Debit Card,4,969.54,0.2,3878.16,775.63,3102.53,1764.83,1337.7,0.4312,272.16,5,3.7
ORD03986,2022-04-03,CUST0390,South,Telangana,Consumer,Electronics,Smartphone,Online,UPI,4,402.77,0.1,1611.08,161.11,1449.97,904.13,545.84,0.3764,21.07,9,4.1
ORD03987,2022-03-27,CUST0850,Central,Chhattisgarh,Corporate,Home Appliances,Air Cooler,Store,Net Banking,10,787.0,0.2,7870.0,1574.0,6296.0,4772.12,1523.88,0.242,229.21,10,4.0
ORD03988,2024-12-03,CUST0007,East,Bihar,Consumer,Furniture,Cabinet,Store,Cash,10,1462.85,,14628.5,0.0,14628.5,9944.96,4683.54,0.3202,121.03,3,3.7
ORD03989,2022-05-17,CUST0723,North,Punjab,Consumer,Electronics,Headphones,Store,UPI,3,799.19,0.15,2397.57,359.64,2037.93,1221.11,816.82,0.4008,73.26,9,3.8
ORD03990,2023-02-25,CUST0783,South,Karnataka,Small Business,Clothing,Jacket,Online,Net Banking,5,569.66,0.2,2848.3,569.66,2278.64,1494.55,784.09,0.3441,142.11,8,4.0
ORD03991,2022-03-15,CUST0490,East,Jharkhand,Corporate,Clothing,Shoes,Online,Net Banking,4,584.39,0.05,2337.56,116.88,2220.68,1383.28,837.4,0.3771,75.45,10,4.7
ORD03992,2025-03-25,CUST0329,Central,Chhattisgarh,Consumer,Home Appliances,Air Cooler,Partner,Debit Card,7,1451.04,0.0,10157.28,0.0,10157.28,5725.42,4431.86,0.4363,263.27,2,4.2
ORD03993,2025-07-02,CUST0276,West,Goa,Consumer,Clothing,Backpack,Online,Debit Card,10,1082.59,0.1,10825.9,1082.59,9743.31,7367.69,2375.62,0.2438,242.77,9,4.9
ORD03994,2022-06-20,CUST0240,East,Jharkhand,Small Business,Home Appliances,Coffee Maker,Online,UPI,7,1035.45,0.25,7248.15,1812.04,5436.11,3418.0,2018.12,0.3712,259.96,5,3.7
ORD03995,2022-06-19,CUST0827,South,Telangana,Corporate,Electronics,Headphones,Store,Credit Card,6,359.6,0.1,2157.6,215.76,1941.84,1563.54,378.3,0.1948,254.04,8,4.1
ORD03996,2024-05-21,CUST0980,East,West Bengal,Consumer,Electronics,Tablet,Partner,Debit Card,7,845.83,0.1,5920.81,592.08,5328.73,4208.6,1120.13,0.2102,250.95,8,3.3
ORD03997,2022-11-18,CUST0004,West,Gujarat,Consumer,Electronics,Headphones,Store,UPI,7,544.77,0.15,3813.39,572.01,3241.38,2409.63,831.75,0.2566,182.8,4,4.4
ORD03998,2023-04-01,CUST0714,West,Goa,Consumer,Electronics,Smartphone,Store,Credit Card,8,371.7,0.0,2973.6,0.0,2973.6,1897.73,1075.87,0.3618,272.55,1,4.6
ORD03999,2024-08-01,CUST0106,South,Andhra Pradesh,Small Business,Furniture,Sofa,Online,Credit Card,1,1344.9,0.1,1344.9,134.49,1210.41,757.21,453.2,0.3744,36.56,9,4.4
ORD04000,2024-02-29,CUST0040,West,Maharashtra,Consumer,Furniture,Office Chair,Online,UPI,3,583.99,0.0,1751.97,0.0,1751.97,1188.4,563.57,0.3217,100.04,6,4.5
ORD04001,2023-09-05,CUST0577,West,Gujarat,Consumer,Electronics,Tablet,Online,UPI,3,434.94,0.05,1304.82,65.24,1239.58,800.45,439.13,0.3543,79.52,2,4.0
ORD04002,2025-03-24,CUST0547,Central,Chhattisgarh,Consumer,Clothing,Backpack,Store,Net Banking,5,1398.6,0.15,6993.0,1048.95,5944.05,4715.49,1228.56,0.2067,53.9,4,4.3
ORD04003,2024-06-07,CUST0984,Central,Madhya Pradesh,Small Business,Home Appliances,Vacuum Cleaner,Online,UPI,10,308.06,0.15,3080.6,462.09,2618.51,1527.49,1091.02,0.4167,21.78,10,4.5
ORD04004,2022-12-15,CUST0556,West,Goa,Corporate,Office Supplies,Pens,Partner,,7,1122.07,0.25,7854.49,1963.62,5890.87,4392.27,1498.6,0.2544,132.74,5,4.7
ORD04005,2025-04-11,CUST0263,West,Goa,Corporate,Home Appliances,Microwave,Online,Debit Card,10,984.33,0.0,9843.3,0.0,9843.3,7037.39,2805.91,0.2851,222.72,6,4.0
ORD04006,2022-01-10,CUST0662,South,Telangana,Consumer,Office Supplies,File Folder,Online,Credit Card,6,1381.92,0.05,8291.52,414.58,7876.94,6047.14,1829.8,0.2323,200.57,5,3.6
ORD04007,2024-01-10,CUST0279,West,Rajasthan,Consumer,Office Supplies,File Folder,Online,Credit Card,4,1250.59,0.15,5002.36,750.35,4252.01,2961.4,1290.6,0.3035,202.29,9,4.8
ORD04008,2025-07-12,CUST0577,South,Telangana,Small Business,Electronics,Monitor,Store,Net Banking,6,1062.36,0.05,6374.16,318.71,6055.45,4359.78,1695.67,0.28,268.67,10,4.1
ORD04009,2025-06-24,CUST0344,South,Tamil Nadu,Small Business,Office Supplies,Pens,Online,UPI,7,482.14,0.0,3374.98,0.0,3374.98,2733.53,641.45,0.1901,288.06,2,4.0
ORD04010,2023-10-29,CUST0788,South,Tamil Nadu,Small Business,Electronics,Headphones,Partner,Net Banking,4,750.92,0.1,3003.68,300.37,2703.31,1553.94,1149.37,0.4252,210.57,3,3.6
ORD04011,2023-06-30,CUST0544,West,Goa,Small Business,Furniture,Cabinet,Online,UPI,8,1417.58,0.05,11340.64,567.03,10773.61,6230.53,4543.08,0.4217,43.78,10,3.9
ORD04012,2022-05-09,CUST0479,North,Delhi,Small Business,Clothing,Backpack,Store,Credit Card,5,49.46,0.25,247.3,61.82,185.48,121.72,63.75,0.3437,209.48,3,3.8
ORD04013,2023-08-24,CUST0865,East,Odisha,Corporate,Office Supplies,Stapler,Store,UPI,3,1194.58,0.1,3583.74,358.37,3225.37,2185.63,1039.74,0.3224,175.34,3,3.4
ORD04014,2023-08-28,CUST0164,East,Odisha,Small Business,Clothing,Backpack,Online,Debit Card,2,388.94,0.2,777.88,155.58,622.3,375.85,246.45,0.396,38.03,6,3.5
ORD04015,2022-11-23,CUST0402,North,Haryana,Corporate,Electronics,Laptop,Store,Debit Card,1,289.75,0.2,289.75,57.95,231.8,132.66,99.14,0.4277,91.99,8,4.4
ORD04016,2024-09-06,CUST0485,North,Delhi,Consumer,Office Supplies,Pens,Store,UPI,4,359.85,0.0,1439.4,0.0,1439.4,800.29,639.11,0.444,86.56,5,3.8
ORD04017,2023-02-08,CUST0353,West,Rajasthan,Consumer,Home Appliances,Vacuum Cleaner,Partner,Cash,2,103.73,0.15,207.46,31.12,176.34,133.39,42.95,0.2436,236.39,6,4.1
ORD04018,2023-09-21,CUST0673,West,Goa,Small Business,Furniture,Bookshelf,Partner,Net Banking,3,1488.09,0.05,4464.27,223.21,4241.06,2888.01,1353.04,0.319,116.66,1,3.9
ORD04019,2025-10-14,CUST0837,South,Andhra Pradesh,Consumer,Furniture,Desk,Online,Cash,1,1306.76,0.0,1306.76,0.0,1306.76,1016.29,290.47,0.2223,160.19,10,3.4
ORD04020,2023-12-19,CUST0082,Central,Chhattisgarh,Small Business,Office Supplies,Notebook,Online,Credit Card,6,788.77,0.2,4732.62,946.52,3786.1,2451.22,1334.88,0.3526,240.0,3,4.7
ORD04021,2024-11-06,CUST0265,West,Rajasthan,Consumer,Furniture,Office Chair,Online,,4,1076.93,0.05,4307.72,215.39,4092.33,3028.04,1064.29,0.2601,282.22,4,4.2
ORD04022,2022-10-01,CUST0042,South,Telangana,Consumer,Home Appliances,Air Cooler,Partner,Credit Card,5,841.54,0.05,4207.7,210.38,3997.31,2725.77,1271.54,0.3181,170.7,7,4.4
ORD04023,2023-11-16,CUST0991,West,Gujarat,Consumer,Clothing,Jeans,Online,Debit Card,8,1220.19,0.05,9761.52,488.08,9273.44,6632.91,2640.53,0.2847,175.48,5,4.3
ORD04024,2022-04-26,CUST0199,Central,Madhya Pradesh,Consumer,Home Appliances,Coffee Maker,Store,Debit Card,4,1269.48,0.05,5077.92,253.9,4824.02,3135.39,1688.63,0.35,46.84,1,3.9
ORD04025,2024-05-10,CUST0383,East,West Bengal,Consumer,Furniture,Office Chair,Store,UPI,6,360.69,0.1,2164.14,216.41,1947.73,1113.94,833.79,0.4281,158.41,3,3.7
ORD04026,2023-11-24,CUST0207,South,Andhra Pradesh,Consumer,Clothing,Jeans,Store,UPI,3,697.73,0.1,2093.19,209.32,1883.87,1518.01,365.86,0.1942,212.21,2,3.0
ORD04027,2025-01-19,CUST0110,Central,Chhattisgarh,Small Business,Home Appliances,Blender,Online,Cash,8,957.75,0.1,7662.0,766.2,6895.8,5349.38,1546.42,0.2243,72.93,6,2.8
ORD04028,2025-01-10,CUST0644,West,Goa,Consumer,Electronics,Laptop,Online,Cash,3,1467.98,0.2,4403.94,880.79,3523.15,2234.42,1288.73,0.3658,51.15,5,4.5
ORD04029,2022-11-20,CUST0430,North,Delhi,Consumer,Electronics,Headphones,Online,Credit Card,7,1028.79,0.05,7201.53,360.08,6841.45,5533.71,1307.75,0.1912,261.73,3,4.6
ORD04030,2024-08-18,CUST0743,East,Bihar,Consumer,Clothing,Jeans,Online,Net Banking,7,1347.99,0.0,9435.93,0.0,9435.93,5955.32,3480.61,0.3689,52.17,2,4.8
ORD04031,2022-04-24,CUST0072,East,West Bengal,Corporate,Clothing,Jacket,Online,UPI,3,1271.48,0.0,3814.44,0.0,3814.44,2554.18,1260.26,0.3304,275.66,1,3.9
ORD04032,2024-12-17,CUST0408,Central,Chhattisgarh,Corporate,Clothing,Jeans,Online,UPI,3,879.36,0.15,2638.08,395.71,2242.37,1690.49,551.88,0.2461,96.62,2,3.6
ORD04033,2022-06-03,CUST0840,East,West Bengal,Corporate,Electronics,Tablet,Store,Net Banking,10,1342.08,0.1,13420.8,1342.08,12078.72,7651.04,4427.68,0.3666,112.39,5,4.4
ORD04034,2025-11-28,CUST0636,South,Karnataka,Consumer,Home Appliances,Microwave,Online,Credit Card,10,575.47,0.25,5754.7,1438.68,4316.03,2751.97,1564.05,0.3624,167.16,5,4.7
ORD04035,2025-07-13,CUST0709,West,Maharashtra,Consumer,Clothing,Backpack,Online,Net Banking,8,578.24,0.15,4625.92,693.89,3932.03,2597.98,1334.05,0.3393,72.67,9,5.0
ORD04036,2022-11-11,CUST0279,East,Odisha,Corporate,Electronics,Headphones,Online,UPI,3,1174.73,0.0,3524.19,0.0,3524.19,2383.99,1140.2,0.3235,212.79,6,3.8
ORD04037,2024-11-30,CUST0107,South,Karnataka,Small Business,Clothing,Jacket,Online,Net Banking,2,214.8,0.0,429.6,0.0,429.6,250.62,178.98,0.4166,166.69,3,4.6
ORD04038,2022-04-15,CUST0439,East,West Bengal,Consumer,Clothing,T-Shirt,Online,Cash,5,469.15,0.1,2345.75,234.58,2111.18,1171.12,940.06,0.4453,284.91,10,4.3
ORD04039,2025-05-01,CUST0866,West,Maharashtra,Consumer,Clothing,Jeans,Online,UPI,7,918.73,0.15,6431.11,964.67,5466.44,4363.16,1103.28,0.2018,275.14,3,4.0
ORD04040,2025-11-25,CUST0655,North,Delhi,Consumer,Electronics,Monitor,Store,Credit Card,8,638.8,0.0,5110.4,0.0,5110.4,3298.05,1812.35,0.3546,235.52,3,3.6
ORD04041,2025-07-25,CUST0051,West,Maharashtra,Consumer,Home Appliances,Blender,Online,Credit Card,1,1411.97,0.1,1411.97,141.2,1270.77,733.82,536.96,0.4225,71.75,8,4.8
ORD04042,2022-12-20,CUST0123,South,Tamil Nadu,Corporate,Electronics,Headphones,Partner,Debit Card,2,1438.38,0.2,2876.76,575.35,2301.41,1737.51,563.9,0.245,79.86,9,4.7
ORD04043,2024-10-12,CUST0562,South,Telangana,Consumer,Electronics,Laptop,Online,Credit Card,7,761.33,0.15,5329.31,799.4,4529.91,2852.33,1677.58,0.3703,95.17,3,3.9
ORD04044,2024-01-03,CUST0431,South,Andhra Pradesh,Consumer,Clothing,Shoes,Partner,Net Banking,9,815.51,0.15,7339.59,1100.94,6238.65,3737.26,2501.39,0.401,253.56,1,4.5
ORD04045,2023-12-10,CUST0851,South,Andhra Pradesh,Consumer,Office Supplies,Stapler,Store,Debit Card,3,1091.07,0.15,3273.21,490.98,2782.23,2253.34,528.89,0.1901,201.42,8,4.4
ORD04046,2025-07-03,CUST0793,West,Goa,Small Business,Office Supplies,Stapler,Store,Cash,8,694.04,0.0,5552.32,0.0,5552.32,4433.79,1118.53,0.2015,69.16,10,4.4
ORD04047,2023-10-13,CUST0551,South,Telangana,Small Business,Office Supplies,Stapler,Partner,UPI,10,297.3,0.05,2973.0,148.65,2824.35,1634.03,1190.32,0.4214,148.31,2,3.4
ORD04048,2024-04-03,CUST0324,West,Rajasthan,Small Business,Electronics,Smartphone,Online,Credit Card,3,1124.25,0.0,3372.75,0.0,3372.75,2673.94,698.81,0.2072,292.97,7,3.4
ORD04049,2024-08-04,CUST0942,North,Uttar Pradesh,Consumer,Clothing,Backpack,Online,UPI,4,1110.61,0.0,4442.44,0.0,4442.44,3511.9,930.54,0.2095,225.03,7,3.9
ORD04050,2023-10-23,CUST0840,Central,Chhattisgarh,Corporate,Office Supplies,Printer Paper,Online,UPI,2,378.8,0.2,757.6,151.52,606.08,437.15,168.93,0.2787,281.6,9,4.2
ORD04051,2022-04-09,CUST0989,West,Rajasthan,Consumer,Furniture,Bookshelf,Online,UPI,9,1251.88,0.05,11266.92,563.35,10703.57,7417.89,3285.68,0.307,246.47,8,5.0
ORD04052,2023-08-11,CUST0375,West,Gujarat,Consumer,Furniture,Sofa,Online,UPI,5,926.27,0.15,4631.35,694.7,3936.65,2396.27,1540.38,0.3913,223.02,9,3.1
ORD04053,2022-10-09,CUST0874,South,Telangana,Consumer,Furniture,Bookshelf,Store,Credit Card,5,365.91,0.15,1829.55,274.43,1555.12,906.28,648.84,0.4172,252.38,1,4.7
ORD04054,2023-02-07,CUST0781,South,Karnataka,Corporate,Home Appliances,Blender,Online,UPI,4,983.28,0.1,3933.12,393.31,3539.81,2526.43,1013.38,0.2863,213.92,3,3.2
ORD04055,2025-02-06,CUST0678,South,Telangana,Consumer,Clothing,Shoes,Online,UPI,5,361.91,0.1,1809.55,180.96,1628.6,1257.16,371.44,0.2281,178.86,4,4.1
ORD04056,2023-12-01,CUST0548,Central,Chhattisgarh,Small Business,Electronics,Smartphone,Online,Net Banking,1,408.87,0.1,408.87,40.89,367.98,270.81,97.17,0.2641,226.05,3,2.9
ORD04057,2022-07-18,CUST0421,East,Bihar,Consumer,Electronics,Headphones,Store,Net Banking,10,1274.29,0.1,12742.9,1274.29,11468.61,6867.59,4601.02,0.4012,84.25,8,4.8
ORD04058,2025-08-19,CUST0938,West,Goa,Consumer,Clothing,Jeans,Partner,Credit Card,10,1395.29,0.2,13952.9,2790.58,11162.32,7013.34,4148.98,0.3717,157.3,7,4.2
ORD04059,2022-11-23,CUST0376,West,Gujarat,Consumer,Home Appliances,Microwave,Online,Credit Card,6,396.47,0.0,2378.82,0.0,2378.82,1659.3,719.52,0.3025,286.39,5,4.3
ORD04060,2022-06-03,CUST0109,South,Karnataka,Consumer,Clothing,Backpack,Online,UPI,4,1393.16,0.0,5572.64,0.0,5572.64,4005.32,1567.32,0.2813,246.41,5,4.5
ORD04061,2023-07-06,CUST0755,West,Gujarat,Consumer,Home Appliances,Coffee Maker,Online,Cash,4,369.62,0.1,1478.48,147.85,1330.63,757.81,572.83,0.4305,279.36,4,3.8
ORD04062,2023-02-09,CUST0491,West,Rajasthan,Consumer,Office Supplies,Stapler,Store,Debit Card,5,189.14,0.05,945.7,47.28,898.42,643.08,255.33,0.2842,290.89,5,3.0
ORD04063,2023-04-07,CUST0636,West,Gujarat,Consumer,Office Supplies,Notebook,Online,Debit Card,1,101.46,0.1,101.46,10.15,91.31,68.38,22.94,0.2512,184.41,5,2.9
ORD04064,2022-05-12,CUST0223,East,West Bengal,Consumer,Home Appliances,Vacuum Cleaner,Partner,Credit Card,4,374.54,0.25,1498.16,374.54,1123.62,673.01,450.61,0.401,74.93,4,4.3
ORD04065,2024-03-01,CUST0019,South,Tamil Nadu,Consumer,Clothing,T-Shirt,Online,Debit Card,10,587.09,0.15,5870.9,880.64,4990.27,3076.39,1913.87,0.3835,227.49,5,3.8
ORD04066,2024-05-23,CUST0549,South,Telangana,Consumer,Office Supplies,Stapler,Online,Debit Card,3,1392.41,0.2,4177.23,835.45,3341.78,2071.58,1270.21,0.3801,22.05,7,4.7
ORD04067,2022-03-25,CUST0217,West,Rajasthan,Consumer,Clothing,T-Shirt,Partner,Debit Card,5,374.6,0.05,1873.0,93.65,1779.35,1430.15,349.2,0.1963,44.96,9,4.0
ORD04068,2025-11-23,CUST0613,West,Goa,Consumer,Office Supplies,Pens,Partner,UPI,10,557.72,0.05,5577.2,278.86,5298.34,3496.34,1802.0,0.3401,100.11,7,4.4
ORD04069,2024-01-24,CUST0705,South,Tamil Nadu,Consumer,Clothing,Shoes,Store,Debit Card,5,1105.22,0.15,5526.1,828.92,4697.19,3256.34,1440.84,0.3067,24.25,1,4.6
ORD04070,2023-09-20,CUST0597,Central,Madhya Pradesh,Small Business,Clothing,Backpack,Online,Credit Card,8,463.58,0.15,3708.64,556.3,3152.34,2350.28,802.07,0.2544,211.34,9,4.5
ORD04071,2025-02-06,CUST0233,North,Uttar Pradesh,Consumer,Furniture,Office Chair,Store,Debit Card,1,1031.29,0.1,1031.29,103.13,928.16,603.58,324.58,0.3497,248.64,3,3.9
ORD04072,2022-08-09,CUST0551,Central,Madhya Pradesh,Consumer,Home Appliances,Coffee Maker,Online,Net Banking,3,656.64,0.2,1969.92,393.98,1575.94,911.68,664.26,0.4215,231.06,2,4.1
ORD04073,2023-07-07,CUST0410,Central,Madhya Pradesh,Small Business,Electronics,Tablet,Online,UPI,5,306.72,0.25,1533.6,383.4,1150.2,835.81,314.39,0.2733,60.45,10,4.5
ORD04074,2025-10-23,CUST0554,Central,Madhya Pradesh,Small Business,Home Appliances,Blender,Online,Cash,3,1105.08,0.1,3315.24,331.52,2983.72,2178.6,805.11,0.2698,245.09,9,4.2
ORD04075,2025-03-16,CUST0512,West,Gujarat,Small Business,Clothing,Jacket,Online,UPI,6,55.15,0.05,330.9,16.54,314.35,195.01,119.35,0.3797,251.98,2,2.9
ORD04076,2022-04-22,CUST0190,South,Tamil Nadu,Corporate,Clothing,T-Shirt,Store,Debit Card,10,449.12,0.1,4491.2,449.12,4042.08,2261.59,1780.49,0.4405,47.03,10,2.7
ORD04077,2023-09-07,CUST0821,South,Telangana,Consumer,Home Appliances,Coffee Maker,Online,Credit Card,3,543.93,0.25,1631.79,407.95,1223.84,892.97,330.87,0.2704,157.87,9,3.6
ORD04078,2024-07-12,CUST0963,West,Maharashtra,Consumer,Clothing,Backpack,Partner,UPI,6,695.45,0.05,4172.7,208.64,3964.07,2933.11,1030.95,0.2601,212.68,5,4.6
ORD04079,2023-04-20,CUST0306,South,Telangana,Corporate,Office Supplies,Pens,Online,UPI,8,1024.61,0.1,8196.88,819.69,7377.19,4109.37,3267.82,0.443,133.87,6,4.0
ORD04080,2024-04-15,CUST0873,North,Punjab,Small Business,Clothing,Backpack,Online,UPI,4,697.22,0.15,2788.88,418.33,2370.55,1747.47,623.08,0.2628,268.99,7,5.0
ORD04081,2022-09-28,CUST0453,West,Goa,Corporate,Home Appliances,Coffee Maker,Store,Net Banking,8,897.57,0.05,7180.56,359.03,6821.53,5481.17,1340.36,0.1965,168.16,7,4.5
ORD04082,2023-02-25,CUST0107,South,Andhra Pradesh,Small Business,Home Appliances,Coffee Maker,Store,UPI,7,899.73,0.1,6298.11,629.81,5668.3,3391.18,2277.11,0.4017,54.19,4,3.2
ORD04083,2023-12-08,CUST0669,Central,Madhya Pradesh,Consumer,Home Appliances,Coffee Maker,Partner,Credit Card,4,569.31,0.05,2277.24,113.86,2163.38,1494.37,669.01,0.3092,168.52,4,4.6
ORD04084,2025-10-22,CUST0225,West,Gujarat,Consumer,Furniture,Desk,Store,Net Banking,3,1401.95,0.2,4205.85,841.17,3364.68,2483.57,881.11,0.2619,181.68,5,3.3
ORD04085,2025-07-27,CUST0386,West,Maharashtra,Small Business,Furniture,Desk,Online,UPI,5,1434.44,0.15,7172.2,1075.83,6096.37,3731.72,2364.65,0.3879,287.02,9,5.0
ORD04086,2025-07-30,CUST0530,West,Gujarat,Corporate,Furniture,Sofa,Partner,Debit Card,5,879.05,0.15,4395.25,659.29,3735.96,2812.87,923.09,0.2471,138.16,10,4.3
ORD04087,2022-02-09,CUST0060,Central,Chhattisgarh,Small Business,Furniture,Office Chair,Partner,UPI,7,121.46,0.0,850.22,0.0,850.22,666.9,183.32,0.2156,270.05,1,4.9
ORD04088,2022-07-08,CUST0372,West,Goa,Corporate,Furniture,Bookshelf,Online,UPI,1,744.32,0.0,744.32,0.0,744.32,573.07,171.25,0.2301,109.59,8,4.3
ORD04089,2025-04-02,CUST0142,West,Maharashtra,Consumer,Furniture,Sofa,Store,Credit Card,9,288.86,0.2,2599.74,519.95,2079.79,1289.27,790.52,0.3801,146.65,8,4.0
ORD04090,2024-09-20,CUST0118,South,Karnataka,Consumer,Furniture,Desk,Store,Debit Card,2,732.57,0.05,1465.14,73.26,1391.88,1067.77,324.12,0.2329,209.08,7,4.1
ORD04091,2023-06-20,CUST0680,Central,Madhya Pradesh,Small Business,Home Appliances,Blender,Online,Debit Card,9,294.9,0.0,2654.1,0.0,2654.1,1755.96,898.14,0.3384,267.94,6,3.5
ORD04092,2024-10-24,CUST0192,West,Maharashtra,Corporate,Electronics,Smartphone,Partner,Debit Card,9,1060.23,0.0,9542.07,0.0,9542.07,5934.64,3607.43,0.3781,236.75,3,4.1
ORD04093,2022-10-17,CUST0286,East,Jharkhand,Consumer,Furniture,Sofa,Online,Credit Card,3,134.44,0.1,403.32,40.33,362.99,216.11,146.88,0.4046,63.53,8,4.1
ORD04094,2023-03-09,CUST0541,North,Punjab,Consumer,Home Appliances,Blender,Store,Credit Card,7,1430.66,0.0,10014.62,0.0,10014.62,7965.88,2048.74,0.2046,74.24,7,4.3
ORD04095,2023-04-16,CUST0669,West,Rajasthan,Consumer,Electronics,Headphones,Online,Credit Card,3,305.13,0.1,915.39,91.54,823.85,548.08,275.77,0.3347,39.1,8,3.9
ORD04096,2025-04-19,CUST0019,North,Haryana,Consumer,Furniture,Desk,Online,Debit Card,8,996.07,0.15,7968.56,1195.28,6773.28,5308.54,1464.74,0.2163,194.01,2,3.5
ORD04097,2025-06-25,CUST0602,Central,Chhattisgarh,Corporate,Electronics,Tablet,Store,Net Banking,8,1376.69,0.1,11013.52,1101.35,9912.17,5878.68,4033.49,0.4069,143.29,8,4.0
ORD04098,2023-09-20,CUST0622,Central,Madhya Pradesh,Consumer,Electronics,Tablet,Online,Credit Card,3,383.11,0.2,1149.33,229.87,919.46,696.12,223.35,0.2429,265.23,7,3.5
ORD04099,2022-10-06,CUST0570,North,Punjab,Consumer,Office Supplies,Notebook,Online,Debit Card,5,1402.43,0.0,7012.15,0.0,7012.15,4064.97,2947.18,0.4203,297.03,6,3.5
ORD04100,2024-05-26,CUST0116,West,Rajasthan,Small Business,Clothing,Jeans,Partner,Debit Card,7,592.18,0.1,4145.26,414.53,3730.73,2069.6,1661.14,0.4453,266.0,9,3.2
ORD04101,2023-08-04,CUST0040,North,Delhi,Consumer,Office Supplies,Notebook,Store,Net Banking,1,1441.39,0.0,1441.39,0.0,1441.39,1180.01,261.38,0.1813,33.05,8,3.9
ORD04102,2024-05-12,CUST0265,West,Goa,Small Business,Electronics,Headphones,Store,Credit Card,3,1457.48,0.2,4372.44,874.49,3497.95,1993.33,1504.63,0.4301,284.42,5,4.1
ORD04103,2022-09-11,CUST0121,South,Karnataka,Consumer,Home Appliances,Microwave,Online,Credit Card,1,294.3,0.2,294.3,58.86,235.44,158.83,76.61,0.3254,48.84,5,3.7
ORD04104,2022-06-30,CUST0622,West,Rajasthan,Small Business,Furniture,Desk,Online,Credit Card,2,1249.16,0.05,2498.32,124.92,2373.4,1868.26,505.15,0.2128,145.22,9,4.2
ORD04105,2023-11-12,CUST0364,South,Tamil Nadu,Consumer,Clothing,Shoes,Store,Cash,7,302.23,0.05,2115.61,105.78,2009.83,1550.05,459.78,0.2288,103.25,8,3.9
ORD04106,2024-04-04,CUST0205,North,Punjab,Consumer,Furniture,Sofa,Store,UPI,7,351.26,0.05,2458.82,122.94,2335.88,1581.9,753.98,0.3228,63.8,4,3.8
ORD04107,2023-12-01,CUST0486,South,Karnataka,Small Business,Home Appliances,Coffee Maker,Online,Credit Card,3,139.93,0.2,419.79,83.96,335.83,240.1,95.74,0.2851,67.95,9,4.6
ORD04108,2023-07-20,CUST0671,North,Uttar Pradesh,Corporate,Clothing,Shoes,Store,Debit Card,6,247.46,0.15,1484.76,222.71,1262.05,908.7,353.35,0.28,116.83,6,3.6
ORD04109,2025-09-11,CUST0846,East,Odisha,Consumer,Office Supplies,Stapler,Online,Credit Card,6,953.85,0.2,5723.1,1144.62,4578.48,2653.93,1924.55,0.4203,27.11,5,3.8
ORD04110,2025-10-12,CUST0095,North,Punjab,Small Business,Electronics,Laptop,Online,Credit Card,2,682.14,0.0,1364.28,0.0,1364.28,855.3,508.98,0.3731,38.1,10,4.2
ORD04111,2023-11-11,CUST0399,East,Bihar,Consumer,Home Appliances,Air Cooler,Online,Net Banking,9,1189.55,0.1,10705.95,1070.6,9635.36,6082.47,3552.89,0.3687,220.0,7,4.4
ORD04112,2023-01-26,CUST0546,Central,Chhattisgarh,Small Business,Electronics,Monitor,Online,UPI,8,508.02,0.15,4064.16,609.62,3454.54,2252.68,1201.85,0.3479,195.35,9,3.4
ORD04113,2025-01-13,CUST0754,West,Rajasthan,Consumer,Electronics,Tablet,Online,UPI,2,1453.41,0.2,2906.82,581.36,2325.46,1450.99,874.47,0.376,47.82,1,
ORD04114,2025-09-02,CUST0830,Central,Chhattisgarh,Consumer,Furniture,Cabinet,Store,Debit Card,4,89.06,0.05,356.24,17.81,338.43,209.12,129.31,0.3821,141.06,9,4.0
ORD04115,2022-07-31,CUST0330,Central,Chhattisgarh,Consumer,Home Appliances,Air Cooler,Online,UPI,9,108.46,0.05,976.14,48.81,927.33,598.86,328.47,0.3542,190.16,10,4.4
ORD04116,2023-01-19,CUST0825,North,Haryana,Consumer,Electronics,Laptop,Store,Debit Card,4,1056.54,0.2,4226.16,845.23,3380.93,2205.69,1175.24,0.3476,47.34,5,3.6
ORD04117,2022-12-08,CUST0661,North,Uttar Pradesh,Consumer,Office Supplies,File Folder,Store,Debit Card,7,1333.0,0.0,9331.0,0.0,9331.0,6359.55,2971.45,0.3184,292.16,9,4.0
ORD04118,2024-04-23,CUST0615,East,West Bengal,Consumer,Clothing,Backpack,Store,UPI,5,1196.32,0.1,5981.6,598.16,5383.44,3213.13,2170.31,0.4031,257.58,5,5.0
ORD04119,2024-11-27,CUST0310,Central,Chhattisgarh,Consumer,Home Appliances,Vacuum Cleaner,Online,Credit Card,10,742.38,0.1,7423.8,742.38,6681.42,5096.93,1584.49,0.2371,83.63,7,3.8
ORD04120,2023-02-24,CUST0217,Central,Madhya Pradesh,Consumer,Furniture,Sofa,Online,UPI,6,415.42,0.0,2492.52,0.0,2492.52,1950.1,542.42,0.2176,165.28,7,4.7
ORD04121,2024-01-21,CUST0677,North,Punjab,Consumer,Home Appliances,Coffee Maker,Store,Net Banking,1,34.98,0.05,34.98,1.75,33.23,20.5,12.73,0.383,162.15,9,3.8
ORD04122,2025-04-07,CUST0168,South,Karnataka,Small Business,Furniture,Cabinet,Online,Credit Card,4,771.54,0.15,3086.16,462.92,2623.24,1530.11,1093.13,0.4167,113.58,5,3.9
ORD04123,2025-09-28,CUST0532,South,Tamil Nadu,Corporate,Clothing,Backpack,Store,Net Banking,5,721.32,0.05,3606.6,180.33,3426.27,2552.65,873.62,0.255,232.7,7,3.8
ORD04124,2022-11-02,CUST0109,West,Gujarat,Corporate,Office Supplies,File Folder,Online,Credit Card,6,526.21,0.05,3157.26,157.86,2999.4,2398.16,601.24,0.2005,204.32,5,3.4
ORD04125,2023-12-03,CUST0199,West,Gujarat,Small Business,Electronics,Laptop,Online,Debit Card,6,873.44,0.15,5240.64,786.1,4454.54,2492.27,1962.27,0.4405,261.98,4,3.4
ORD04126,2024-05-18,CUST0402,North,Uttar Pradesh,Corporate,Home Appliances,Blender,Store,UPI,5,1097.29,0.25,5486.45,1371.61,4114.84,2279.2,1835.64,0.4461,21.43,1,4.4
ORD04127,2023-06-21,CUST0745,East,Bihar,Small Business,Furniture,Bookshelf,Partner,UPI,3,1055.82,0.15,3167.46,475.12,2692.34,1614.13,1078.22,0.4005,189.12,5,3.7
ORD04128,2025-02-09,CUST0172,West,Maharashtra,Consumer,Clothing,T-Shirt,Online,Credit Card,2,405.93,0.15,811.86,121.78,690.08,507.14,182.94,0.2651,297.97,4,3.6
ORD04129,2025-12-05,CUST0184,West,Goa,Consumer,Electronics,Monitor,Online,Net Banking,7,884.18,0.2,6189.26,1237.85,4951.41,4013.07,938.34,0.1895,240.98,1,3.6
ORD04130,2022-07-25,CUST0730,North,Uttar Pradesh,Consumer,Clothing,Backpack,Store,Cash,1,235.93,0.15,235.93,35.39,200.54,150.93,49.61,0.2474,116.41,10,3.0
ORD04131,2025-04-23,CUST0017,Central,Madhya Pradesh,Consumer,Office Supplies,Pens,Online,Credit Card,5,195.58,0.25,977.9,244.48,733.42,516.86,216.57,0.2953,63.71,1,3.6
ORD04132,2025-11-06,CUST0554,East,Jharkhand,Small Business,Electronics,Headphones,Online,Net Banking,4,1182.0,0.15,4728.0,709.2,4018.8,2970.49,1048.31,0.2609,139.92,5,3.9
ORD04133,2023-05-11,CUST0967,West,Maharashtra,Corporate,Electronics,Headphones,Online,UPI,7,1045.21,0.15,7316.47,1097.47,6219.0,3807.82,2411.18,0.3877,138.8,9,3.4
ORD04134,2025-11-03,CUST0156,West,Gujarat,Consumer,Electronics,Smartphone,Online,Cash,2,1155.37,0.15,2310.74,346.61,1964.13,1445.42,518.71,0.2641,183.88,1,4.2
ORD04135,2024-12-06,CUST0021,North,Uttar Pradesh,Corporate,Furniture,Desk,Store,Credit Card,8,241.41,0.2,1931.28,386.26,1545.02,983.86,561.17,0.3632,38.5,8,3.9
ORD04136,2023-05-19,CUST0421,North,Uttar Pradesh,Consumer,Electronics,Monitor,Online,Net Banking,9,1373.21,0.15,12358.89,1853.83,10505.06,6408.65,4096.41,0.3899,128.41,9,3.6
ORD04137,2024-11-11,CUST0151,West,Gujarat,Consumer,Clothing,T-Shirt,Partner,Credit Card,10,212.67,0.15,2126.7,319.0,1807.7,1109.69,698.01,0.3861,259.34,10,4.1
ORD04138,2022-08-01,CUST0111,North,Uttar Pradesh,Corporate,Furniture,Office Chair,Store,Net Banking,1,1307.0,0.05,1307.0,65.35,1241.65,906.78,334.87,0.2697,200.21,4,4.0
ORD04139,2022-11-06,CUST0816,West,Maharashtra,Small Business,Electronics,Tablet,Partner,UPI,5,538.28,0.2,2691.4,538.28,2153.12,1630.24,522.88,0.2428,141.72,8,4.4
ORD04140,2023-10-23,CUST0315,West,Rajasthan,Small Business,Clothing,T-Shirt,Online,Debit Card,4,171.57,0.1,686.28,68.63,617.65,436.73,180.92,0.2929,106.87,1,3.2
ORD04141,2024-01-23,CUST0640,West,Goa,Corporate,Clothing,Jeans,Online,Credit Card,5,440.85,0.0,2204.25,0.0,2204.25,1250.34,953.91,0.4328,98.34,4,4.9
ORD04142,2022-09-29,CUST0880,South,Telangana,Consumer,Home Appliances,Microwave,Partner,Net Banking,9,284.45,0.15,2560.05,384.01,2176.04,1219.16,956.89,0.4397,229.56,10,3.9
ORD04143,2024-07-26,CUST0458,South,Tamil Nadu,Consumer,Clothing,Backpack,Online,UPI,3,743.64,0.05,2230.92,111.55,2119.37,1289.93,829.45,0.3914,140.03,2,4.5
ORD04144,2025-05-10,CUST0052,West,Gujarat,Consumer,Office Supplies,Stapler,Store,Debit Card,1,1425.37,0.0,1425.37,0.0,1425.37,894.2,531.17,0.3727,88.94,10,3.3
ORD04145,2022-02-01,CUST0273,North,Haryana,Corporate,Electronics,Laptop,Online,Debit Card,3,501.89,0.05,1505.67,75.28,1430.39,943.06,487.33,0.3407,247.56,4,4.0
ORD04146,2023-03-19,CUST0806,West,Goa,Consumer,Electronics,Laptop,Store,Net Banking,4,923.97,0.0,3695.88,0.0,3695.88,2108.6,1587.28,0.4295,94.37,2,3.8
ORD04147,2022-06-11,CUST0385,West,Gujarat,Consumer,Electronics,Smartphone,Partner,Debit Card,2,1339.21,0.0,2678.42,0.0,2678.42,1997.55,680.87,0.2542,38.04,3,4.3
ORD04148,2024-02-06,CUST0587,South,Karnataka,Small Business,Clothing,Jacket,Online,Credit Card,1,950.66,0.1,950.66,95.07,855.59,634.94,220.65,0.2579,173.47,1,4.9
ORD04149,2022-09-11,CUST0929,West,Goa,Small Business,Clothing,Shoes,Online,Cash,1,552.87,0.2,552.87,110.57,442.3,284.66,157.63,0.3564,98.13,10,4.0
ORD04150,2023-06-05,CUST0863,North,Delhi,Corporate,Electronics,Monitor,Online,Debit Card,8,1486.4,0.1,11891.2,1189.12,10702.08,7512.97,3189.11,0.298,21.37,3,3.7
ORD04151,2024-09-03,CUST0812,South,Tamil Nadu,Consumer,Furniture,Cabinet,Online,Debit Card,4,293.31,0.1,1173.24,117.32,1055.92,609.52,446.39,0.4228,160.44,7,4.0
ORD04152,2022-01-10,CUST0088,Central,Madhya Pradesh,Consumer,Furniture,Cabinet,Online,Credit Card,2,792.04,0.15,1584.08,237.61,1346.47,891.51,454.96,0.3379,270.47,8,2.7
ORD04153,2023-12-27,CUST0020,Central,Chhattisgarh,Consumer,Office Supplies,Pens,Store,Net Banking,10,1198.11,0.05,11981.1,599.05,11382.04,8895.55,2486.49,0.2185,200.36,6,3.7
ORD04154,2023-05-20,CUST0431,East,West Bengal,Corporate,Home Appliances,Blender,Online,Credit Card,3,15.96,0.15,47.88,7.18,40.7,29.64,11.05,0.2716,25.08,1,2.8
ORD04155,2024-02-24,CUST0581,Central,Madhya Pradesh,Consumer,Office Supplies,Printer Paper,Online,UPI,8,1057.53,0.05,8460.24,423.01,8037.23,4646.04,3391.19,0.4219,126.05,7,4.6
ORD04156,2023-03-12,CUST0170,East,Odisha,Small Business,Electronics,Smartphone,Online,Net Banking,6,410.75,0.1,2464.5,246.45,2218.05,1727.52,490.53,0.2212,89.17,3,4.5
ORD04157,2025-02-08,CUST0666,South,Tamil Nadu,Small Business,Electronics,Headphones,Online,Credit Card,8,267.04,0.05,2136.32,106.82,2029.5,1489.23,540.28,0.2662,207.72,9,4.4
ORD04158,2022-06-02,CUST0817,South,Andhra Pradesh,Consumer,Electronics,Tablet,Online,Net Banking,10,422.18,0.25,4221.8,1055.45,3166.35,2128.82,1037.53,0.3277,147.93,2,3.5
ORD04159,2024-07-05,CUST0106,Central,Chhattisgarh,Consumer,Home Appliances,Coffee Maker,Store,Debit Card,5,1450.72,0.0,7253.6,0.0,7253.6,5344.92,1908.68,0.2631,68.37,9,3.2
ORD04160,2024-05-18,CUST0327,North,Haryana,Corporate,Clothing,Backpack,Partner,UPI,3,1339.52,0.1,4018.56,401.86,3616.7,2157.95,1458.76,0.4033,147.76,10,4.6
ORD04161,2025-01-30,CUST0219,East,West Bengal,Small Business,Home Appliances,Air Cooler,Online,Debit Card,6,332.43,0.05,1994.58,99.73,1894.85,1323.8,571.05,0.3014,280.79,2,5.0
ORD04162,2024-01-23,CUST0786,East,Bihar,Small Business,Office Supplies,File Folder,Online,UPI,10,188.78,0.1,1887.8,188.78,1699.02,1217.93,481.09,0.2832,135.02,2,4.4
ORD04163,2025-04-29,CUST0870,West,Goa,Consumer,Clothing,Jacket,Store,Debit Card,8,555.77,0.1,4446.16,444.62,4001.54,3203.2,798.34,0.1995,263.69,4,4.9
ORD04164,2023-07-17,CUST0607,East,West Bengal,Consumer,Clothing,T-Shirt,Online,,5,894.62,0.05,4473.1,223.66,4249.45,2413.94,1835.5,0.4319,153.12,2,4.1
ORD04165,2025-01-09,CUST0265,South,Telangana,Corporate,Office Supplies,Stapler,Online,Cash,5,1302.71,0.05,6513.55,325.68,6187.87,4029.49,2158.38,0.3488,232.14,7,3.8
ORD04166,2023-05-04,CUST0322,North,Haryana,Corporate,Clothing,T-Shirt,Store,Credit Card,3,1449.64,0.0,4348.92,0.0,4348.92,3491.92,857.0,0.1971,240.04,3,5.0
ORD04167,2024-06-13,CUST0758,West,Rajasthan,Consumer,Furniture,Bookshelf,Online,Net Banking,3,1130.46,0.15,3391.38,508.71,2882.67,1754.54,1128.13,0.3914,233.01,4,4.0
ORD04168,2025-01-16,CUST0316,West,Maharashtra,Consumer,Office Supplies,Printer Paper,Online,Credit Card,8,904.53,0.05,7236.24,361.81,6874.43,5290.31,1584.12,0.2304,198.78,1,4.6
ORD04169,2025-05-02,CUST0108,East,Jharkhand,Corporate,Office Supplies,Printer Paper,Partner,Debit Card,1,226.36,0.15,226.36,33.95,192.41,105.91,86.5,0.4496,286.7,10,3.9
ORD04170,2022-04-14,CUST0805,West,Goa,Consumer,Furniture,Desk,Online,Net Banking,4,124.93,0.1,499.72,49.97,449.75,250.5,199.24,0.443,280.0,4,3.8
ORD04171,2025-01-24,CUST0943,North,Delhi,Small Business,Home Appliances,Air Cooler,Partner,Credit Card,9,900.1,0.0,8100.9,0.0,8100.9,5172.09,2928.81,0.3615,104.78,4,3.9
ORD04172,2025-12-17,CUST0749,Central,Madhya Pradesh,Consumer,Home Appliances,Blender,Online,Net Banking,6,815.51,0.0,4893.06,0.0,4893.06,3706.47,1186.59,0.2425,214.51,4,4.3
ORD04173,2025-05-06,CUST0509,East,West Bengal,Corporate,Home Appliances,Air Cooler,Store,UPI,6,1271.44,0.2,7628.64,1525.73,6102.91,3528.21,2574.7,0.4219,206.14,9,3.8
ORD04174,2024-10-21,CUST0541,North,Punjab,Corporate,Clothing,Shoes,Online,Debit Card,10,494.07,0.1,4940.7,494.07,4446.63,2905.3,1541.33,0.3466,76.07,3,5.0
ORD04175,2024-10-03,CUST0994,East,West Bengal,Consumer,Furniture,Office Chair,Online,UPI,7,73.94,0.0,517.58,0.0,517.58,303.04,214.54,0.4145,94.22,7,4.2
ORD04176,2023-02-11,CUST0575,West,Goa,Corporate,Office Supplies,Printer Paper,Store,Debit Card,7,644.21,0.15,4509.47,676.42,3833.05,2339.58,1493.47,0.3896,107.01,4,3.9
ORD04177,2025-11-02,CUST0527,Central,Madhya Pradesh,Corporate,Office Supplies,File Folder,Partner,Debit Card,6,1454.24,0.15,8725.44,1308.82,7416.62,5086.38,2330.24,0.3142,112.84,1,3.6
ORD04178,2022-06-16,CUST0238,South,Telangana,Small Business,Office Supplies,Printer Paper,Online,UPI,9,1196.43,0.05,10767.87,538.39,10229.48,6507.66,3721.82,0.3638,259.22,10,4.3
ORD04179,2023-05-24,CUST0009,West,Goa,Consumer,Clothing,Jeans,Store,Debit Card,8,65.15,0.1,521.2,52.12,469.08,284.83,184.25,0.3928,232.06,3,2.6
ORD04180,2022-11-09,CUST0336,North,Delhi,Corporate,Clothing,Jeans,Online,Credit Card,8,1313.9,0.05,10511.2,525.56,9985.64,6553.02,3432.62,0.3438,246.17,9,3.9
ORD04181,2025-12-12,CUST0322,North,Punjab,Corporate,Home Appliances,Coffee Maker,Store,,2,715.46,0.0,1430.92,0.0,1430.92,1057.86,373.06,0.2607,275.65,10,4.5
ORD04182,2024-02-02,CUST0001,East,Jharkhand,Consumer,Clothing,Backpack,Store,Net Banking,7,556.68,0.05,3896.76,194.84,3701.92,2155.42,1546.5,0.4178,164.02,6,3.3
ORD04183,2023-11-12,CUST0121,West,Rajasthan,Small Business,Home Appliances,Air Cooler,Online,UPI,1,529.91,0.15,529.91,79.49,450.42,306.06,144.37,0.3205,253.92,8,4.2
ORD04184,2023-04-22,CUST0009,West,Gujarat,Consumer,Home Appliances,Coffee Maker,Online,UPI,10,898.79,0.1,8987.9,898.79,8089.11,5049.01,3040.1,0.3758,214.69,9,4.3
ORD04185,2022-03-14,CUST0313,South,Andhra Pradesh,Consumer,Office Supplies,Stapler,Online,UPI,8,802.94,0.1,6423.52,642.35,5781.17,3770.64,2010.53,0.3478,150.14,8,3.8
ORD04186,2025-03-10,CUST0184,North,Uttar Pradesh,Consumer,Clothing,T-Shirt,Partner,UPI,3,990.09,0.05,2970.27,148.51,2821.76,2177.89,643.87,0.2282,74.28,5,4.1
ORD04187,2023-08-05,CUST0660,East,Odisha,Consumer,Home Appliances,Air Cooler,Online,Debit Card,9,866.86,0.1,7801.74,780.17,7021.57,5624.46,1397.1,0.199,140.48,6,4.0
ORD04188,2022-09-19,CUST0238,North,Delhi,Small Business,Furniture,Desk,Store,Cash,5,228.76,0.05,1143.8,57.19,1086.61,668.92,417.69,0.3844,77.84,10,3.4
ORD04189,2025-09-25,CUST0889,North,Uttar Pradesh,Corporate,Furniture,Bookshelf,Online,Credit Card,7,397.0,0.1,2779.0,277.9,2501.1,1801.02,700.08,0.2799,100.41,2,5.0
ORD04190,2025-08-24,CUST0770,South,Tamil Nadu,Consumer,Clothing,Jacket,Store,UPI,7,1263.93,0.0,8847.51,0.0,8847.51,6482.6,2364.91,0.2673,99.38,9,4.3
ORD04191,2022-09-02,CUST0769,South,Tamil Nadu,Small Business,Office Supplies,Printer Paper,Store,Net Banking,9,999.94,0.15,8999.46,1349.92,7649.54,5947.3,1702.24,0.2225,233.09,6,3.9
ORD04192,2025-09-22,CUST0330,South,Andhra Pradesh,Consumer,Office Supplies,Stapler,Store,UPI,2,680.87,0.0,1361.74,0.0,1361.74,1079.51,282.23,0.2073,162.18,8,4.0
ORD04193,2023-07-15,CUST0471,East,West Bengal,Corporate,Home Appliances,Blender,Partner,Net Banking,4,286.16,0.1,1144.64,114.46,1030.18,696.77,333.41,0.3236,242.08,7,4.5
ORD04194,2025-01-04,CUST0822,North,Uttar Pradesh,Consumer,Clothing,Backpack,Online,Debit Card,8,26.42,0.1,211.36,21.14,190.22,155.09,35.14,0.1847,265.67,10,2.9
ORD04195,2022-06-24,CUST0019,North,Punjab,Consumer,Furniture,Sofa,Online,Debit Card,5,478.15,0.15,2390.75,358.61,2032.14,1650.35,381.79,0.1879,191.27,2,3.9
ORD04196,2022-04-19,CUST0018,West,Rajasthan,Consumer,Home Appliances,Blender,Partner,Net Banking,5,96.45,0.15,482.25,72.34,409.91,281.51,128.41,0.3133,134.02,2,3.2
ORD04197,2022-07-02,CUST0280,North,Punjab,Corporate,Home Appliances,Coffee Maker,Online,Debit Card,3,731.19,0.05,2193.57,109.68,2083.89,1451.12,632.78,0.3037,259.9,5,4.5
ORD04198,2022-07-11,CUST0127,West,Goa,Consumer,Electronics,Tablet,Store,UPI,5,1235.38,0.15,6176.9,926.54,5250.37,3834.3,1416.06,0.2697,178.91,3,
ORD04199,2022-03-06,CUST0308,North,Delhi,Consumer,Clothing,Shoes,Store,Credit Card,7,438.82,0.0,3071.74,0.0,3071.74,1999.49,1072.25,0.3491,259.94,1,3.8
ORD04200,2024-08-20,CUST0214,South,Tamil Nadu,Consumer,Home Appliances,Microwave,Store,Net Banking,4,1273.91,0.0,5095.64,0.0,5095.64,3713.46,1382.18,0.2712,94.32,10,4.3
ORD04201,2025-01-28,CUST0276,North,Delhi,Consumer,Furniture,Office Chair,Online,UPI,8,1061.28,0.2,8490.24,1698.05,6792.19,4678.85,2113.34,0.3111,178.41,3,4.2
ORD04202,2024-05-13,CUST0907,North,Uttar Pradesh,Small Business,Electronics,Tablet,Online,Debit Card,6,201.01,0.0,1206.06,0.0,1206.06,674.87,531.19,0.4404,79.29,7,5.0
ORD04203,2025-02-25,CUST0329,East,West Bengal,Consumer,Furniture,Office Chair,Store,UPI,6,972.17,0.05,5833.02,291.65,5541.37,4323.58,1217.79,0.2198,215.54,10,4.3
ORD04204,2023-01-04,CUST0719,Central,Madhya Pradesh,Small Business,Office Supplies,File Folder,Online,UPI,6,240.24,0.0,1441.44,0.0,1441.44,1158.8,282.64,0.1961,184.33,9,3.3
ORD04205,2024-04-30,CUST0700,North,Delhi,Consumer,Electronics,Laptop,Store,Credit Card,4,987.36,0.1,3949.44,394.94,3554.5,1980.15,1574.35,0.4429,175.68,4,3.6
ORD04206,2022-02-12,CUST0016,South,Karnataka,Corporate,Electronics,Tablet,Online,UPI,3,226.93,0.2,680.79,136.16,544.63,415.61,129.02,0.2369,198.95,8,4.1
ORD04207,2025-12-13,CUST0653,West,Rajasthan,Consumer,Home Appliances,Coffee Maker,Online,UPI,10,597.88,0.05,5978.8,298.94,5679.86,3715.59,1964.27,0.3458,125.11,6,2.8
ORD04208,2023-05-03,CUST0437,East,West Bengal,Small Business,Office Supplies,File Folder,Online,Credit Card,6,856.39,0.1,5138.34,513.83,4624.51,3274.71,1349.8,0.2919,73.75,4,4.7
ORD04209,2022-03-19,CUST0006,West,Gujarat,Consumer,Home Appliances,Coffee Maker,Partner,Net Banking,6,89.81,0.1,538.86,53.89,484.97,332.21,152.77,0.315,245.8,3,4.2
ORD04210,2024-04-05,CUST0281,North,Uttar Pradesh,Corporate,Clothing,Jacket,Online,Debit Card,2,242.66,0.05,485.32,24.27,461.05,322.21,138.84,0.3011,127.62,5,3.0
ORD04211,2025-07-17,CUST0831,Central,Madhya Pradesh,Small Business,Furniture,Office Chair,Store,Debit Card,10,490.81,0.1,4908.1,490.81,4417.29,3020.1,1397.19,0.3163,296.9,3,4.0
ORD04212,2023-11-05,CUST0687,South,Karnataka,Small Business,Furniture,Cabinet,Partner,UPI,9,701.55,0.1,6313.95,631.4,5682.56,4434.73,1247.82,0.2196,154.68,8,5.0
ORD04213,2023-12-02,CUST0015,South,Karnataka,Consumer,Home Appliances,Blender,Store,UPI,4,1289.85,0.05,5159.4,257.97,4901.43,3600.33,1301.1,0.2655,157.2,6,3.7
ORD04214,2024-01-29,CUST0310,Central,Chhattisgarh,Small Business,Furniture,Sofa,Partner,Cash,4,293.1,0.2,1172.4,234.48,937.92,620.35,317.57,0.3386,209.79,6,3.1
ORD04215,2023-12-29,CUST0466,East,Jharkhand,Corporate,Furniture,Desk,Online,Credit Card,10,530.99,0.0,5309.9,0.0,5309.9,3907.63,1402.27,0.2641,206.69,7,3.7
ORD04216,2025-08-31,CUST0427,East,West Bengal,Consumer,Clothing,Jeans,Store,Debit Card,8,721.53,0.0,5772.24,0.0,5772.24,4678.76,1093.48,0.1894,70.55,7,3.0
ORD04217,2024-07-13,CUST0481,West,Gujarat,Consumer,Office Supplies,Pens,Online,Credit Card,3,454.23,0.25,1362.69,340.67,1022.02,584.27,437.75,0.4283,96.25,8,4.2
ORD04218,2024-06-20,CUST0640,East,Bihar,Consumer,Electronics,Laptop,Store,Net Banking,10,944.24,0.15,9442.4,1416.36,8026.04,5255.32,2770.72,0.3452,84.82,5,3.4
ORD04219,2024-06-07,CUST0526,North,Haryana,Consumer,Home Appliances,Vacuum Cleaner,Partner,Debit Card,7,396.05,0.15,2772.35,415.85,2356.5,1849.9,506.59,0.215,34.95,5,4.4
ORD04220,2024-09-19,CUST0761,West,Maharashtra,Corporate,Home Appliances,Microwave,Online,UPI,7,1161.94,0.1,8133.58,813.36,7320.22,5486.83,1833.39,0.2505,26.28,6,4.1
ORD04221,2025-04-06,CUST0546,North,Delhi,Corporate,Clothing,Backpack,Online,Debit Card,2,765.15,0.1,1530.3,153.03,1377.27,1105.16,272.11,0.1976,200.6,4,3.6
ORD04222,2022-12-05,CUST0386,West,Gujarat,Consumer,Clothing,Jacket,Store,Net Banking,3,143.16,0.1,429.48,42.95,386.53,216.75,169.78,0.4393,159.61,2,3.1
ORD04223,2022-07-12,CUST0532,Central,Madhya Pradesh,Small Business,Electronics,Headphones,Online,UPI,4,946.09,0.0,3784.36,0.0,3784.36,2962.96,821.4,0.2171,270.49,2,4.2
ORD04224,2022-10-10,CUST0762,South,Tamil Nadu,Consumer,Office Supplies,Notebook,Store,Cash,2,860.33,0.15,1720.66,258.1,1462.56,1117.08,345.48,0.2362,104.22,2,4.0
ORD04225,2025-09-21,CUST0874,South,Tamil Nadu,Small Business,Home Appliances,Vacuum Cleaner,Online,Credit Card,9,517.82,0.1,4660.38,466.04,4194.34,3229.9,964.44,0.2299,240.5,2,3.1
ORD04226,2023-01-25,CUST0272,North,Uttar Pradesh,Small Business,Clothing,Shoes,Partner,UPI,10,31.57,0.25,315.7,78.92,236.77,168.41,68.37,0.2887,48.88,5,3.5
ORD04227,2024-09-26,CUST0195,North,Haryana,Small Business,Home Appliances,Blender,Online,Net Banking,6,313.04,0.1,1878.24,187.82,1690.42,953.42,736.99,0.436,248.6,2,3.1
ORD04228,2023-06-09,CUST0238,Central,Chhattisgarh,Small Business,Furniture,Cabinet,Store,UPI,1,617.48,0.0,617.48,0.0,617.48,429.5,187.98,0.3044,277.93,7,3.5
ORD04229,2025-06-17,CUST0926,North,Haryana,Consumer,Home Appliances,Coffee Maker,Online,Credit Card,1,311.87,0.1,311.87,31.19,280.68,185.28,95.41,0.3399,195.65,4,3.9
ORD04230,2023-10-21,CUST0471,South,Tamil Nadu,Consumer,Office Supplies,Printer Paper,Online,Cash,8,872.57,0.0,6980.56,0.0,6980.56,4832.65,2147.91,0.3077,226.07,10,3.6
ORD04231,2023-12-17,CUST0103,West,Goa,Consumer,Office Supplies,Pens,Online,Debit Card,6,1072.8,0.15,6436.8,965.52,5471.28,4102.8,1368.48,0.2501,296.58,5,3.2
ORD04232,2024-06-09,CUST0819,Central,Madhya Pradesh,Consumer,Home Appliances,Blender,Online,Credit Card,10,1286.19,0.1,12861.9,1286.19,11575.71,8229.28,3346.43,0.2891,125.89,2,4.2
ORD04233,2025-01-17,CUST0243,East,Jharkhand,Corporate,Furniture,Sofa,Online,UPI,7,975.77,0.05,6830.39,341.52,6488.87,4081.45,2407.42,0.371,28.22,1,4.3
ORD04234,2025-01-23,CUST0215,East,Jharkhand,Consumer,Office Supplies,Notebook,Partner,UPI,6,1038.18,0.25,6229.08,1557.27,4671.81,3325.71,1346.1,0.2881,211.13,9,4.4
ORD04235,2023-03-28,CUST0755,West,Gujarat,Small Business,Clothing,Jacket,Online,Net Banking,2,918.54,0.2,1837.08,367.42,1469.66,841.31,628.36,0.4276,23.73,6,5.0
ORD04236,2023-03-04,CUST0899,Central,Madhya Pradesh,Small Business,Home Appliances,Microwave,Store,Debit Card,3,1478.45,0.25,4435.35,1108.84,3326.51,1834.4,1492.11,0.4486,179.13,5,4.2
ORD04237,2025-03-20,CUST0077,West,Maharashtra,Consumer,Furniture,Desk,Online,Debit Card,8,402.59,0.05,3220.72,161.04,3059.68,2014.53,1045.15,0.3416,187.29,5,3.4
ORD04238,2025-10-31,CUST0384,East,Bihar,Consumer,Clothing,Backpack,Online,UPI,4,410.39,,1641.56,246.23,1395.33,1052.69,342.64,0.2456,183.66,2,3.6
ORD04239,2024-11-11,CUST0947,North,Uttar Pradesh,Consumer,Home Appliances,Microwave,Online,Debit Card,8,202.61,0.2,1620.88,324.18,1296.7,1001.2,295.5,0.2279,66.46,8,4.2
ORD04240,2024-06-01,CUST0121,North,Haryana,Small Business,Furniture,Office Chair,Store,Cash,3,736.24,0.1,2208.72,220.87,1987.85,1388.43,599.42,0.3015,41.47,4,4.2
ORD04241,2022-11-09,CUST0814,East,Bihar,Corporate,Clothing,Backpack,Online,Net Banking,2,157.8,0.05,315.6,15.78,299.82,235.17,64.65,0.2156,274.17,4,3.5
ORD04242,2024-04-19,CUST0552,Central,Madhya Pradesh,Consumer,Office Supplies,Notebook,Online,UPI,7,416.17,0.15,2913.19,436.98,2476.21,1446.1,1030.11,0.416,171.65,8,4.5
ORD04243,2023-06-03,CUST0541,Central,Madhya Pradesh,Consumer,Home Appliances,Microwave,Online,Credit Card,1,731.78,0.2,731.78,146.36,585.42,474.37,111.05,0.1897,110.46,4,3.3
ORD04244,2025-05-14,CUST0919,Central,Chhattisgarh,Consumer,Home Appliances,Coffee Maker,Online,Cash,3,1437.03,0.15,4311.09,646.66,3664.43,2927.42,737.01,0.2011,236.09,1,3.1
ORD04245,2023-01-10,CUST0744,East,West Bengal,Small Business,Office Supplies,File Folder,Online,Credit Card,2,1446.26,0.05,2892.52,144.63,2747.89,1955.93,791.96,0.2882,278.06,4,4.3
ORD04246,2023-03-27,CUST0145,West,Gujarat,Consumer,Electronics,Smartphone,Online,Credit Card,5,1119.45,0.0,5597.25,0.0,5597.25,3167.23,2430.02,0.4341,133.18,10,3.6
ORD04247,2024-10-11,CUST0761,West,Maharashtra,Consumer,Clothing,Jeans,Online,Credit Card,2,593.04,0.1,1186.08,118.61,1067.47,718.02,349.45,0.3274,47.53,1,3.7
ORD04248,2023-08-18,CUST0981,West,Maharashtra,Small Business,Office Supplies,Notebook,Store,Credit Card,10,1299.76,0.1,12997.6,1299.76,11697.84,7000.03,4697.81,0.4016,213.93,6,3.6
ORD04249,2025-04-17,CUST0093,South,Telangana,Small Business,Home Appliances,Vacuum Cleaner,Online,Net Banking,5,1315.05,0.15,6575.25,986.29,5588.96,4022.24,1566.73,0.2803,274.11,2,4.1
ORD04250,2025-05-18,CUST0485,East,Jharkhand,Small Business,Clothing,Jeans,Online,UPI,3,1366.64,0.0,4099.92,0.0,4099.92,2465.24,1634.68,0.3987,294.51,9,3.8
ORD04251,2023-05-15,CUST0837,Central,Madhya Pradesh,Consumer,Clothing,Jeans,Online,Cash,9,965.44,0.0,8688.96,0.0,8688.96,5909.23,2779.73,0.3199,247.79,10,4.0
ORD04252,2023-04-09,CUST0505,South,Andhra Pradesh,Corporate,Electronics,Monitor,Store,Credit Card,10,314.66,0.05,3146.6,157.33,2989.27,1810.06,1179.21,0.3945,95.1,4,4.5
ORD04253,2025-02-21,CUST0597,Central,Madhya Pradesh,Corporate,Home Appliances,Vacuum Cleaner,Online,UPI,9,150.25,0.05,1352.25,67.61,1284.64,769.62,515.01,0.4009,120.3,8,3.7
ORD04254,2022-04-23,CUST0322,South,Tamil Nadu,Consumer,Furniture,Cabinet,Store,Cash,8,1373.44,0.1,10987.52,1098.75,9888.77,6100.77,3788.0,0.3831,58.29,2,4.3
ORD04255,2024-11-01,CUST0758,West,Maharashtra,Corporate,Electronics,Smartphone,Store,Net Banking,5,97.49,0.05,487.45,24.37,463.08,258.34,204.73,0.4421,219.57,5,4.9
ORD04256,2025-02-23,CUST0919,West,Rajasthan,Consumer,Electronics,Headphones,Store,UPI,10,454.4,0.15,4544.0,681.6,3862.4,2871.12,991.28,0.2566,67.39,8,3.3
ORD04257,2022-11-27,CUST0075,West,Rajasthan,Consumer,Furniture,Sofa,Online,Credit Card,7,738.14,0.15,5166.98,775.05,4391.93,2779.29,1612.65,0.3672,140.95,1,4.8
ORD04258,2025-07-30,CUST0463,South,Karnataka,Small Business,Furniture,Office Chair,Online,Net Banking,2,47.64,0.0,95.28,0.0,95.28,70.36,24.92,0.2615,168.89,6,3.4
ORD04259,2022-05-20,CUST0151,Central,Madhya Pradesh,Consumer,Electronics,Smartphone,Online,Debit Card,3,1361.76,0.2,4085.28,817.06,3268.22,2374.17,894.06,0.2736,127.11,2,3.5
ORD04260,2025-11-25,CUST0135,West,Gujarat,Small Business,Clothing,Shoes,Partner,UPI,2,441.37,0.15,882.74,132.41,750.33,426.07,324.25,0.4321,61.91,5,3.1
ORD04261,2024-06-20,CUST0939,South,Telangana,Consumer,Office Supplies,Printer Paper,Store,UPI,10,57.33,0.1,573.3,57.33,515.97,327.25,188.72,0.3658,101.15,1,3.7
ORD04262,2025-01-25,CUST0190,West,Maharashtra,Consumer,Office Supplies,Printer Paper,Online,UPI,1,1490.48,0.2,1490.48,298.1,1192.38,838.31,354.08,0.2969,197.17,4,4.2
ORD04263,2023-06-01,CUST0034,South,Telangana,Corporate,Electronics,Headphones,Partner,UPI,3,477.42,0.05,1432.26,71.61,1360.65,1085.75,274.89,0.202,223.51,3,4.4
ORD04264,2023-07-23,CUST0358,South,Tamil Nadu,Corporate,Clothing,Jeans,Online,UPI,4,1317.0,0.1,5268.0,526.8,4741.2,3121.4,1619.8,0.3416,192.1,10,4.6
ORD04265,2024-04-25,CUST0105,South,Andhra Pradesh,Consumer,Furniture,Bookshelf,Online,Credit Card,9,688.41,0.0,6195.69,0.0,6195.69,4252.06,1943.63,0.3137,290.41,5,2.7
ORD04266,2024-12-28,CUST0369,Central,Madhya Pradesh,Small Business,Electronics,Laptop,Online,UPI,2,999.74,0.1,1999.48,199.95,1799.53,1354.22,445.31,0.2475,191.82,8,3.0
ORD04267,2022-04-28,CUST0563,East,Bihar,Consumer,Home Appliances,Coffee Maker,Online,UPI,9,373.02,0.1,3357.18,335.72,3021.46,2317.13,704.33,0.2331,83.1,9,4.2
ORD04268,2024-06-06,CUST0172,West,Gujarat,Small Business,Clothing,Shoes,Partner,Debit Card,1,761.77,0.1,761.77,76.18,685.59,548.0,137.6,0.2007,157.49,5,4.3
ORD04269,2024-12-18,CUST0070,South,Karnataka,Consumer,Home Appliances,Coffee Maker,Partner,Debit Card,9,397.61,0.0,3578.49,0.0,3578.49,2448.55,1129.94,0.3158,254.14,9,4.6
ORD04270,2024-11-22,CUST0720,South,Telangana,Small Business,Home Appliances,Microwave,Store,Credit Card,6,1427.36,0.0,8564.16,0.0,8564.16,5158.5,3405.66,0.3977,111.22,10,4.2
ORD04271,2025-09-03,CUST0439,Central,Chhattisgarh,Consumer,Electronics,Monitor,Online,Debit Card,8,105.5,0.1,844.0,84.4,759.6,574.56,185.04,0.2436,226.37,4,3.3
ORD04272,2022-02-19,CUST0322,West,Maharashtra,Small Business,Clothing,Jacket,Store,Cash,3,422.89,0.0,1268.67,0.0,1268.67,740.78,527.89,0.4161,239.85,5,3.4
ORD04273,2022-01-19,CUST0608,Central,Chhattisgarh,Corporate,Home Appliances,Vacuum Cleaner,Store,Debit Card,8,1341.27,0.15,10730.16,1609.52,9120.64,6046.55,3074.09,0.337,281.51,9,4.1
ORD04274,2023-12-27,CUST0570,South,Karnataka,Consumer,Clothing,Jacket,Online,UPI,9,727.85,0.15,6550.65,982.6,5568.05,4006.87,1561.18,0.2804,132.33,9,3.1
ORD04275,2022-07-16,CUST0120,North,Punjab,Small Business,Office Supplies,Stapler,Online,UPI,7,906.12,0.05,6342.84,317.14,6025.7,4439.74,1585.96,0.2632,92.64,2,3.4
ORD04276,2023-07-13,CUST0683,Central,Chhattisgarh,Consumer,Home Appliances,Air Cooler,Store,Credit Card,4,982.76,0.0,3931.04,0.0,3931.04,2940.09,990.95,0.2521,162.23,5,3.9
ORD04277,2023-03-28,CUST0111,West,Goa,Consumer,Home Appliances,Blender,Partner,Cash,6,120.33,0.0,721.98,0.0,721.98,434.82,287.16,0.3977,298.23,8,3.8
ORD04278,2022-10-16,CUST0573,North,Punjab,Small Business,Clothing,Jeans,Store,Debit Card,6,41.34,0.15,248.04,37.21,210.83,171.84,38.99,0.185,272.6,1,4.0
ORD04279,2025-03-10,CUST0256,South,Telangana,Consumer,Office Supplies,Notebook,Online,Net Banking,2,1407.69,0.25,2815.38,703.84,2111.54,1263.06,848.47,0.4018,99.51,4,4.2
ORD04280,2025-01-12,CUST0422,West,Gujarat,Consumer,Home Appliances,Blender,Online,Credit Card,2,418.18,0.05,836.36,41.82,794.54,457.61,336.93,0.4241,75.08,8,3.1
ORD04281,2023-01-26,CUST0156,East,Jharkhand,Consumer,Electronics,Laptop,Partner,Credit Card,5,579.76,0.15,2898.8,434.82,2463.98,1796.96,667.02,0.2707,153.55,10,4.0
ORD04282,2022-08-03,CUST0185,West,Maharashtra,Small Business,Clothing,T-Shirt,Store,Debit Card,1,1027.91,0.2,1027.91,205.58,822.33,654.33,168.0,0.2043,66.42,2,3.2
ORD04283,2022-08-03,CUST0553,South,Telangana,Consumer,Clothing,T-Shirt,Online,Debit Card,5,365.91,0.0,1829.55,0.0,1829.55,1282.58,546.97,0.299,232.25,1,3.9
ORD04284,2025-11-27,CUST0713,South,Andhra Pradesh,Consumer,Home Appliances,Vacuum Cleaner,Store,Net Banking,10,1103.61,0.2,11036.1,2207.22,8828.88,6275.39,2553.49,0.2892,30.25,6,4.4
ORD04285,2022-05-08,CUST0985,Central,Madhya Pradesh,Corporate,Office Supplies,File Folder,Partner,Credit Card,3,695.49,0.1,2086.47,208.65,1877.82,1305.82,572.0,0.3046,82.92,6,4.2
ORD04286,2024-01-30,CUST0562,South,Andhra Pradesh,Small Business,Home Appliances,Coffee Maker,Partner,UPI,3,1287.07,0.25,3861.21,965.3,2895.91,1626.17,1269.73,0.4385,25.1,1,3.4
ORD04287,2023-02-08,CUST0602,East,Jharkhand,Small Business,Furniture,Sofa,Store,Credit Card,8,428.63,0.1,3429.04,342.9,3086.14,2265.08,821.05,0.266,83.49,3,3.3
ORD04288,2024-11-18,CUST0237,West,Gujarat,Corporate,Home Appliances,Microwave,Online,Net Banking,3,317.68,0.05,953.04,47.65,905.39,585.53,319.86,0.3533,34.65,10,4.9
ORD04289,2022-12-04,CUST0858,South,Karnataka,Corporate,Furniture,Bookshelf,Store,Net Banking,3,1250.06,0.25,3750.18,937.54,2812.64,2257.51,555.12,0.1974,208.59,8,4.4
ORD04290,2024-04-10,CUST0445,South,Andhra Pradesh,Consumer,Electronics,Smartphone,Online,UPI,1,499.59,0.05,499.59,24.98,474.61,284.97,189.64,0.3996,179.68,9,3.9
ORD04291,2023-12-15,CUST0503,West,Maharashtra,Consumer,Clothing,Jeans,Partner,Credit Card,8,626.62,0.2,5012.96,1002.59,4010.37,2532.83,1477.53,0.3684,79.9,8,4.7
ORD04292,2022-12-27,CUST0325,East,Odisha,Corporate,Clothing,Shoes,Online,UPI,10,1193.66,0.0,11936.6,0.0,11936.6,8192.22,3744.38,0.3137,77.42,1,3.9
ORD04293,2023-07-23,CUST0959,East,Odisha,Small Business,Office Supplies,Stapler,Store,Credit Card,10,958.83,0.15,9588.3,1438.24,8150.06,5532.96,2617.1,0.3211,101.53,4,5.0
ORD04294,2025-11-16,CUST0377,South,Karnataka,Corporate,Home Appliances,Microwave,Store,Credit Card,6,670.96,0.1,4025.76,402.58,3623.18,2384.35,1238.83,0.3419,243.5,9,3.8
ORD04295,2022-08-06,CUST0849,East,Bihar,Consumer,Electronics,Laptop,Store,UPI,8,386.09,0.25,3088.72,772.18,2316.54,1470.75,845.79,0.3651,62.14,1,5.0
ORD04296,2022-07-21,CUST0794,West,Maharashtra,Consumer,Furniture,Desk,Store,Cash,3,1149.84,0.0,3449.52,0.0,3449.52,2034.32,1415.2,0.4103,54.08,4,4.1
ORD04297,2022-01-17,CUST0503,West,Rajasthan,Corporate,Office Supplies,Printer Paper,Online,Net Banking,6,282.94,0.1,1697.64,169.76,1527.88,1178.98,348.89,0.2284,162.25,10,3.3
ORD04298,2022-11-18,CUST0666,North,Uttar Pradesh,Corporate,Electronics,Smartphone,Store,UPI,2,1393.5,0.1,2787.0,278.7,2508.3,1683.49,824.81,0.3288,262.19,7,4.0
ORD04299,2023-06-02,CUST0875,West,Maharashtra,Corporate,Electronics,Smartphone,Online,UPI,3,238.22,0.25,714.66,178.66,536.0,377.71,158.28,0.2953,82.75,7,4.4
ORD04300,2025-09-10,CUST0457,Central,Madhya Pradesh,Corporate,Furniture,Cabinet,Online,Cash,4,1210.33,0.05,4841.32,242.07,4599.25,3208.3,1390.96,0.3024,49.75,7,4.0
ORD04301,2025-12-06,CUST0407,East,West Bengal,Consumer,Furniture,Office Chair,Partner,UPI,9,645.01,0.05,5805.09,290.25,5514.84,3890.07,1624.77,0.2946,157.67,10,3.6
ORD04302,2025-09-03,CUST0692,West,Rajasthan,Small Business,Clothing,T-Shirt,Store,Debit Card,4,291.22,0.1,1164.88,116.49,1048.39,776.13,272.26,0.2597,225.0,4,4.2
ORD04303,2023-11-12,CUST0088,East,Jharkhand,Corporate,Home Appliances,Blender,Store,Cash,7,612.53,0.05,4287.71,214.39,4073.32,2932.52,1140.8,0.2801,193.13,8,4.4
ORD04304,2025-01-10,CUST0105,Central,Chhattisgarh,Consumer,Office Supplies,Pens,Online,Credit Card,8,344.0,0.15,2752.0,412.8,2339.2,1459.55,879.65,0.376,137.09,3,3.6
ORD04305,2023-03-01,CUST0585,Central,Madhya Pradesh,Consumer,Home Appliances,Blender,Store,Credit Card,5,216.95,0.0,1084.75,0.0,1084.75,758.78,325.97,0.3005,31.31,9,4.0
ORD04306,2025-05-12,CUST0458,North,Punjab,Small Business,Office Supplies,Stapler,Store,UPI,2,370.15,0.15,740.3,111.04,629.26,387.63,241.62,0.384,104.17,6,3.4
ORD04307,2024-10-15,CUST0884,South,Karnataka,Small Business,Electronics,Monitor,Store,Credit Card,8,1303.09,0.1,10424.72,1042.47,9382.25,6651.88,2730.37,0.291,277.39,7,4.2
ORD04308,2023-01-22,CUST0966,South,Karnataka,Consumer,Furniture,Sofa,Partner,Debit Card,5,172.32,0.05,861.6,43.08,818.52,545.64,272.88,0.3334,82.4,9,3.4
ORD04309,2024-02-17,CUST0900,South,Karnataka,Consumer,Furniture,Bookshelf,Online,Debit Card,5,1459.22,0.1,7296.1,729.61,6566.49,3681.46,2885.03,0.4394,191.91,4,4.1
ORD04310,2022-04-08,CUST0257,North,Punjab,Consumer,Electronics,Headphones,Store,UPI,7,22.42,0.15,156.94,23.54,133.4,99.81,33.59,0.2518,274.08,5,4.7
ORD04311,2025-09-30,CUST0134,West,Rajasthan,Consumer,Electronics,Smartphone,Store,Cash,6,992.48,0.1,5954.88,595.49,5359.39,3345.12,2014.27,0.3758,156.67,1,4.4
ORD04312,2022-07-27,CUST0952,North,Punjab,Corporate,Office Supplies,Printer Paper,Online,Credit Card,3,1286.92,0.0,3860.76,0.0,3860.76,3082.63,778.13,0.2015,144.96,10,3.8
ORD04313,2023-08-09,CUST0486,East,Bihar,Corporate,Electronics,Monitor,Online,Debit Card,7,1401.93,0.0,9813.51,0.0,9813.51,6140.81,3672.7,0.3742,59.5,8,3.2
ORD04314,2022-06-15,CUST0285,West,Gujarat,Corporate,Office Supplies,Stapler,Partner,Credit Card,1,228.82,0.15,228.82,34.32,194.5,159.31,35.19,0.1809,294.57,2,4.0
ORD04315,2022-01-22,CUST0748,South,Tamil Nadu,Corporate,Home Appliances,Coffee Maker,Online,UPI,4,1051.84,0.05,4207.36,210.37,3996.99,2697.96,1299.04,0.325,69.47,5,3.8
ORD04316,2022-06-03,CUST0387,Central,Madhya Pradesh,Consumer,Furniture,Bookshelf,Online,UPI,4,174.41,0.2,697.64,139.53,558.11,310.94,247.17,0.4429,154.81,5,4.0
ORD04317,2025-08-11,CUST0896,West,Goa,Consumer,Furniture,Bookshelf,Online,UPI,6,538.63,0.1,3231.78,323.18,2908.6,1659.63,1248.98,0.4294,67.97,10,4.1
ORD04318,2022-08-07,CUST0621,East,West Bengal,Consumer,Furniture,Office Chair,Online,Credit Card,6,1101.91,0.1,6611.46,661.15,5950.31,3404.55,2545.76,0.4278,117.55,4,3.8
ORD04319,2023-10-31,CUST0344,South,Tamil Nadu,Consumer,Home Appliances,Vacuum Cleaner,Partner,UPI,10,528.77,0.1,5287.7,528.77,4758.93,2689.64,2069.29,0.4348,267.52,4,3.6
ORD04320,2022-08-18,CUST0426,South,Karnataka,Consumer,Home Appliances,Coffee Maker,Online,UPI,8,480.36,0.1,3842.88,384.29,3458.59,2152.29,1306.3,0.3777,200.13,2,4.3
ORD04321,2022-01-20,CUST0137,West,Goa,Corporate,Clothing,Jeans,Online,Credit Card,1,187.34,0.2,187.34,37.47,149.87,95.56,54.31,0.3624,22.76,3,4.9
ORD04322,2023-07-07,CUST0849,North,Uttar Pradesh,Small Business,Office Supplies,Stapler,Store,Debit Card,7,113.66,0.1,795.62,79.56,716.06,415.35,300.71,0.42,290.69,10,4.1
ORD04323,2024-08-07,CUST0747,West,Goa,Corporate,Office Supplies,Notebook,Online,Debit Card,4,186.19,,744.76,0.0,744.76,497.72,247.04,0.3317,239.49,2,4.0
ORD04324,2022-05-28,CUST0571,West,Maharashtra,Small Business,Clothing,Shoes,Store,Cash,6,1315.08,0.1,7890.48,789.05,7101.43,4606.31,2495.13,0.3514,299.31,1,4.6
ORD04325,2025-02-05,CUST0294,South,Andhra Pradesh,Corporate,Furniture,Desk,Store,Net Banking,10,31.63,0.1,316.3,31.63,284.67,205.48,79.19,0.2782,233.6,4,3.8
ORD04326,2023-02-07,CUST0042,Central,Madhya Pradesh,Corporate,Office Supplies,Pens,Store,UPI,9,1043.91,0.15,9395.19,1409.28,7985.91,4814.57,3171.34,0.3971,234.16,9,4.8
ORD04327,2023-08-19,CUST0760,North,Punjab,Consumer,Office Supplies,File Folder,Store,Net Banking,3,1156.41,0.2,3469.23,693.85,2775.38,2211.36,564.02,0.2032,215.83,6,4.5
ORD04328,2023-01-02,CUST0050,Central,Madhya Pradesh,Small Business,Furniture,Office Chair,Online,UPI,8,858.31,0.1,6866.48,686.65,6179.83,4259.87,1919.97,0.3107,138.51,8,2.4
ORD04329,2025-12-08,CUST0782,North,Punjab,Consumer,Electronics,Tablet,Online,Cash,3,1100.2,0.05,3300.6,165.03,3135.57,2252.62,882.95,0.2816,108.18,2,4.2
ORD04330,2025-08-25,CUST0894,West,Maharashtra,Consumer,Electronics,Tablet,Online,Credit Card,6,983.62,0.1,5901.72,590.17,5311.55,2978.03,2333.52,0.4393,167.05,2,3.6
ORD04331,2024-03-12,CUST0868,South,Karnataka,Consumer,Clothing,Backpack,Online,UPI,2,691.5,0.2,1383.0,276.6,1106.4,775.54,330.86,0.299,69.91,2,4.5
ORD04332,2024-07-06,CUST0173,West,Gujarat,Small Business,Home Appliances,Coffee Maker,Online,UPI,9,583.32,,5249.88,1312.47,3937.41,2556.9,1380.51,0.3506,222.28,8,3.0
ORD04333,2025-03-03,CUST0289,East,Jharkhand,Small Business,Office Supplies,Printer Paper,Online,UPI,2,1412.88,0.25,2825.76,706.44,2119.32,1694.45,424.87,0.2005,299.25,1,4.0
ORD04334,2025-07-30,CUST0916,North,Uttar Pradesh,Corporate,Office Supplies,File Folder,Store,Credit Card,5,1458.33,0.05,7291.65,364.58,6927.07,5466.31,1460.75,0.2109,188.26,5,3.9
ORD04335,2022-03-14,CUST0162,East,West Bengal,Corporate,Clothing,Backpack,Online,Debit Card,6,982.14,0.1,5892.84,589.28,5303.56,3830.04,1473.51,0.2778,259.81,4,3.8
ORD04336,2023-04-26,CUST0579,South,Telangana,Consumer,Clothing,Jeans,Online,Debit Card,4,307.99,0.05,1231.96,61.6,1170.36,886.34,284.02,0.2427,68.25,1,4.6
ORD04337,2025-10-07,CUST0340,West,Maharashtra,Small Business,Office Supplies,Stapler,Online,Debit Card,7,680.13,0.05,4760.91,238.05,4522.86,3274.74,1248.13,0.276,251.02,10,5.0
ORD04338,2023-07-14,CUST0323,Central,Chhattisgarh,Corporate,Furniture,Desk,Online,Debit Card,7,752.36,0.0,5266.52,0.0,5266.52,2920.71,2345.81,0.4454,274.08,7,4.2
ORD04339,2025-09-11,CUST0326,South,Karnataka,Small Business,Furniture,Bookshelf,Store,UPI,7,1140.59,0.0,7984.13,0.0,7984.13,5907.01,2077.12,0.2602,254.88,1,4.8
ORD04340,2024-01-15,CUST0733,South,Tamil Nadu,Consumer,Home Appliances,Blender,Store,Net Banking,7,1006.65,0.05,7046.55,352.33,6694.22,4001.9,2692.32,0.4022,195.63,6,4.8
ORD04341,2022-04-10,CUST0167,North,Delhi,Consumer,Office Supplies,Stapler,Store,UPI,10,779.5,0.05,7795.0,389.75,7405.25,5437.63,1967.62,0.2657,279.39,1,5.0
ORD04342,2024-12-18,CUST0683,East,Odisha,Small Business,Office Supplies,Pens,Partner,Net Banking,10,1025.34,0.05,10253.4,512.67,9740.73,5385.03,4355.7,0.4472,289.21,9,4.5
ORD04343,2023-05-23,CUST0735,South,Andhra Pradesh,Consumer,Office Supplies,Pens,Store,Net Banking,9,50.72,0.05,456.48,22.82,433.66,274.91,158.74,0.3661,248.3,3,4.5
ORD04344,2022-09-15,CUST0167,South,Tamil Nadu,Small Business,Office Supplies,Notebook,Store,Debit Card,2,1168.3,0.15,2336.6,350.49,1986.11,1369.56,616.55,0.3104,173.19,2,3.9
ORD04345,2023-02-17,CUST0369,North,Uttar Pradesh,Consumer,Clothing,Backpack,Online,Debit Card,5,329.27,0.05,1646.35,82.32,1564.03,1000.91,563.12,0.36,253.88,7,3.4
ORD04346,2024-12-24,CUST0085,South,Karnataka,Small Business,Electronics,Monitor,Online,Credit Card,10,989.77,0.15,9897.7,1484.66,8413.04,6203.58,2209.46,0.2626,124.14,1,4.7
ORD04347,2023-08-18,CUST0115,Central,Chhattisgarh,Consumer,Office Supplies,Pens,Store,Cash,9,184.25,0.05,1658.25,82.91,1575.34,1088.77,486.57,0.3089,117.05,7,3.7
ORD04348,2025-03-23,CUST0812,South,Karnataka,Corporate,Electronics,Headphones,Online,Credit Card,2,184.97,0.15,369.94,55.49,314.45,254.42,60.03,0.1909,117.41,9,2.8
ORD04349,2022-09-23,CUST0897,East,Bihar,Consumer,Furniture,Bookshelf,Online,UPI,3,67.95,0.0,203.85,0.0,203.85,131.81,72.04,0.3534,75.78,4,4.9
ORD04350,2024-03-31,CUST0865,West,Gujarat,Corporate,Home Appliances,Air Cooler,Online,Debit Card,7,1366.7,0.0,9566.9,0.0,9566.9,7126.4,2440.5,0.2551,194.42,10,3.9
ORD04351,2025-01-07,CUST0050,West,Gujarat,Consumer,Furniture,Cabinet,Online,Cash,9,912.77,0.15,8214.93,1232.24,6982.69,5416.31,1566.38,0.2243,205.21,2,4.2
ORD04352,2025-08-31,CUST0458,South,Karnataka,Small Business,Office Supplies,Notebook,Store,Debit Card,3,552.51,0.2,1657.53,331.51,1326.02,820.12,505.91,0.3815,260.7,4,3.3
ORD04353,2023-10-24,CUST0888,West,Maharashtra,Corporate,Furniture,Office Chair,Online,Net Banking,10,1184.85,0.0,11848.5,0.0,11848.5,8929.21,2919.29,0.2464,214.46,9,4.5
ORD04354,2024-08-04,CUST0372,Central,Madhya Pradesh,Consumer,Clothing,Backpack,Online,Debit Card,8,944.73,0.0,7557.84,0.0,7557.84,4959.42,2598.42,0.3438,238.38,8,3.8
ORD04355,2023-07-14,CUST0830,North,Uttar Pradesh,Small Business,Electronics,Tablet,Online,Debit Card,8,935.82,0.2,7486.56,1497.31,5989.25,3502.25,2487.0,0.4152,212.87,5,4.1
ORD04356,2024-07-05,CUST0218,South,Karnataka,Consumer,Office Supplies,Printer Paper,Store,UPI,4,738.26,0.0,2953.04,0.0,2953.04,1627.08,1325.96,0.449,215.17,8,4.4
ORD04357,2024-06-09,CUST0259,South,Karnataka,Consumer,Clothing,Jacket,Store,Cash,6,26.77,0.05,160.62,8.03,152.59,114.57,38.02,0.2492,115.35,7,4.0
ORD04358,2025-06-25,CUST0974,South,Karnataka,Consumer,Electronics,Monitor,Online,UPI,8,398.82,0.2,3190.56,638.11,2552.45,1532.2,1020.25,0.3997,290.45,4,3.6
ORD04359,2024-05-17,CUST0648,South,Telangana,Small Business,Clothing,Jacket,Store,Cash,9,176.98,0.15,1592.82,238.92,1353.9,763.36,590.54,0.4362,198.86,3,4.0
ORD04360,2023-09-02,CUST0816,West,Maharashtra,Consumer,Furniture,Sofa,Online,Net Banking,2,998.68,0.05,1997.36,99.87,1897.49,1298.35,599.14,0.3158,184.4,1,3.8
ORD04361,2023-02-18,CUST0370,North,Haryana,Consumer,Office Supplies,Printer Paper,Store,Net Banking,1,384.2,0.25,384.2,96.05,288.15,185.46,102.69,0.3564,257.22,3,2.4
ORD04362,2022-01-25,CUST0096,East,Jharkhand,Small Business,Furniture,Bookshelf,Store,Debit Card,5,683.5,0.1,3417.5,341.75,3075.75,2266.18,809.57,0.2632,137.87,8,4.0
ORD04363,2022-10-11,CUST0681,East,Odisha,Small Business,Home Appliances,Air Cooler,Partner,Debit Card,10,539.84,0.0,5398.4,0.0,5398.4,3125.61,2272.79,0.421,46.95,9,4.5
ORD04364,2024-05-30,CUST0932,East,Jharkhand,Consumer,Office Supplies,Stapler,Online,Credit Card,3,227.65,0.15,682.95,102.44,580.51,340.07,240.44,0.4142,87.23,9,2.9
ORD04365,2022-10-28,CUST0475,West,Gujarat,Corporate,Furniture,Office Chair,Online,Cash,6,1438.18,0.1,8629.08,862.91,7766.17,5118.75,2647.42,0.3409,246.27,5,4.4
ORD04366,2024-12-27,CUST0825,South,Tamil Nadu,Small Business,Office Supplies,Stapler,Online,Cash,1,1401.13,0.1,1401.13,140.11,1261.02,870.75,390.27,0.3095,224.91,4,4.4
ORD04367,2024-10-27,CUST0225,Central,Madhya Pradesh,Consumer,Electronics,Tablet,Online,UPI,4,140.64,0.25,562.56,140.64,421.92,325.95,95.97,0.2275,52.81,6,4.7
ORD04368,2024-03-27,CUST0341,East,Jharkhand,Small Business,Office Supplies,Stapler,Online,Debit Card,6,1243.64,0.0,7461.84,0.0,7461.84,5283.87,2177.97,0.2919,39.5,7,4.2
ORD04369,2025-03-06,CUST0858,East,Bihar,Consumer,Office Supplies,File Folder,Online,Credit Card,2,740.23,0.15,1480.46,222.07,1258.39,998.79,259.6,0.2063,194.13,6,3.9
ORD04370,2025-04-02,CUST0887,West,Gujarat,Corporate,Electronics,Tablet,Online,Cash,8,1164.0,0.1,9312.0,931.2,8380.8,5102.21,3278.59,0.3912,282.82,5,4.0
ORD04371,2022-03-24,CUST0846,South,Tamil Nadu,Consumer,Furniture,Office Chair,Partner,Credit Card,4,239.47,0.05,957.88,47.89,909.99,646.98,263.0,0.289,68.98,2,3.9
ORD04372,2025-12-14,CUST0427,North,Uttar Pradesh,Corporate,Office Supplies,Notebook,Online,Net Banking,2,211.43,0.15,422.86,63.43,359.43,261.28,98.16,0.2731,173.73,3,3.3
ORD04373,2025-01-01,CUST0484,West,Rajasthan,Consumer,Clothing,Shoes,Partner,Debit Card,1,1337.77,0.15,1337.77,200.67,1137.1,848.24,288.86,0.254,247.35,9,3.8
ORD04374,2025-06-14,CUST0284,East,West Bengal,Corporate,Office Supplies,Notebook,Store,Debit Card,8,1348.26,0.2,10786.08,2157.22,8628.86,7049.23,1579.64,0.1831,168.03,7,4.3
ORD04375,2022-02-15,CUST0348,Central,Madhya Pradesh,Consumer,Furniture,Office Chair,Partner,Net Banking,10,706.88,0.2,7068.8,1413.76,5655.04,3824.89,1830.15,0.3236,118.32,10,3.9
ORD04376,2023-09-10,CUST0341,Central,Chhattisgarh,Consumer,Electronics,Monitor,Partner,Credit Card,1,1307.18,0.1,1307.18,130.72,1176.46,764.37,412.1,0.3503,241.36,2,3.7
ORD04377,2024-07-16,CUST0880,South,Telangana,Consumer,Furniture,Sofa,Store,Debit Card,7,1006.18,0.05,7043.26,352.16,6691.1,5219.7,1471.4,0.2199,235.94,1,4.1
ORD04378,2022-09-19,CUST0699,South,Tamil Nadu,Small Business,Home Appliances,Air Cooler,Store,Cash,7,289.74,0.1,2028.18,202.82,1825.36,1091.08,734.28,0.4023,252.54,1,3.6
ORD04379,2022-06-25,CUST0374,South,Telangana,Consumer,Office Supplies,Stapler,Online,UPI,6,503.5,0.05,3021.0,151.05,2869.95,1607.17,1262.78,0.44,284.63,1,4.1
ORD04380,2025-04-04,CUST0413,South,Tamil Nadu,Consumer,Office Supplies,Notebook,Online,Net Banking,8,217.05,0.05,1736.4,86.82,1649.58,1104.84,544.74,0.3302,62.18,6,4.3
ORD04381,2023-10-19,CUST0806,West,Goa,Consumer,Electronics,Laptop,Partner,Net Banking,10,1164.31,0.1,11643.1,1164.31,10478.79,6462.75,4016.04,0.3833,115.42,5,4.1
ORD04382,2024-04-21,CUST0418,West,Maharashtra,Corporate,Office Supplies,File Folder,Online,Credit Card,1,1478.1,0.15,1478.1,221.71,1256.38,825.52,430.86,0.3429,296.08,7,3.4
ORD04383,2023-01-05,CUST0833,East,Jharkhand,Consumer,Clothing,Jeans,Online,Credit Card,1,826.37,0.1,826.37,82.64,743.73,607.07,136.67,0.1838,186.47,5,4.5
ORD04384,2022-02-23,CUST0916,North,Punjab,Corporate,Clothing,Jeans,Store,UPI,1,988.96,0.25,988.96,247.24,741.72,477.74,263.98,0.3559,207.64,9,3.5
ORD04385,2023-11-21,CUST0282,South,Karnataka,Consumer,Furniture,Desk,Store,Debit Card,6,1122.95,0.05,6737.7,336.89,6400.82,4743.97,1656.85,0.2588,267.55,1,4.0
ORD04386,2025-12-13,CUST0243,South,Telangana,Consumer,Electronics,Monitor,Store,Debit Card,7,348.02,0.05,2436.14,121.81,2314.33,1429.35,884.98,0.3824,213.49,9,4.8
ORD04387,2025-09-26,CUST0539,West,Rajasthan,Corporate,Home Appliances,Microwave,Online,Net Banking,10,513.96,0.15,5139.6,770.94,4368.66,2760.66,1608.0,0.3681,211.31,4,3.0
ORD04388,2025-02-24,CUST0663,North,Punjab,Small Business,Furniture,Cabinet,Store,Credit Card,9,627.3,0.1,5645.7,564.57,5081.13,3128.21,1952.92,0.3843,49.26,10,3.5
ORD04389,2025-12-03,CUST0199,West,Gujarat,Consumer,Electronics,Tablet,Online,UPI,10,897.96,0.0,8979.6,0.0,8979.6,6325.98,2653.62,0.2955,161.92,7,4.0
ORD04390,2023-01-02,CUST0790,West,Gujarat,Consumer,Electronics,Smartphone,Partner,Credit Card,5,1277.98,0.05,6389.9,319.5,6070.4,3709.32,2361.09,0.389,208.49,2,3.7
ORD04391,2025-07-18,CUST0431,West,Goa,Consumer,Furniture,Bookshelf,Online,Credit Card,1,392.49,0.05,392.49,19.62,372.87,277.4,95.47,0.256,246.04,3,3.1
ORD04392,2023-10-06,CUST0485,South,Karnataka,Corporate,Furniture,Bookshelf,Store,Debit Card,9,714.27,0.15,6428.43,964.26,5464.17,4008.92,1455.25,0.2663,135.71,4,4.0
ORD04393,2023-01-14,CUST0227,West,Gujarat,Consumer,Office Supplies,Printer Paper,Online,Net Banking,5,1131.03,0.2,5655.15,1131.03,4524.12,3002.85,1521.27,0.3363,54.59,5,2.7
ORD04394,2022-03-14,CUST0196,West,Goa,Small Business,Home Appliances,Blender,Online,Credit Card,6,144.77,0.05,868.62,43.43,825.19,459.55,365.64,0.4431,122.43,2,5.0
ORD04395,2024-07-03,CUST0733,West,Rajasthan,Consumer,Clothing,T-Shirt,Online,UPI,9,776.65,0.0,6989.85,0.0,6989.85,3887.17,3102.68,0.4439,140.33,7,4.5
ORD04396,2025-06-25,CUST0869,South,Telangana,Consumer,Office Supplies,Pens,Online,UPI,2,229.4,0.05,458.8,22.94,435.86,302.42,133.44,0.3061,230.28,6,3.5
ORD04397,2024-05-09,CUST0228,East,West Bengal,Consumer,Electronics,Tablet,Store,Credit Card,3,815.64,0.0,2446.92,0.0,2446.92,1900.24,546.68,0.2234,25.54,9,3.8
ORD04398,2022-02-12,CUST0067,West,Maharashtra,Corporate,Home Appliances,Blender,Online,UPI,7,1155.22,0.05,8086.54,404.33,7682.21,5467.4,2214.81,0.2883,128.02,7,3.0
ORD04399,2023-01-12,CUST0962,North,Haryana,Corporate,Home Appliances,Microwave,Online,Cash,3,366.87,0.05,1100.61,55.03,1045.58,698.06,347.52,0.3324,145.41,10,4.8
ORD04400,2024-11-30,CUST0325,South,Tamil Nadu,Consumer,Furniture,Cabinet,Online,UPI,2,1276.48,0.1,2552.96,255.3,2297.66,1810.95,486.71,0.2118,174.03,10,4.1
ORD04401,2022-06-19,CUST0338,Central,Chhattisgarh,Small Business,Home Appliances,Vacuum Cleaner,Partner,Credit Card,7,512.18,0.05,3585.26,179.26,3406.0,2054.46,1351.54,0.3968,291.6,2,3.2
ORD04402,2022-07-31,CUST0610,North,Haryana,Consumer,Home Appliances,Blender,Online,UPI,8,298.32,0.1,2386.56,238.66,2147.9,1389.79,758.11,0.353,227.37,3,3.8
ORD04403,2022-02-08,CUST0527,South,Karnataka,Corporate,Electronics,Smartphone,Online,UPI,9,706.01,0.05,6354.09,317.7,6036.39,4241.37,1795.02,0.2974,82.28,3,4.4
ORD04404,2023-01-04,CUST0894,South,Tamil Nadu,Consumer,Office Supplies,Notebook,Store,Credit Card,2,1315.97,0.15,2631.94,394.79,2237.15,1406.61,830.54,0.3712,197.43,8,4.3
ORD04405,2024-01-27,CUST0114,West,Rajasthan,Consumer,Home Appliances,Microwave,Partner,Credit Card,2,117.37,0.25,234.74,58.68,176.06,144.26,31.8,0.1806,116.92,8,4.3
ORD04406,2022-05-31,CUST0104,North,Punjab,Small Business,Furniture,Bookshelf,Partner,Credit Card,7,501.44,0.1,3510.08,351.01,3159.07,2123.3,1035.78,0.3279,247.2,3,4.1
ORD04407,2025-02-08,CUST0428,West,Maharashtra,Small Business,Office Supplies,Printer Paper,Partner,Credit Card,4,984.95,0.0,3939.8,0.0,3939.8,2221.91,1717.89,0.436,67.9,8,2.6
ORD04408,2025-12-30,CUST0503,North,Punjab,Consumer,Furniture,Office Chair,Online,Debit Card,5,546.01,0.05,2730.05,136.5,2593.55,1549.75,1043.79,0.4025,60.46,5,5.0
ORD04409,2024-12-06,CUST0307,North,Uttar Pradesh,Corporate,Home Appliances,Blender,Store,UPI,1,120.17,0.0,120.17,0.0,120.17,83.37,36.8,0.3062,48.39,4,3.8
ORD04410,2024-10-20,CUST0193,West,Gujarat,Consumer,Office Supplies,Pens,Store,Debit Card,6,508.02,0.05,3048.12,152.41,2895.71,2022.7,873.01,0.3015,172.35,4,4.2
ORD04411,2024-01-07,CUST0214,South,Telangana,Corporate,Home Appliances,Blender,Partner,Net Banking,10,1234.12,0.1,12341.2,1234.12,11107.08,9060.26,2046.82,0.1843,54.51,4,5.0
ORD04412,2025-10-21,CUST0921,Central,Madhya Pradesh,Consumer,Electronics,Tablet,Online,UPI,8,1452.54,0.1,11620.32,1162.03,10458.29,7446.21,3012.08,0.288,31.69,1,4.1
ORD04413,2022-03-10,CUST0957,North,Punjab,Small Business,Office Supplies,Printer Paper,Partner,Net Banking,1,74.07,0.05,74.07,3.7,70.37,51.37,19.0,0.27,113.09,7,4.9
ORD04414,2022-10-26,CUST0145,South,Andhra Pradesh,Consumer,Furniture,Sofa,Online,UPI,2,860.39,0.15,1720.78,258.12,1462.66,888.87,573.8,0.3923,243.49,10,4.7
ORD04415,2024-08-01,CUST0609,North,Haryana,Consumer,Electronics,Headphones,Store,Credit Card,7,171.38,0.0,1199.66,0.0,1199.66,694.43,505.23,0.4211,63.7,10,5.0
ORD04416,2024-03-12,CUST0564,South,Karnataka,Consumer,Clothing,Jacket,Online,UPI,2,1025.39,0.05,2050.78,102.54,1948.24,1388.2,560.04,0.2875,120.21,4,4.4
ORD04417,2022-10-23,CUST0058,Central,Madhya Pradesh,Consumer,Furniture,Bookshelf,Online,Net Banking,9,26.72,0.15,240.48,36.07,204.41,160.16,44.25,0.2165,142.01,2,3.8
ORD04418,2022-07-22,CUST0721,Central,Chhattisgarh,Consumer,Home Appliances,Vacuum Cleaner,Online,Credit Card,6,36.89,0.0,221.34,0.0,221.34,156.84,64.5,0.2914,265.27,1,3.7
ORD04419,2022-03-02,CUST0697,North,Punjab,Consumer,Furniture,Cabinet,Online,Credit Card,5,1168.67,0.15,5843.35,876.5,4966.85,3325.56,1641.29,0.3304,153.38,3,5.0
ORD04420,2024-08-03,CUST0678,East,West Bengal,Corporate,Clothing,Backpack,Store,Debit Card,7,125.54,0.25,878.78,219.7,659.08,465.39,193.69,0.2939,163.35,1,3.9
ORD04421,2024-08-20,CUST0581,West,Gujarat,Consumer,Furniture,Desk,Store,Debit Card,10,468.19,0.15,4681.9,702.28,3979.62,2692.48,1287.13,0.3234,91.29,5,4.6
ORD04422,2025-08-30,CUST0123,South,Telangana,Corporate,Electronics,Laptop,Store,Debit Card,8,1437.69,0.0,11501.52,0.0,11501.52,6766.44,4735.08,0.4117,207.19,6,3.6
ORD04423,2025-03-30,CUST0549,North,Delhi,Corporate,Furniture,Sofa,Online,Credit Card,9,1478.09,0.1,13302.81,1330.28,11972.53,8980.83,2991.7,0.2499,27.19,6,3.8
ORD04424,2022-11-27,CUST0235,Central,Madhya Pradesh,Small Business,Office Supplies,Stapler,Partner,Debit Card,6,254.68,0.1,1528.08,152.81,1375.27,954.33,420.94,0.3061,290.04,6,4.1
ORD04425,2022-12-04,CUST0491,Central,Chhattisgarh,Small Business,Clothing,Shoes,Store,UPI,5,847.94,0.25,4239.7,1059.93,3179.78,2091.71,1088.06,0.3422,159.47,7,3.7
ORD04426,2025-08-20,CUST0075,Central,Chhattisgarh,Small Business,Furniture,Desk,Online,Debit Card,7,845.34,0.25,5917.38,1479.34,4438.04,3111.52,1326.52,0.2989,37.31,1,3.6
ORD04427,2025-09-23,CUST0972,West,Rajasthan,Corporate,Clothing,Jeans,Store,UPI,2,686.79,0.0,1373.58,0.0,1373.58,844.93,528.65,0.3849,176.57,4,3.8
ORD04428,2023-10-01,CUST0620,West,Maharashtra,Consumer,Electronics,Monitor,Online,UPI,8,1388.18,0.2,11105.44,2221.09,8884.35,5912.97,2971.38,0.3345,163.92,10,4.4
ORD04429,2022-10-02,CUST0930,South,Karnataka,Corporate,Office Supplies,Notebook,Online,UPI,4,1134.74,0.0,4538.96,0.0,4538.96,3259.25,1279.71,0.2819,87.4,10,3.7
ORD04430,2025-04-02,CUST0803,North,Uttar Pradesh,Small Business,Home Appliances,Vacuum Cleaner,Online,Credit Card,1,1150.32,0.05,1150.32,57.52,1092.8,667.78,425.02,0.3889,78.47,9,4.0
ORD04431,2022-11-15,CUST0956,North,Haryana,Consumer,Furniture,Desk,Store,UPI,3,415.31,0.05,1245.93,62.3,1183.63,890.36,293.27,0.2478,95.81,10,5.0
ORD04432,2023-08-12,CUST0295,West,Goa,Consumer,Electronics,Tablet,Online,Credit Card,9,659.96,0.05,5939.64,296.98,5642.66,3897.23,1745.43,0.3093,56.32,2,4.3
ORD04433,2023-05-19,CUST0500,West,Gujarat,Consumer,Clothing,Jacket,Online,Debit Card,4,738.82,0.2,2955.28,591.06,2364.22,1850.39,513.84,0.2173,168.8,8,4.8
ORD04434,2023-01-22,CUST0686,West,Maharashtra,Corporate,Clothing,Jeans,Partner,UPI,10,458.88,0.05,4588.8,229.44,4359.36,3394.87,964.49,0.2212,266.1,7,4.2
ORD04435,2024-05-19,CUST0118,Central,Chhattisgarh,Consumer,Electronics,Smartphone,Online,Credit Card,10,155.8,0.15,1558.0,233.7,1324.3,905.19,419.11,0.3165,278.48,7,3.9
ORD04436,2024-04-12,CUST0656,Central,Chhattisgarh,Corporate,Furniture,Cabinet,Online,Debit Card,3,202.64,0.25,607.92,151.98,455.94,274.83,181.11,0.3972,286.84,3,4.9
ORD04437,2024-10-11,CUST0344,Central,Chhattisgarh,Corporate,Home Appliances,Coffee Maker,Partner,Credit Card,4,283.3,0.15,1133.2,169.98,963.22,721.35,241.87,0.2511,188.1,2,3.2
ORD04438,2023-08-26,CUST0159,South,Karnataka,Small Business,Furniture,Cabinet,Online,Credit Card,3,317.43,0.05,952.29,47.61,904.68,599.84,304.84,0.337,194.03,2,4.5
ORD04439,2023-11-22,CUST0782,West,Gujarat,Corporate,Office Supplies,Notebook,Store,Debit Card,3,374.76,0.15,1124.28,168.64,955.64,679.03,276.61,0.2895,106.94,3,4.8
ORD04440,2023-05-09,CUST0753,East,Odisha,Small Business,Furniture,Desk,Online,Cash,2,394.36,0.1,788.72,78.87,709.85,410.97,298.87,0.421,267.9,3,3.1
ORD04441,2023-05-05,CUST0047,South,Telangana,Consumer,Office Supplies,File Folder,Store,Debit Card,6,691.74,0.15,4150.44,622.57,3527.87,2541.93,985.94,0.2795,156.68,10,3.6
ORD04442,2023-12-22,CUST0928,Central,Chhattisgarh,Consumer,Clothing,T-Shirt,Online,UPI,10,771.72,0.0,7717.2,0.0,7717.2,5022.81,2694.39,0.3491,98.21,2,4.1
ORD04443,2025-01-01,CUST0363,Central,Chhattisgarh,Consumer,Office Supplies,Stapler,Partner,UPI,6,473.69,0.1,2842.14,284.21,2557.93,1637.66,920.26,0.3598,290.39,7,4.3
ORD04444,2023-05-24,CUST0333,North,Haryana,Consumer,Home Appliances,Air Cooler,Online,UPI,10,1362.34,0.15,13623.4,2043.51,11579.89,9432.71,2147.18,0.1854,217.51,2,4.7
ORD04445,2023-01-25,CUST0614,North,Haryana,Consumer,Electronics,Headphones,Store,Cash,4,836.41,0.15,3345.64,501.85,2843.79,1896.12,947.68,0.3332,150.1,6,3.3
ORD04446,2022-10-22,CUST0785,West,Rajasthan,Corporate,Office Supplies,Printer Paper,Partner,Net Banking,8,1184.4,0.25,9475.2,2368.8,7106.4,5209.49,1896.91,0.2669,39.22,5,3.6
ORD04447,2025-10-24,CUST0380,West,Rajasthan,Corporate,Furniture,Office Chair,Partner,Net Banking,6,1387.49,0.0,8324.94,0.0,8324.94,5989.68,2335.26,0.2805,59.25,7,5.0
ORD04448,2024-03-06,CUST0124,Central,Madhya Pradesh,Corporate,Office Supplies,Notebook,Online,Cash,8,257.26,0.05,2058.08,102.9,1955.18,1130.41,824.77,0.4218,75.01,7,4.5
ORD04449,2024-05-14,CUST0696,South,Andhra Pradesh,Consumer,Clothing,Shoes,Store,Credit Card,6,650.39,0.1,3902.34,390.23,3512.11,2640.89,871.21,0.2481,272.8,8,
ORD04450,2023-07-03,CUST0164,North,Delhi,Consumer,Office Supplies,Pens,Online,UPI,9,658.32,0.05,5924.88,296.24,5628.64,3586.87,2041.77,0.3627,292.04,4,4.0
ORD04451,2023-10-11,CUST0885,South,Telangana,Corporate,Home Appliances,Air Cooler,Store,Net Banking,3,541.39,0.05,1624.17,81.21,1542.96,1181.47,361.49,0.2343,94.75,10,4.0
ORD04452,2023-07-22,CUST0170,North,Uttar Pradesh,Consumer,Office Supplies,Printer Paper,Online,UPI,3,28.23,0.0,84.69,0.0,84.69,60.47,24.22,0.2859,159.53,5,4.5
ORD04453,2025-04-25,CUST0594,North,Uttar Pradesh,Consumer,Home Appliances,Air Cooler,Online,Cash,2,1226.72,0.15,2453.44,368.02,2085.42,1325.53,759.9,0.3644,241.73,10,4.5
ORD04454,2024-05-02,CUST0147,Central,Chhattisgarh,Consumer,Furniture,Sofa,Online,Credit Card,10,180.67,0.2,1806.7,361.34,1445.36,933.99,511.37,0.3538,127.7,4,4.1
ORD04455,2024-02-09,CUST0647,South,Karnataka,Consumer,Clothing,T-Shirt,Store,Debit Card,6,1493.29,0.0,8959.74,0.0,8959.74,6697.47,2262.27,0.2525,157.87,7,3.2
ORD04456,2023-03-21,CUST0823,South,Tamil Nadu,Consumer,Electronics,Headphones,Online,Cash,7,1162.84,0.0,8139.88,0.0,8139.88,5685.84,2454.04,0.3015,268.53,3,3.2
ORD04457,2022-12-29,CUST0512,North,Delhi,Consumer,Furniture,Cabinet,Online,Debit Card,7,876.31,0.05,6134.17,306.71,5827.46,4256.7,1570.76,0.2695,78.1,10,4.5
ORD04458,2022-05-03,CUST0158,South,Andhra Pradesh,Consumer,Furniture,Cabinet,Online,UPI,5,244.59,0.1,1222.95,122.3,1100.66,652.41,448.25,0.4073,298.28,2,4.2
ORD04459,2025-04-26,CUST0332,West,Goa,Corporate,Electronics,Monitor,Partner,Credit Card,6,780.36,0.15,4682.16,702.32,3979.84,3034.56,945.28,0.2375,147.77,4,
ORD04460,2024-01-12,CUST0203,West,Maharashtra,Consumer,Office Supplies,Printer Paper,Store,UPI,7,402.75,0.0,2819.25,0.0,2819.25,1794.47,1024.78,0.3635,92.32,5,3.1
ORD04461,2023-11-11,CUST0120,West,Maharashtra,Consumer,Office Supplies,Printer Paper,Online,Cash,2,389.7,0.1,779.4,77.94,701.46,503.2,198.26,0.2826,269.9,1,4.8
ORD04462,2023-02-24,CUST0029,South,Karnataka,Small Business,Office Supplies,Notebook,Partner,Debit Card,10,1246.85,0.0,12468.5,0.0,12468.5,7243.74,5224.76,0.419,41.42,3,3.6
ORD04463,2025-06-29,CUST0963,South,Telangana,Corporate,Clothing,Jeans,Store,Credit Card,7,580.26,0.25,4061.82,1015.46,3046.36,1939.87,1106.49,0.3632,199.85,8,3.8
ORD04464,2025-09-20,CUST0162,East,West Bengal,Consumer,Furniture,Bookshelf,Online,Credit Card,1,684.32,0.2,684.32,136.86,547.46,397.01,150.44,0.2748,37.27,5,3.9
ORD04465,2022-04-02,CUST0674,South,Andhra Pradesh,Small Business,Home Appliances,Coffee Maker,Online,Net Banking,6,1266.8,0.2,7600.8,1520.16,6080.64,3794.54,2286.1,0.376,284.93,1,3.3
ORD04466,2022-03-04,CUST0991,West,Maharashtra,Consumer,Electronics,Laptop,Online,UPI,8,145.37,0.0,1162.96,0.0,1162.96,916.05,246.91,0.2123,199.12,4,3.2
ORD04467,2023-05-27,CUST0854,South,Telangana,Consumer,Furniture,Cabinet,Store,Credit Card,1,898.01,0.1,898.01,89.8,808.21,588.81,219.4,0.2715,131.43,8,4.1
ORD04468,2025-03-08,CUST0514,West,Gujarat,Small Business,Office Supplies,Pens,Partner,Credit Card,1,873.65,0.0,873.65,0.0,873.65,685.79,187.86,0.215,138.83,8,4.8
ORD04469,2025-04-23,CUST0923,North,Punjab,Small Business,Electronics,Laptop,Online,Net Banking,6,646.44,0.1,3878.64,387.86,3490.78,2292.59,1198.19,0.3432,66.24,2,5.0
ORD04470,2025-05-13,CUST0559,West,Goa,Consumer,Home Appliances,Air Cooler,Online,Net Banking,5,1247.22,0.05,6236.1,311.81,5924.3,3312.72,2611.57,0.4408,120.8,9,4.4
ORD04471,2024-02-11,CUST0100,Central,Madhya Pradesh,Corporate,Furniture,Desk,Online,Credit Card,3,1415.19,0.15,4245.57,636.84,3608.73,2546.17,1062.56,0.2944,273.06,10,5.0
ORD04472,2025-05-22,CUST0736,West,Goa,Corporate,Furniture,Bookshelf,Online,Debit Card,10,706.02,0.1,7060.2,706.02,6354.18,4076.73,2277.45,0.3584,245.5,1,4.4
ORD04473,2022-09-13,CUST0057,East,Odisha,Consumer,Clothing,T-Shirt,Store,Net Banking,10,692.38,0.1,6923.8,692.38,6231.42,4181.35,2050.07,0.329,205.21,10,4.7
ORD04474,2022-05-15,CUST0634,Central,Madhya Pradesh,Consumer,Furniture,Cabinet,Store,UPI,7,760.56,0.15,5323.92,798.59,4525.33,3321.14,1204.19,0.2661,290.98,8,4.0
ORD04475,2024-05-24,CUST0483,West,Maharashtra,Consumer,Furniture,Office Chair,Online,Cash,7,1088.84,0.1,7621.88,762.19,6859.69,5070.54,1789.15,0.2608,180.56,8,4.2
ORD04476,2024-04-01,CUST0145,South,Telangana,Small Business,Home Appliances,Air Cooler,Store,UPI,7,1007.07,0.05,7049.49,352.47,6697.02,3733.19,2963.83,0.4426,69.36,6,4.3
ORD04477,2022-03-29,CUST0866,South,Telangana,Consumer,Home Appliances,Vacuum Cleaner,Online,UPI,6,345.91,0.1,2075.46,207.55,1867.91,1415.34,452.57,0.2423,219.81,1,4.1
ORD04478,2024-09-14,CUST0154,West,Gujarat,Corporate,Electronics,Laptop,Partner,UPI,4,109.88,0.25,439.52,109.88,329.64,225.23,104.41,0.3167,185.74,9,3.8
ORD04479,2025-05-15,CUST0381,West,Rajasthan,Consumer,Office Supplies,Pens,Online,Cash,9,1424.64,0.1,12821.76,1282.18,11539.58,8081.27,3458.31,0.2997,142.23,10,4.5
ORD04480,2025-02-26,CUST0650,South,Karnataka,Consumer,Home Appliances,Vacuum Cleaner,Store,Debit Card,9,402.69,0.1,3624.21,362.42,3261.79,2056.42,1205.37,0.3695,61.15,3,3.8
ORD04481,2024-04-02,CUST0039,South,Tamil Nadu,Corporate,Electronics,Tablet,Online,Credit Card,7,963.32,0.2,6743.24,1348.65,5394.59,3579.99,1814.61,0.3364,209.74,1,4.3
ORD04482,2024-10-23,CUST0777,Central,Madhya Pradesh,Corporate,Furniture,Desk,Online,Debit Card,7,1245.23,0.1,8716.61,871.66,7844.95,5819.39,2025.56,0.2582,144.34,7,3.9
ORD04483,2024-08-31,CUST0793,North,Haryana,Consumer,Electronics,Headphones,Store,Net Banking,8,460.91,0.25,3687.28,921.82,2765.46,2100.96,664.5,0.2403,182.02,10,4.9
ORD04484,2024-07-22,CUST0148,South,Andhra Pradesh,Consumer,Electronics,Laptop,Online,UPI,5,958.62,0.0,4793.1,0.0,4793.1,3137.17,1655.93,0.3455,108.31,5,4.7
ORD04485,2022-05-01,CUST0527,North,Haryana,Corporate,Electronics,Smartphone,Partner,Debit Card,9,175.23,0.1,1577.07,157.71,1419.36,1045.51,373.86,0.2634,63.6,2,3.7
ORD04486,2025-11-09,CUST0232,West,Gujarat,Consumer,Electronics,Tablet,Store,UPI,6,1455.35,0.05,8732.1,436.6,8295.49,5140.48,3155.01,0.3803,120.77,1,3.8
ORD04487,2024-11-27,CUST0113,North,Uttar Pradesh,Consumer,Home Appliances,Blender,Partner,Credit Card,7,101.37,0.1,709.59,70.96,638.63,494.71,143.92,0.2254,258.59,6,3.8
ORD04488,2025-09-26,CUST0859,West,Maharashtra,Corporate,Office Supplies,Pens,Partner,Credit Card,7,665.69,0.0,4659.83,0.0,4659.83,3330.15,1329.68,0.2854,64.68,1,4.1
ORD04489,2024-10-04,CUST0651,North,Uttar Pradesh,Consumer,Electronics,Monitor,Online,Debit Card,9,812.18,0.05,7309.62,365.48,6944.14,5272.69,1671.45,0.2407,151.95,6,2.7
ORD04490,2024-07-13,CUST0656,West,Rajasthan,Consumer,Clothing,Shoes,Store,UPI,7,1188.87,0.05,8322.09,416.1,7905.99,5366.83,2539.15,0.3212,103.33,1,4.3
ORD04491,2023-10-07,CUST0478,West,Gujarat,Consumer,Furniture,Office Chair,Store,UPI,3,194.88,0.05,584.64,29.23,555.41,339.83,215.58,0.3881,289.45,7,3.2
ORD04492,2023-12-15,CUST0406,South,Andhra Pradesh,Small Business,Furniture,Office Chair,Online,Net Banking,6,669.6,0.0,4017.6,0.0,4017.6,2675.29,1342.31,0.3341,43.71,7,3.7
ORD04493,2024-05-09,CUST0958,East,Bihar,Consumer,Furniture,Cabinet,Partner,Cash,6,460.07,0.15,2760.42,414.06,2346.36,1532.17,814.18,0.347,88.7,10,4.4
ORD04494,2022-01-21,CUST0152,South,Telangana,Corporate,Furniture,Sofa,Store,Debit Card,7,478.34,0.05,3348.38,167.42,3180.96,2035.29,1145.68,0.3602,145.88,4,5.0
ORD04495,2022-08-30,CUST0242,South,Tamil Nadu,Consumer,Furniture,Office Chair,Store,UPI,6,1171.5,0.1,7029.0,702.9,6326.1,3841.76,2484.34,0.3927,89.24,7,3.9
ORD04496,2023-03-31,CUST0472,West,Rajasthan,Consumer,Electronics,Monitor,Online,Credit Card,4,23.11,0.0,92.44,0.0,92.44,69.79,22.65,0.245,217.85,8,4.3
ORD04497,2024-08-20,CUST0932,South,Andhra Pradesh,Consumer,Office Supplies,Stapler,Store,Credit Card,6,1127.39,0.0,6764.34,0.0,6764.34,3878.1,2886.24,0.4267,123.85,8,3.3
ORD04498,2023-09-13,CUST0402,West,Gujarat,Consumer,Clothing,Jeans,Online,Credit Card,3,1218.44,0.2,3655.32,731.06,2924.26,2309.11,615.14,0.2104,238.62,3,3.8
ORD04499,2022-10-30,CUST0660,South,Andhra Pradesh,Small Business,Home Appliances,Air Cooler,Store,Debit Card,1,1353.52,0.15,1353.52,203.03,1150.49,687.14,463.35,0.4027,174.36,8,3.5
ORD04500,2024-03-13,CUST0264,South,Tamil Nadu,Consumer,Clothing,Shoes,Online,Credit Card,1,945.92,0.15,945.92,141.89,804.03,654.94,149.09,0.1854,139.51,3,4.1
ORD04501,2024-08-21,CUST0783,South,Andhra Pradesh,Corporate,Home Appliances,Microwave,Online,Debit Card,5,510.18,0.1,2550.9,255.09,2295.81,1875.42,420.39,0.1831,122.17,5,3.4
ORD04502,2022-03-10,CUST0589,East,Bihar,Consumer,Home Appliances,Coffee Maker,Partner,UPI,8,649.44,0.0,5195.52,0.0,5195.52,3416.39,1779.13,0.3424,82.17,1,4.7
ORD04503,2025-02-26,CUST0996,East,Bihar,Consumer,Clothing,Backpack,Store,Debit Card,3,1455.06,0.0,4365.18,0.0,4365.18,3565.09,800.09,0.1833,90.72,7,3.6
ORD04504,2022-07-15,CUST0381,West,Goa,Consumer,Electronics,Laptop,Partner,UPI,2,1323.56,0.1,2647.12,264.71,2382.41,1869.35,513.06,0.2154,69.39,10,3.9
ORD04505,2022-05-20,CUST0078,South,Telangana,Corporate,Furniture,Office Chair,Online,Debit Card,8,703.34,0.15,5626.72,844.01,4782.71,2736.94,2045.78,0.4277,258.49,8,3.6
ORD04506,2022-10-10,CUST0303,North,Haryana,Small Business,Electronics,Laptop,Store,Credit Card,9,1415.45,0.2,12739.05,2547.81,10191.24,8211.88,1979.36,0.1942,173.52,4,3.2
ORD04507,2022-11-08,CUST0216,West,Gujarat,Small Business,Furniture,Cabinet,Store,Credit Card,9,1237.09,0.05,11133.81,556.69,10577.12,5938.83,4638.29,0.4385,155.21,7,3.0
ORD04508,2024-01-16,CUST0631,West,Gujarat,Consumer,Office Supplies,Notebook,Store,Credit Card,2,1353.12,0.05,2706.24,135.31,2570.93,1540.29,1030.64,0.4009,110.23,7,2.6
ORD04509,2022-10-04,CUST0229,North,Uttar Pradesh,Corporate,Home Appliances,Blender,Online,Credit Card,8,1029.22,0.0,8233.76,0.0,8233.76,5828.19,2405.57,0.2922,164.72,6,3.9
ORD04510,2022-03-02,CUST0152,West,Maharashtra,Consumer,Clothing,Jeans,Online,UPI,2,1288.62,0.15,2577.24,386.59,2190.65,1252.61,938.04,0.4282,267.12,5,4.6
ORD04511,2025-09-04,CUST0815,South,Telangana,Corporate,Office Supplies,Pens,Partner,Net Banking,7,1339.27,0.05,9374.89,468.74,8906.15,5287.28,3618.87,0.4063,259.71,10,3.7
ORD04512,2022-02-21,CUST0530,West,Gujarat,Small Business,Furniture,Desk,Online,Debit Card,8,151.64,0.1,1213.12,121.31,1091.81,881.57,210.24,0.1926,187.75,4,3.2
ORD04513,2022-06-02,CUST0928,Central,Chhattisgarh,Consumer,Electronics,Headphones,Partner,Debit Card,1,1448.35,0.2,1448.35,289.67,1158.68,948.46,210.22,0.1814,168.39,5,3.5
ORD04514,2025-08-27,CUST0483,Central,Madhya Pradesh,Consumer,Clothing,Jacket,Online,Net Banking,8,510.42,0.15,4083.36,612.5,3470.86,2656.93,813.93,0.2345,83.22,7,3.8
ORD04515,2023-06-28,CUST0468,West,Goa,Corporate,Home Appliances,Blender,Partner,Credit Card,3,668.25,0.0,2004.75,0.0,2004.75,1381.49,623.26,0.3109,214.02,8,3.6
ORD04516,2023-07-21,CUST0682,South,Tamil Nadu,Corporate,Office Supplies,Stapler,Store,Credit Card,1,1190.98,0.0,1190.98,0.0,1190.98,944.54,246.44,0.2069,258.93,4,4.6
ORD04517,2025-11-13,CUST0096,West,Rajasthan,Consumer,Home Appliances,Blender,Store,UPI,7,1002.37,0.15,7016.59,1052.49,5964.1,3460.45,2503.65,0.4198,105.59,5,4.8
ORD04518,2023-09-14,CUST0485,East,Odisha,Small Business,Furniture,Sofa,Online,UPI,10,1341.19,0.1,13411.9,1341.19,12070.71,9711.86,2358.85,0.1954,141.95,6,3.8
ORD04519,2025-04-15,CUST0677,North,Delhi,Corporate,Home Appliances,Microwave,Partner,UPI,3,609.85,0.15,1829.55,274.43,1555.12,1002.93,552.19,0.3551,49.88,9,3.0
ORD04520,2025-10-17,CUST0545,East,Jharkhand,Consumer,Electronics,Headphones,Online,UPI,8,569.33,0.0,4554.64,0.0,4554.64,3564.47,990.17,0.2174,260.3,10,3.4
ORD04521,2022-11-10,CUST0385,Central,Chhattisgarh,Consumer,Office Supplies,Notebook,Store,Credit Card,9,62.06,0.2,558.54,111.71,446.83,326.39,120.44,0.2695,47.36,6,3.9
ORD04522,2024-03-17,CUST0240,Central,Madhya Pradesh,Corporate,Office Supplies,Stapler,Online,Debit Card,2,702.15,0.15,1404.3,210.64,1193.66,965.99,227.66,0.1907,217.21,7,3.2
ORD04523,2024-04-27,CUST0860,North,Haryana,Consumer,Electronics,Headphones,Store,Credit Card,1,1090.25,0.2,1090.25,218.05,872.2,683.34,188.86,0.2165,72.35,8,4.0
ORD04524,2022-04-07,CUST0923,West,Rajasthan,Consumer,Home Appliances,Blender,Partner,Net Banking,8,462.25,0.05,3698.0,184.9,3513.1,2774.41,738.69,0.2103,225.42,3,4.2
ORD04525,2024-05-30,CUST0273,West,Goa,Corporate,Electronics,Headphones,Online,Net Banking,10,702.15,0.05,7021.5,351.08,6670.42,4806.53,1863.89,0.2794,199.95,5,3.9
ORD04526,2025-05-21,CUST0046,South,Andhra Pradesh,Corporate,Clothing,Jeans,Store,Debit Card,6,340.81,0.0,2044.86,0.0,2044.86,1584.67,460.19,0.225,213.31,4,4.0
ORD04527,2024-04-08,CUST0591,East,Bihar,Corporate,Electronics,Headphones,Online,Credit Card,10,1162.59,0.2,11625.9,2325.18,9300.72,7016.7,2284.02,0.2456,198.02,1,3.4
ORD04528,2022-05-17,CUST0462,West,Gujarat,Consumer,Home Appliances,Coffee Maker,Partner,Debit Card,1,104.86,0.0,104.86,0.0,104.86,62.25,42.61,0.4064,131.07,4,3.6
ORD04529,2024-10-26,CUST0351,South,Andhra Pradesh,Corporate,Electronics,Monitor,Partner,Credit Card,3,1062.49,0.0,3187.47,0.0,3187.47,2311.3,876.17,0.2749,193.65,2,4.0
ORD04530,2024-10-07,CUST0674,North,Delhi,Small Business,Furniture,Desk,Online,Debit Card,9,577.73,0.0,5199.57,0.0,5199.57,3067.78,2131.79,0.41,85.7,4,3.7
ORD04531,2022-04-19,CUST0259,West,Gujarat,Consumer,Electronics,Smartphone,Online,UPI,9,76.77,0.15,690.93,103.64,587.29,460.88,126.41,0.2152,96.7,2,4.0
ORD04532,2023-07-01,CUST0056,Central,Chhattisgarh,Corporate,Electronics,Laptop,Store,Cash,6,1282.4,0.2,7694.4,1538.88,6155.52,3495.14,2660.38,0.4322,38.24,4,3.3
ORD04533,2024-11-28,CUST0652,West,Goa,Small Business,Home Appliances,Coffee Maker,Online,Debit Card,3,739.27,0.15,2217.81,332.67,1885.14,1539.22,345.92,0.1835,191.59,4,3.1
ORD04534,2023-10-24,CUST0538,West,Maharashtra,Corporate,Clothing,T-Shirt,Online,Credit Card,8,904.99,0.1,7239.92,723.99,6515.93,4288.58,2227.34,0.3418,255.42,3,
ORD04535,2023-03-01,CUST0664,South,Telangana,Corporate,Clothing,Backpack,Online,Credit Card,6,1102.07,0.25,6612.42,1653.1,4959.32,2956.1,2003.22,0.4039,125.97,5,4.7
ORD04536,2023-09-22,CUST0828,North,Delhi,Consumer,Home Appliances,Coffee Maker,Online,Credit Card,1,987.79,0.0,987.79,0.0,987.79,792.83,194.96,0.1974,78.43,9,3.0
ORD04537,2022-09-18,CUST0058,West,Goa,Consumer,Home Appliances,Air Cooler,Online,Credit Card,6,1100.32,0.2,6601.92,1320.38,5281.54,2969.62,2311.91,0.4377,250.7,1,4.8
ORD04538,2025-12-20,CUST0447,South,Telangana,Corporate,Home Appliances,Microwave,Online,Net Banking,5,1146.99,0.1,5734.95,573.5,5161.46,3493.94,1667.52,0.3231,200.36,7,4.9
ORD04539,2022-03-28,CUST0226,Central,Madhya Pradesh,Corporate,Furniture,Bookshelf,Online,Credit Card,8,889.89,0.1,7119.12,711.91,6407.21,4856.42,1550.79,0.242,270.19,10,2.9
ORD04540,2023-04-10,CUST0264,North,Delhi,Small Business,Office Supplies,File Folder,Store,Cash,2,557.97,0.0,1115.94,0.0,1115.94,709.21,406.73,0.3645,21.75,1,4.8
ORD04541,2022-03-17,CUST0763,South,Andhra Pradesh,Consumer,Electronics,Tablet,Store,UPI,7,376.07,0.0,2632.49,0.0,2632.49,1823.75,808.74,0.3072,132.32,10,3.2
ORD04542,2023-04-16,CUST0204,South,Tamil Nadu,Consumer,Home Appliances,Blender,Online,UPI,6,1355.81,0.05,8134.86,406.74,7728.12,5711.94,2016.18,0.2609,272.27,1,4.3
ORD04543,2023-02-18,CUST0457,Central,Madhya Pradesh,Consumer,Home Appliances,Air Cooler,Store,Debit Card,1,1455.34,0.0,1455.34,0.0,1455.34,1174.51,280.83,0.193,209.11,2,4.9
ORD04544,2024-04-04,CUST0538,North,Haryana,Corporate,Home Appliances,Vacuum Cleaner,Partner,UPI,8,546.13,0.1,4369.04,436.9,3932.14,2271.71,1660.42,0.4223,151.28,10,4.2
ORD04545,2024-06-13,CUST0878,North,Uttar Pradesh,Consumer,Clothing,Backpack,Online,UPI,6,181.78,0.0,1090.68,0.0,1090.68,646.17,444.51,0.4075,136.07,6,4.3
ORD04546,2023-12-27,CUST0954,South,Karnataka,Corporate,Home Appliances,Blender,Store,Debit Card,3,345.47,0.0,1036.41,0.0,1036.41,712.42,323.99,0.3126,270.64,9,4.5
ORD04547,2023-04-02,CUST0422,West,Gujarat,Consumer,Electronics,Laptop,Store,Debit Card,5,1010.94,0.2,5054.7,1010.94,4043.76,2680.97,1362.79,0.337,252.9,3,5.0
ORD04548,2025-08-01,CUST0049,South,Andhra Pradesh,Consumer,Home Appliances,Coffee Maker,Online,Cash,7,271.81,0.2,1902.67,380.53,1522.14,1006.0,516.13,0.3391,23.45,5,3.6
ORD04549,2025-06-16,CUST0811,South,Karnataka,Consumer,Electronics,Smartphone,Online,Debit Card,9,1173.48,0.25,10561.32,2640.33,7920.99,4991.65,2929.34,0.3698,53.91,8,4.7
ORD04550,2023-10-15,CUST0443,North,Uttar Pradesh,Small Business,Furniture,Office Chair,Online,Debit Card,4,1385.7,0.15,5542.8,831.42,4711.38,3304.49,1406.89,0.2986,163.45,10,3.2
ORD04551,2023-11-03,CUST0211,West,Rajasthan,Corporate,Office Supplies,Stapler,Store,Debit Card,2,1446.02,0.15,2892.04,433.81,2458.23,1938.29,519.95,0.2115,52.1,6,3.3
ORD04552,2025-10-27,CUST0021,North,Delhi,Small Business,Clothing,T-Shirt,Online,Credit Card,3,28.85,0.15,86.55,12.98,73.57,43.66,29.91,0.4066,96.93,3,4.2
ORD04553,2023-05-10,CUST0397,South,Andhra Pradesh,Corporate,Electronics,Tablet,Partner,Credit Card,7,1437.86,0.15,10065.02,1509.75,8555.27,5202.69,3352.58,0.3919,253.77,2,4.6
ORD04554,2024-12-04,CUST0355,South,Tamil Nadu,Consumer,Furniture,Bookshelf,Store,Credit Card,8,1114.19,0.05,8913.52,445.68,8467.84,6191.03,2276.81,0.2689,128.12,3,4.4
ORD04555,2025-11-25,CUST0387,East,Odisha,Consumer,Office Supplies,Notebook,Online,UPI,5,139.81,0.0,699.05,0.0,699.05,395.08,303.97,0.4348,146.26,6,3.8
ORD04556,2025-06-24,CUST0089,West,Rajasthan,Small Business,Office Supplies,Pens,Online,Debit Card,3,631.63,0.05,1894.89,94.74,1800.15,1317.56,482.59,0.2681,68.77,5,3.8
ORD04557,2023-08-20,CUST0928,East,Jharkhand,Corporate,Office Supplies,Pens,Online,Net Banking,1,1054.57,0.15,1054.57,158.19,896.38,569.12,327.27,0.3651,188.65,8,3.5
ORD04558,2023-03-26,CUST0789,Central,Madhya Pradesh,Consumer,Electronics,Laptop,Online,UPI,10,1435.68,0.15,14356.8,2153.52,12203.28,7890.89,4312.39,0.3534,53.69,10,4.2
ORD04559,2023-04-30,CUST0526,Central,Madhya Pradesh,Corporate,Furniture,Sofa,Online,Credit Card,1,258.75,0.1,258.75,25.88,232.88,153.58,79.29,0.3405,196.46,2,4.3
ORD04560,2023-10-08,CUST0479,South,Andhra Pradesh,Consumer,Home Appliances,Microwave,Store,UPI,2,204.68,0.0,409.36,0.0,409.36,263.79,145.57,0.3556,229.09,2,4.7
ORD04561,2023-09-12,CUST0136,West,Gujarat,Consumer,Furniture,Desk,Store,UPI,5,716.44,0.05,3582.2,179.11,3403.09,2644.63,758.46,0.2229,264.61,4,3.1
ORD04562,2024-11-07,CUST0007,West,Goa,Consumer,Furniture,Bookshelf,Online,UPI,3,1452.63,0.15,4357.89,653.68,3704.21,2983.51,720.7,0.1946,183.09,9,5.0
ORD04563,2023-10-24,CUST0740,Central,Madhya Pradesh,Small Business,Furniture,Cabinet,Store,UPI,7,1457.5,0.1,10202.5,1020.25,9182.25,6408.87,2773.38,0.302,112.95,5,3.3
ORD04564,2024-01-28,CUST0099,South,Telangana,Consumer,Electronics,Monitor,Online,UPI,2,353.45,0.1,706.9,70.69,636.21,449.87,186.34,0.2929,258.47,7,3.4
ORD04565,2022-10-16,CUST0467,East,Odisha,Consumer,Electronics,Tablet,Online,Credit Card,2,489.23,0.05,978.46,48.92,929.54,528.93,400.6,0.431,187.05,7,3.9
ORD04566,2025-12-08,CUST0699,South,Karnataka,Consumer,Electronics,Smartphone,Store,UPI,3,1363.43,0.1,4090.29,409.03,3681.26,2733.56,947.7,0.2574,120.28,6,4.0
ORD04567,2023-12-22,CUST0130,Central,Madhya Pradesh,Consumer,Furniture,Desk,Online,Debit Card,1,1106.24,0.25,1106.24,276.56,829.68,587.17,242.51,0.2923,110.31,6,4.4
ORD04568,2023-09-30,CUST0325,South,Karnataka,Consumer,Electronics,Smartphone,Store,UPI,2,1458.89,0.2,2917.78,583.56,2334.22,1315.58,1018.64,0.4364,109.77,9,4.4
ORD04569,2022-08-23,CUST0684,South,Tamil Nadu,Consumer,Office Supplies,Notebook,Partner,Credit Card,5,1341.33,0.0,6706.65,0.0,6706.65,4047.97,2658.68,0.3964,35.78,4,4.4
ORD04570,2023-02-20,CUST0066,South,Andhra Pradesh,Consumer,Electronics,Monitor,Store,Net Banking,3,334.42,,1003.26,100.33,902.93,545.85,357.09,0.3955,48.37,2,4.9
ORD04571,2024-07-26,CUST0018,South,Telangana,Small Business,Clothing,Backpack,Online,UPI,10,1143.19,0.05,11431.9,571.6,10860.31,6474.49,4385.81,0.4038,45.12,7,4.6
ORD04572,2023-05-14,CUST0719,East,Jharkhand,Consumer,Electronics,Smartphone,Online,UPI,6,87.12,0.1,522.72,52.27,470.45,342.41,128.04,0.2722,107.41,6,3.2
ORD04573,2024-08-31,CUST0144,North,Haryana,Consumer,Electronics,Smartphone,Online,Net Banking,2,1229.48,0.1,2458.96,245.9,2213.06,1771.95,441.11,0.1993,152.71,4,3.8
ORD04574,2023-09-26,CUST0268,South,Karnataka,Consumer,Electronics,Tablet,Store,Net Banking,8,908.31,0.05,7266.48,363.32,6903.16,5218.81,1684.35,0.244,61.32,1,3.6
ORD04575,2024-10-16,CUST0364,Central,Chhattisgarh,Corporate,Electronics,Monitor,Store,UPI,4,1434.81,0.15,5739.24,860.89,4878.35,3311.87,1566.48,0.3211,251.83,4,3.9
ORD04576,2022-04-25,CUST0316,South,Tamil Nadu,Small Business,Clothing,Jacket,Store,Credit Card,3,1440.65,0.1,4321.95,432.2,3889.76,2563.71,1326.04,0.3409,38.37,6,4.8
ORD04577,2024-07-20,CUST0484,West,Maharashtra,Consumer,Home Appliances,Coffee Maker,Store,Net Banking,5,90.46,0.25,452.3,113.07,339.22,221.97,117.26,0.3457,284.69,3,4.5
ORD04578,2023-11-05,CUST0470,North,Punjab,Small Business,Electronics,Headphones,Store,UPI,8,253.37,0.0,2026.96,0.0,2026.96,1443.88,583.08,0.2877,40.84,1,3.9
ORD04579,2025-06-11,CUST0988,South,Tamil Nadu,Corporate,Office Supplies,Pens,Partner,UPI,9,734.05,0.0,6606.45,0.0,6606.45,4274.3,2332.15,0.353,270.51,2,4.7
ORD04580,2024-10-31,CUST0310,West,Gujarat,Corporate,Clothing,Backpack,Online,Cash,1,1321.05,0.15,1321.05,198.16,1122.89,686.15,436.75,0.3889,93.0,6,4.6
ORD04581,2022-07-25,CUST0040,West,Rajasthan,Consumer,Home Appliances,Coffee Maker,Partner,Credit Card,4,1224.45,0.15,4897.8,734.67,4163.13,2967.34,1195.79,0.2872,296.29,1,3.2
ORD04582,2022-09-04,CUST0683,South,Telangana,Consumer,Electronics,Smartphone,Store,Credit Card,6,1447.09,0.1,8682.54,868.25,7814.29,5122.19,2692.1,0.3445,165.97,6,3.4
ORD04583,2024-01-28,CUST0502,Central,Madhya Pradesh,Corporate,Home Appliances,Coffee Maker,Online,UPI,6,932.85,0.25,5597.1,1399.28,4197.83,2324.81,1873.01,0.4462,25.13,1,4.2
ORD04584,2025-02-24,CUST0662,Central,Madhya Pradesh,Small Business,Office Supplies,Notebook,Partner,Net Banking,9,396.0,0.1,3564.0,356.4,3207.6,1783.43,1424.17,0.444,99.15,1,3.9
ORD04585,2022-05-27,CUST0004,Central,Madhya Pradesh,Corporate,Clothing,Jeans,Partner,Debit Card,1,52.28,0.1,52.28,5.23,47.05,29.36,17.69,0.376,283.25,6,4.5
ORD04586,2022-04-28,CUST0460,South,Telangana,Consumer,Clothing,Jeans,Store,UPI,5,346.05,0.2,1730.25,346.05,1384.2,952.82,431.38,0.3116,103.91,1,3.8
ORD04587,2025-11-06,CUST0789,North,Uttar Pradesh,Consumer,Home Appliances,Vacuum Cleaner,Store,UPI,10,1017.78,0.1,10177.8,1017.78,9160.02,5914.12,3245.9,0.3544,120.69,9,4.5
ORD04588,2023-02-16,CUST0987,West,Gujarat,Corporate,Electronics,Headphones,Online,UPI,1,1390.52,0.05,1390.52,69.53,1320.99,735.13,585.87,0.4435,32.36,2,4.0
ORD04589,2022-12-29,CUST0407,West,Goa,Corporate,Furniture,Bookshelf,Online,Net Banking,6,491.54,0.15,2949.24,442.39,2506.85,1529.81,977.04,0.3897,90.91,9,4.4
ORD04590,2022-05-17,CUST0170,North,Haryana,Consumer,Clothing,T-Shirt,Online,Credit Card,9,1315.42,0.1,11838.78,1183.88,10654.9,6137.58,4517.32,0.424,92.61,5,4.2
ORD04591,2025-04-13,CUST0859,West,Maharashtra,Consumer,Furniture,Desk,Online,UPI,4,601.42,0.05,2405.68,120.28,2285.4,1842.33,443.07,0.1939,220.47,5,3.8
ORD04592,2025-08-05,CUST0809,North,Delhi,Consumer,Clothing,Jeans,Online,Net Banking,10,472.78,0.05,4727.8,236.39,4491.41,2849.64,1641.77,0.3655,161.62,10,5.0
ORD04593,2024-08-15,CUST0400,East,Jharkhand,Corporate,Electronics,Tablet,Online,Debit Card,10,770.63,0.05,7706.3,385.32,7320.98,4055.73,3265.26,0.446,65.08,8,3.8
ORD04594,2022-01-19,CUST0608,South,Tamil Nadu,Corporate,Electronics,Headphones,Store,Debit Card,9,671.78,0.0,6046.02,0.0,6046.02,4403.63,1642.39,0.2716,242.77,1,5.0
ORD04595,2022-07-14,CUST0548,West,Rajasthan,Small Business,Clothing,Shoes,Online,Credit Card,3,1371.99,0.2,4115.97,823.19,3292.78,2017.68,1275.09,0.3872,191.23,9,2.9
ORD04596,2022-11-26,CUST0634,South,Andhra Pradesh,Corporate,Home Appliances,Coffee Maker,Online,Net Banking,7,710.36,0.0,4972.52,0.0,4972.52,3495.77,1476.75,0.297,95.17,1,3.4
ORD04597,2022-06-24,CUST0273,West,Rajasthan,Consumer,Electronics,Laptop,Online,Debit Card,5,426.84,0.0,2134.2,0.0,2134.2,1260.67,873.53,0.4093,82.66,5,4.1
ORD04598,2024-09-28,CUST0182,East,Jharkhand,Corporate,Electronics,Headphones,Online,Debit Card,10,1266.21,0.1,12662.1,1266.21,11395.89,9295.44,2100.45,0.1843,278.97,8,3.1
ORD04599,2023-03-25,CUST0466,West,Gujarat,Small Business,Office Supplies,Printer Paper,Online,Debit Card,1,1498.14,0.15,1498.14,224.72,1273.42,1033.98,239.44,0.188,198.38,1,3.7
ORD04600,2024-08-03,CUST0347,Central,Madhya Pradesh,Small Business,Electronics,Laptop,Online,UPI,7,977.53,0.15,6842.71,1026.41,5816.3,4229.12,1587.18,0.2729,246.08,5,4.5
ORD04601,2025-10-09,CUST0903,West,Goa,Small Business,Office Supplies,Pens,Online,UPI,8,386.94,0.05,3095.52,154.78,2940.74,2178.93,761.82,0.2591,83.14,3,3.9
ORD04602,2022-05-21,CUST0886,Central,Madhya Pradesh,Consumer,Electronics,Monitor,Online,Net Banking,6,369.64,0.2,2217.84,443.57,1774.27,1179.87,594.4,0.335,184.85,8,4.4
ORD04603,2024-01-28,CUST0425,North,Punjab,Corporate,Electronics,Laptop,Online,Debit Card,1,100.69,0.1,100.69,10.07,90.62,73.38,17.24,0.1902,34.98,3,4.8
ORD04604,2024-07-18,CUST0870,South,Tamil Nadu,Small Business,Home Appliances,Blender,Partner,UPI,9,129.78,0.1,1168.02,116.8,1051.22,698.44,352.78,0.3356,186.52,8,4.3
ORD04605,2022-04-03,CUST0574,North,Haryana,Corporate,Home Appliances,Vacuum Cleaner,Online,UPI,7,1373.75,0.15,9616.25,1442.44,8173.81,5024.09,3149.73,0.3853,77.0,2,3.4
ORD04606,2022-08-27,CUST0630,South,Telangana,Consumer,Electronics,Smartphone,Store,Debit Card,6,158.28,0.05,949.68,47.48,902.2,524.31,377.88,0.4188,207.35,10,3.9
ORD04607,2022-07-24,CUST0340,West,Gujarat,Small Business,Clothing,Backpack,Online,Credit Card,4,734.25,0.2,2937.0,587.4,2349.6,1424.31,925.29,0.3938,280.95,3,4.0
ORD04608,2023-07-14,CUST0252,North,Punjab,Consumer,Clothing,Shoes,Online,Net Banking,3,1051.71,0.1,3155.13,315.51,2839.62,2000.5,839.11,0.2955,148.44,1,4.1
ORD04609,2025-12-27,CUST0825,East,Odisha,Consumer,Electronics,Laptop,Online,UPI,4,1277.78,0.2,5111.12,1022.22,4088.9,2519.47,1569.42,0.3838,105.51,1,3.7
ORD04610,2022-09-02,CUST0099,East,Jharkhand,Consumer,Clothing,Shoes,Partner,UPI,1,269.34,0.05,269.34,13.47,255.87,185.93,69.94,0.2734,54.51,4,4.1
ORD04611,2024-04-11,CUST0495,East,Jharkhand,Corporate,Electronics,Tablet,Online,Credit Card,9,665.1,0.2,5985.9,1197.18,4788.72,3127.94,1660.78,0.3468,207.77,5,4.5
ORD04612,2025-09-02,CUST0289,East,Jharkhand,Consumer,Home Appliances,Vacuum Cleaner,Store,Net Banking,2,388.45,0.15,776.9,116.54,660.36,521.33,139.04,0.2105,183.57,3,2.5
ORD04613,2024-07-13,CUST0763,West,Maharashtra,Consumer,Furniture,Desk,Store,UPI,2,394.9,0.1,789.8,78.98,710.82,498.13,212.69,0.2992,172.48,2,
ORD04614,2022-10-22,CUST0538,North,Punjab,Corporate,Office Supplies,Printer Paper,Online,Net Banking,3,466.2,0.1,1398.6,139.86,1258.74,903.91,354.83,0.2819,282.07,1,3.6
ORD04615,2023-10-02,CUST0600,South,Telangana,Corporate,Clothing,Backpack,Partner,Cash,1,886.87,0.25,886.87,221.72,665.15,465.79,199.37,0.2997,293.88,3,2.9
ORD04616,2024-05-05,CUST0792,West,Maharashtra,Corporate,Clothing,T-Shirt,Online,Cash,10,39.62,0.1,396.2,39.62,356.58,281.38,75.2,0.2109,220.76,1,3.0
ORD04617,2025-07-29,CUST0287,West,Maharashtra,Consumer,Home Appliances,Air Cooler,Online,Net Banking,3,622.02,0.1,1866.06,186.61,1679.45,952.46,727.0,0.4329,74.88,10,4.2
ORD04618,2022-01-17,CUST0795,South,Tamil Nadu,Corporate,Clothing,Jacket,Online,Credit Card,4,292.44,0.15,1169.76,175.46,994.3,564.94,429.35,0.4318,285.09,10,3.8
ORD04619,2022-03-12,CUST0049,Central,Chhattisgarh,Consumer,Electronics,Laptop,Online,Net Banking,9,1451.17,0.05,13060.53,653.03,12407.5,9174.97,3232.53,0.2605,116.58,6,4.9
ORD04620,2025-07-16,CUST0585,South,Karnataka,Consumer,Electronics,Tablet,Online,Credit Card,5,880.35,0.05,4401.75,220.09,4181.66,3166.98,1014.68,0.2426,42.16,3,4.8
ORD04621,2025-09-10,CUST0194,South,Tamil Nadu,Consumer,Furniture,Cabinet,Store,Net Banking,6,1304.12,0.15,7824.72,1173.71,6651.01,4436.68,2214.33,0.3329,87.5,4,3.3
ORD04622,2022-11-01,CUST0710,North,Uttar Pradesh,Small Business,Furniture,Desk,Online,Debit Card,1,305.6,0.0,305.6,0.0,305.6,197.15,108.45,0.3549,252.51,8,4.0
ORD04623,2024-10-27,CUST0415,East,Bihar,Consumer,Furniture,Bookshelf,Store,UPI,3,1217.87,0.15,3653.61,548.04,3105.57,1941.12,1164.45,0.375,77.05,10,4.8
ORD04624,2025-08-30,CUST0665,West,Maharashtra,Consumer,Electronics,Laptop,Online,Credit Card,7,630.95,0.1,4416.65,441.67,3974.99,2437.81,1537.18,0.3867,130.62,5,3.5
ORD04625,2024-03-27,CUST0016,North,Delhi,Consumer,Furniture,Desk,Partner,Net Banking,7,278.88,0.1,1952.16,195.22,1756.94,1398.93,358.01,0.2038,96.58,5,5.0
ORD04626,2025-01-31,CUST0109,South,Tamil Nadu,Consumer,Furniture,Bookshelf,Online,Credit Card,10,1145.45,0.05,11454.5,572.72,10881.78,6852.12,4029.66,0.3703,33.39,8,3.9
ORD04627,2024-03-31,CUST0390,West,Rajasthan,Small Business,Electronics,Headphones,Store,Debit Card,1,1146.59,0.15,1146.59,171.99,974.6,706.57,268.03,0.275,177.28,10,4.2
ORD04628,2022-07-12,CUST0087,South,Tamil Nadu,Small Business,Home Appliances,Air Cooler,Store,Net Banking,9,1493.89,0.15,13445.01,2016.75,11428.26,8714.23,2714.03,0.2375,196.05,10,4.0
ORD04629,2023-06-13,CUST0367,South,Karnataka,Consumer,Clothing,Jeans,Online,UPI,1,1174.69,0.1,1174.69,117.47,1057.22,587.74,469.48,0.4441,241.52,10,4.1
ORD04630,2022-06-20,CUST0633,West,Rajasthan,Consumer,Office Supplies,Notebook,Online,Credit Card,7,230.72,0.05,1615.04,80.75,1534.29,857.89,676.4,0.4409,136.1,4,4.5
ORD04631,2022-09-08,CUST0709,North,Uttar Pradesh,Consumer,Electronics,Monitor,Online,Debit Card,2,493.98,0.05,987.96,49.4,938.56,600.63,337.93,0.3601,59.57,8,3.5
ORD04632,2025-11-11,CUST0657,Central,Chhattisgarh,Corporate,Electronics,Headphones,Online,Credit Card,9,685.81,0.15,6172.29,925.84,5246.45,3871.48,1374.97,0.2621,202.6,10,4.1
ORD04633,2025-05-15,CUST0009,North,Haryana,Consumer,Office Supplies,Stapler,Online,UPI,9,203.08,0.1,1827.72,182.77,1644.95,1020.55,624.4,0.3796,269.22,5,4.1
ORD04634,2023-06-25,CUST0346,West,Goa,Consumer,Office Supplies,Notebook,Store,Cash,9,1185.24,0.05,10667.16,533.36,10133.8,5577.65,4556.15,0.4496,53.55,6,4.2
ORD04635,2023-02-20,CUST0446,East,Odisha,Consumer,Furniture,Desk,Online,UPI,4,797.15,0.15,3188.6,478.29,2710.31,1701.53,1008.78,0.3722,71.13,1,4.7
ORD04636,2024-03-04,CUST0269,Central,Madhya Pradesh,Consumer,Office Supplies,File Folder,Online,Credit Card,6,1417.51,0.2,8505.06,1701.01,6804.05,3907.81,2896.24,0.4257,112.18,9,4.0
ORD04637,2025-11-04,CUST0903,North,Haryana,Consumer,Clothing,Jacket,Online,Debit Card,2,890.12,0.0,1780.24,0.0,1780.24,1084.6,695.64,0.3908,202.08,4,4.3
ORD04638,2025-03-13,CUST0752,West,Rajasthan,Consumer,Clothing,Shoes,Partner,Cash,3,791.51,0.15,2374.53,356.18,2018.35,1291.67,726.68,0.36,166.67,1,5.0
ORD04639,2022-01-25,CUST0488,East,Jharkhand,Consumer,Clothing,Backpack,Online,Credit Card,6,121.07,0.2,726.42,145.28,581.14,339.72,241.42,0.4154,219.46,7,4.5
ORD04640,2023-10-30,CUST0530,East,West Bengal,Consumer,Clothing,T-Shirt,Online,UPI,1,236.78,0.25,236.78,59.2,177.58,131.54,46.04,0.2593,28.77,10,4.0
ORD04641,2025-01-01,CUST0101,East,Odisha,Small Business,Clothing,Jeans,Online,Debit Card,7,1276.55,,8935.85,446.79,8489.06,5255.56,3233.5,0.3809,246.93,4,3.7
ORD04642,2023-09-24,CUST0045,West,Gujarat,Consumer,Furniture,Bookshelf,Online,Net Banking,2,1486.15,0.05,2972.3,148.62,2823.69,2057.04,766.64,0.2715,296.5,5,4.8
ORD04643,2025-01-21,CUST0408,Central,Chhattisgarh,Consumer,Electronics,Laptop,Store,Net Banking,8,631.54,0.25,5052.32,1263.08,3789.24,2696.95,1092.29,0.2883,33.07,7,3.3
ORD04644,2023-05-20,CUST0951,North,Uttar Pradesh,Small Business,Office Supplies,Printer Paper,Store,Debit Card,5,1217.98,0.0,6089.9,0.0,6089.9,4826.08,1263.82,0.2075,158.72,7,4.3
ORD04645,2022-12-02,CUST0288,North,Punjab,Small Business,Electronics,Laptop,Store,UPI,7,946.96,0.1,6628.72,662.87,5965.85,3422.86,2542.99,0.4263,227.18,9,4.1
ORD04646,2023-03-01,CUST0007,West,Gujarat,Consumer,Office Supplies,Stapler,Store,UPI,8,1439.2,0.1,11513.6,1151.36,10362.24,6299.66,4062.58,0.3921,153.39,9,4.2
ORD04647,2023-05-14,CUST0276,North,Uttar Pradesh,Corporate,Furniture,Sofa,Partner,Debit Card,3,368.63,0.1,1105.89,110.59,995.3,779.92,215.38,0.2164,186.02,7,4.5
ORD04648,2025-10-19,CUST0749,Central,Madhya Pradesh,Consumer,Furniture,Cabinet,Online,Debit Card,6,824.08,0.05,4944.48,247.22,4697.26,3626.17,1071.09,0.228,277.86,10,3.7
ORD04649,2024-08-04,CUST0994,West,Rajasthan,Corporate,Home Appliances,Microwave,Online,UPI,9,622.06,0.2,5598.54,1119.71,4478.83,2695.67,1783.16,0.3981,171.16,9,3.5
ORD04650,2023-09-22,CUST0890,West,Gujarat,Small Business,Home Appliances,Air Cooler,Online,Credit Card,4,819.45,0.05,3277.8,163.89,3113.91,1803.23,1310.68,0.4209,86.25,5,3.2
ORD04651,2025-05-07,CUST0403,North,Delhi,Consumer,Furniture,Desk,Online,Net Banking,10,414.25,0.1,4142.5,414.25,3728.25,2912.45,815.8,0.2188,226.82,2,4.0
ORD04652,2023-12-19,CUST0366,South,Andhra Pradesh,Consumer,Furniture,Cabinet,Online,Credit Card,7,754.15,0.1,5279.05,527.91,4751.15,2841.65,1909.5,0.4019,125.12,9,4.6
ORD04653,2025-12-07,CUST0702,West,Rajasthan,Consumer,Office Supplies,Pens,Online,Credit Card,1,942.83,0.05,942.83,47.14,895.69,703.29,192.39,0.2148,99.83,6,3.5
ORD04654,2022-12-05,CUST0014,Central,Chhattisgarh,Corporate,Furniture,Office Chair,Online,Debit Card,7,135.61,0.0,949.27,0.0,949.27,768.43,180.84,0.1905,89.55,6,3.0
ORD04655,2023-10-21,CUST0928,Central,Madhya Pradesh,Corporate,Electronics,Headphones,Online,Credit Card,9,1118.34,0.25,10065.06,2516.26,7548.8,4601.88,2946.92,0.3904,42.22,9,3.5
ORD04656,2024-08-19,CUST0777,North,Punjab,Corporate,Office Supplies,Printer Paper,Store,UPI,10,1064.19,0.1,10641.9,1064.19,9577.71,7440.97,2136.74,0.2231,281.21,1,4.3
ORD04657,2023-03-05,CUST0868,North,Punjab,Consumer,Furniture,Office Chair,Partner,Debit Card,8,1322.48,0.1,10579.84,1057.98,9521.86,6326.65,3195.21,0.3356,177.74,2,4.0
ORD04658,2024-06-17,CUST0689,North,Delhi,Consumer,Office Supplies,Printer Paper,Online,UPI,4,647.4,0.15,2589.6,388.44,2201.16,1679.42,521.74,0.237,287.43,3,4.3
ORD04659,2022-05-19,CUST0602,Central,Madhya Pradesh,Corporate,Office Supplies,File Folder,Store,Cash,3,106.58,0.0,319.74,0.0,319.74,211.03,108.71,0.34,261.3,1,4.5
ORD04660,2024-07-30,CUST0980,South,Tamil Nadu,Consumer,Clothing,Shoes,Partner,Net Banking,7,700.27,0.15,4901.89,735.28,4166.61,2370.83,1795.78,0.431,28.46,4,4.6
ORD04661,2023-06-26,CUST0605,North,Uttar Pradesh,Consumer,Home Appliances,Air Cooler,Partner,Credit Card,1,219.35,0.0,219.35,0.0,219.35,162.85,56.5,0.2576,89.24,2,3.5
ORD04662,2022-02-26,CUST0528,South,Andhra Pradesh,Consumer,Office Supplies,File Folder,Online,Cash,8,976.46,0.15,7811.68,1171.75,6639.93,3922.11,2717.82,0.4093,108.3,3,5.0
ORD04663,2025-06-09,CUST0735,South,Tamil Nadu,Corporate,Office Supplies,Printer Paper,Store,Debit Card,1,84.99,0.0,84.99,0.0,84.99,68.02,16.97,0.1997,157.15,8,4.0
ORD04664,2023-10-20,CUST0664,Central,Madhya Pradesh,Corporate,Clothing,T-Shirt,Online,UPI,7,570.38,0.15,3992.66,598.9,3393.76,2249.36,1144.41,0.3372,220.52,4,4.4
ORD04665,2023-03-11,CUST0414,East,Jharkhand,Small Business,Furniture,Desk,Store,Debit Card,6,138.02,0.15,828.12,124.22,703.9,402.73,301.17,0.4279,210.62,9,4.0
ORD04666,2023-01-19,CUST0136,South,Telangana,Consumer,Office Supplies,Notebook,Store,Debit Card,10,20.0,0.05,200.0,10.0,190.0,116.22,73.78,0.3883,296.44,6,4.4
ORD04667,2023-07-14,CUST0730,South,Tamil Nadu,Small Business,Clothing,Backpack,Store,Net Banking,8,1441.43,0.05,11531.44,576.57,10954.87,8576.34,2378.52,0.2171,278.53,1,3.7
ORD04668,2022-07-13,CUST0335,South,Karnataka,Corporate,Electronics,Monitor,Online,Debit Card,6,1494.25,0.0,8965.5,0.0,8965.5,5708.27,3257.23,0.3633,72.15,6,3.6
ORD04669,2023-06-18,CUST0762,North,Punjab,Consumer,Clothing,T-Shirt,Store,UPI,5,839.92,0.2,4199.6,839.92,3359.68,2624.61,735.07,0.2188,260.76,7,
ORD04670,2023-06-02,CUST0882,North,Haryana,Consumer,Home Appliances,Air Cooler,Online,Credit Card,9,369.85,0.0,3328.65,0.0,3328.65,1985.6,1343.05,0.4035,256.02,4,4.6
ORD04671,2023-12-17,CUST0138,West,Maharashtra,Consumer,Home Appliances,Air Cooler,Online,Net Banking,4,1367.98,0.1,5471.92,547.19,4924.73,3331.18,1593.55,0.3236,180.94,8,4.8
ORD04672,2024-01-21,CUST0420,North,Punjab,Small Business,Furniture,Sofa,Online,Net Banking,7,1385.71,0.05,9699.97,485.0,9214.97,7253.38,1961.59,0.2129,114.67,10,3.8
ORD04673,2022-07-04,CUST0487,South,Tamil Nadu,Consumer,Furniture,Desk,Partner,Debit Card,6,1283.95,0.25,7703.7,1925.93,5777.78,3253.29,2524.49,0.4369,78.41,3,4.5
ORD04674,2022-10-19,CUST0024,South,Tamil Nadu,Consumer,Home Appliances,Blender,Partner,UPI,10,823.39,0.1,8233.9,823.39,7410.51,4684.59,2725.92,0.3678,79.49,7,4.2
ORD04675,2025-09-20,CUST0241,West,Goa,Consumer,Home Appliances,Blender,Store,UPI,6,125.93,0.0,755.58,0.0,755.58,601.18,154.4,0.2043,114.59,7,4.0
ORD04676,2024-01-02,CUST0648,East,Odisha,Small Business,Office Supplies,Stapler,Online,UPI,5,146.33,0.15,731.65,109.75,621.9,442.21,179.69,0.2889,161.11,4,4.1
ORD04677,2022-04-26,CUST0513,West,Rajasthan,Consumer,Home Appliances,Microwave,Online,UPI,2,1346.48,0.25,2692.96,673.24,2019.72,1501.42,518.3,0.2566,183.47,1,4.0
ORD04678,2024-04-04,CUST0757,East,West Bengal,Consumer,Furniture,Sofa,Online,UPI,4,1315.6,0.1,5262.4,526.24,4736.16,3681.77,1054.39,0.2226,111.01,10,4.3
ORD04679,2024-12-08,CUST0330,West,Goa,Consumer,Home Appliances,Microwave,Online,Credit Card,1,660.08,0.1,660.08,66.01,594.07,410.72,183.35,0.3086,119.84,10,3.0
ORD04680,2023-11-16,CUST0623,North,Uttar Pradesh,Consumer,Furniture,Desk,Online,UPI,9,502.31,0.05,4520.79,226.04,4294.75,3342.38,952.37,0.2218,23.79,6,3.1
ORD04681,2022-03-23,CUST0471,Central,Madhya Pradesh,Consumer,Electronics,Monitor,Online,UPI,9,971.52,0.0,8743.68,0.0,8743.68,6317.02,2426.66,0.2775,20.59,10,3.6
ORD04682,2024-04-13,CUST0358,North,Delhi,Consumer,Home Appliances,Blender,Online,Debit Card,8,1213.38,0.05,9707.04,485.35,9221.69,6779.1,2442.59,0.2649,274.01,7,4.5
ORD04683,2022-11-29,CUST0458,South,Karnataka,Small Business,Furniture,Cabinet,Partner,Net Banking,4,1101.55,0.1,4406.2,440.62,3965.58,2344.73,1620.85,0.4087,23.92,3,4.2
ORD04684,2023-07-11,CUST0417,West,Goa,Small Business,Clothing,T-Shirt,Store,Credit Card,5,929.17,0.15,4645.85,696.88,3948.97,3173.14,775.83,0.1965,29.27,5,4.1
ORD04685,2022-12-01,CUST0543,South,Karnataka,Corporate,Office Supplies,Pens,Store,Debit Card,1,358.79,0.2,358.79,71.76,287.03,219.56,67.47,0.2351,77.58,8,4.8
ORD04686,2023-06-16,CUST0742,Central,Madhya Pradesh,Consumer,Furniture,Desk,Online,Credit Card,4,404.82,0.15,1619.28,242.89,1376.39,851.48,524.91,0.3814,228.15,7,3.7
ORD04687,2022-08-09,CUST0077,East,Odisha,Corporate,Home Appliances,Vacuum Cleaner,Online,Credit Card,4,1090.24,0.0,4360.96,0.0,4360.96,3081.45,1279.51,0.2934,210.1,2,4.3
ORD04688,2023-09-27,CUST0062,Central,Chhattisgarh,Consumer,Home Appliances,Air Cooler,Online,Debit Card,5,1206.89,0.15,6034.45,905.17,5129.28,3342.48,1786.81,0.3484,201.21,4,3.8
ORD04689,2022-11-19,CUST0547,West,Gujarat,Consumer,Electronics,Laptop,Online,Cash,2,187.46,0.1,374.92,37.49,337.43,245.75,91.68,0.2717,180.99,7,3.8
ORD04690,2022-01-03,CUST0684,Central,Chhattisgarh,Small Business,Clothing,Backpack,Store,Debit Card,2,293.14,0.1,586.28,58.63,527.65,431.78,95.87,0.1817,76.48,9,4.9
ORD04691,2022-07-25,CUST0175,Central,Chhattisgarh,Small Business,Furniture,Sofa,Online,UPI,2,1025.5,0.1,2051.0,205.1,1845.9,1038.04,807.86,0.4376,131.42,7,
ORD04692,2022-02-09,CUST0928,Central,Chhattisgarh,Corporate,Clothing,Jacket,Store,Credit Card,8,592.65,0.0,4741.2,0.0,4741.2,3827.01,914.19,0.1928,153.87,8,4.1
ORD04693,2022-02-28,CUST0447,West,Rajasthan,Small Business,Electronics,Smartphone,Partner,UPI,2,851.49,0.0,1702.98,0.0,1702.98,969.92,733.06,0.4305,183.08,10,4.0
ORD04694,2024-08-08,CUST0022,South,Tamil Nadu,Small Business,Office Supplies,Notebook,Online,Cash,6,928.0,0.1,5568.0,556.8,5011.2,3379.59,1631.61,0.3256,75.56,9,4.0
ORD04695,2023-07-28,CUST0647,North,Haryana,Corporate,Clothing,Backpack,Online,Debit Card,2,1167.66,0.0,2335.32,0.0,2335.32,1588.41,746.91,0.3198,224.13,1,4.3
ORD04696,2023-10-06,CUST0134,West,Gujarat,Corporate,Electronics,Smartphone,Partner,Net Banking,8,1211.49,0.1,9691.92,969.19,8722.73,5430.38,3292.34,0.3774,106.5,3,3.4
ORD04697,2024-04-22,CUST0937,Central,Chhattisgarh,Corporate,Furniture,Cabinet,Store,Cash,1,430.94,0.05,430.94,21.55,409.39,287.81,121.59,0.297,204.86,6,3.3
ORD04698,2025-02-19,CUST0976,West,Maharashtra,Consumer,Office Supplies,Notebook,Store,UPI,2,818.83,0.2,1637.66,327.53,1310.13,1015.57,294.56,0.2248,163.92,8,4.0
ORD04699,2023-09-11,CUST0524,Central,Madhya Pradesh,Consumer,Home Appliances,Vacuum Cleaner,Store,Debit Card,5,198.43,,992.15,198.43,793.72,499.54,294.18,0.3706,185.82,7,3.9
ORD04700,2022-04-06,CUST0969,West,Gujarat,Corporate,Electronics,Tablet,Online,UPI,6,1265.39,0.25,7592.34,1898.08,5694.26,3240.08,2454.17,0.431,135.68,6,4.4
ORD04701,2025-12-08,CUST0936,North,Delhi,Consumer,Home Appliances,Microwave,Online,Net Banking,9,1270.49,0.2,11434.41,2286.88,9147.53,6592.78,2554.75,0.2793,144.62,4,4.6
ORD04702,2025-06-12,CUST0453,South,Tamil Nadu,Consumer,Office Supplies,File Folder,Online,Credit Card,6,459.77,0.25,2758.62,689.66,2068.96,1557.87,511.09,0.247,263.09,8,3.4
ORD04703,2024-06-16,CUST0954,South,Telangana,Consumer,Electronics,Smartphone,Online,UPI,8,253.52,0.15,2028.16,304.22,1723.94,1392.46,331.48,0.1923,153.25,10,3.4
ORD04704,2024-12-21,CUST0899,North,Punjab,Consumer,Electronics,Tablet,Online,Debit Card,7,119.09,0.25,833.63,208.41,625.22,370.8,254.42,0.4069,242.29,4,3.8
ORD04705,2025-07-03,CUST0100,East,Bihar,Small Business,Office Supplies,Printer Paper,Online,Debit Card,1,868.84,0.1,868.84,86.88,781.96,620.38,161.58,0.2066,130.61,6,3.7
ORD04706,2023-07-15,CUST0555,Central,Madhya Pradesh,Corporate,Furniture,Desk,Partner,Net Banking,2,150.77,0.15,301.54,45.23,256.31,174.33,81.97,0.3198,216.15,3,4.0
ORD04707,2024-06-23,CUST0842,West,Rajasthan,Consumer,Electronics,Laptop,Store,Debit Card,4,1025.68,0.0,4102.72,0.0,4102.72,2517.65,1585.07,0.3863,85.21,7,4.6
ORD04708,2022-12-14,CUST0776,South,Tamil Nadu,Small Business,Office Supplies,Stapler,Online,Debit Card,1,1022.02,0.15,1022.02,153.3,868.72,703.61,165.11,0.1901,276.77,6,4.2
ORD04709,2023-11-02,CUST0201,North,Uttar Pradesh,Small Business,Clothing,Backpack,Online,UPI,8,926.77,0.2,7414.16,1482.83,5931.33,3644.06,2287.26,0.3856,290.84,7,4.4
ORD04710,2025-02-21,CUST0653,South,Tamil Nadu,Consumer,Home Appliances,Vacuum Cleaner,Store,Credit Card,4,1316.69,0.1,5266.76,526.68,4740.08,3545.72,1194.36,0.252,272.37,5,3.7
ORD04711,2022-11-13,CUST0184,East,Odisha,Small Business,Electronics,Smartphone,Online,Credit Card,7,576.75,0.0,4037.25,0.0,4037.25,3076.06,961.19,0.2381,117.0,5,3.6
ORD04712,2023-12-20,CUST0762,South,Karnataka,Consumer,Clothing,Shoes,Store,UPI,7,1354.87,0.1,9484.09,948.41,8535.68,5686.81,2848.87,0.3338,97.42,2,3.6
ORD04713,2024-12-07,CUST0147,North,Haryana,Consumer,Electronics,Smartphone,Store,Debit Card,8,69.83,0.15,558.64,83.8,474.84,349.63,125.22,0.2637,71.08,6,3.8
ORD04714,2025-12-03,CUST0279,South,Andhra Pradesh,Consumer,Furniture,Sofa,Online,Debit Card,9,182.44,0.15,1641.96,246.29,1395.67,983.34,412.32,0.2954,264.44,1,4.1
ORD04715,2025-03-05,CUST0299,South,Telangana,Corporate,Office Supplies,Stapler,Online,Credit Card,9,627.13,0.1,5644.17,564.42,5079.75,3057.24,2022.51,0.3982,53.21,7,4.0
ORD04716,2025-05-09,CUST0280,Central,Madhya Pradesh,Consumer,Electronics,Monitor,Store,UPI,7,897.08,0.05,6279.56,313.98,5965.58,4505.03,1460.56,0.2448,199.85,3,3.7
ORD04717,2022-09-07,CUST0387,North,Punjab,Corporate,Office Supplies,Stapler,Online,Net Banking,9,63.08,0.2,567.72,113.54,454.18,363.6,90.58,0.1994,112.81,2,4.0
ORD04718,2022-11-10,CUST0225,North,Delhi,Corporate,Electronics,Monitor,Online,Net Banking,5,857.64,0.15,4288.2,643.23,3644.97,2485.62,1159.35,0.3181,72.62,7,3.7
ORD04719,2025-10-23,CUST0727,North,Uttar Pradesh,Consumer,Furniture,Office Chair,Online,Credit Card,10,471.49,0.05,4714.9,235.74,4479.16,3666.03,813.13,0.1815,71.66,9,3.3
ORD04720,2025-12-23,CUST0398,South,Karnataka,Consumer,Furniture,Desk,Partner,UPI,4,1332.41,0.15,5329.64,799.45,4530.19,3015.07,1515.12,0.3344,263.87,1,4.4
ORD04721,2024-03-17,CUST0979,West,Gujarat,Consumer,Clothing,Jacket,Online,Net Banking,3,806.93,0.05,2420.79,121.04,2299.75,1562.75,737.0,0.3205,260.75,6,4.0
ORD04722,2025-08-30,CUST0417,West,Goa,Consumer,Furniture,Desk,Partner,Debit Card,6,888.02,0.05,5328.12,266.41,5061.71,3704.93,1356.78,0.268,96.17,8,4.0
ORD04723,2025-10-10,CUST0855,East,Bihar,Corporate,Office Supplies,File Folder,Online,Cash,10,1419.25,0.2,14192.5,2838.5,11354.0,6814.19,4539.81,0.3998,29.45,2,4.1
ORD04724,2023-04-30,CUST0155,West,Gujarat,Corporate,Furniture,Office Chair,Online,Cash,9,1149.79,0.2,10348.11,2069.62,8278.49,6569.19,1709.3,0.2065,263.34,5,3.9
ORD04725,2025-05-19,CUST0652,South,Tamil Nadu,Corporate,Electronics,Tablet,Store,Credit Card,4,665.84,0.05,2663.36,133.17,2530.19,1939.0,591.2,0.2337,36.05,4,4.2
ORD04726,2022-02-13,CUST0046,West,Maharashtra,Consumer,Furniture,Cabinet,Online,Debit Card,2,723.17,0.0,1446.34,0.0,1446.34,1136.18,310.16,0.2144,43.72,10,5.0
ORD04727,2023-07-25,CUST0111,North,Punjab,Corporate,Office Supplies,Stapler,Online,Credit Card,3,977.17,0.0,2931.51,0.0,2931.51,2094.8,836.71,0.2854,250.14,3,4.7
ORD04728,2023-08-06,CUST0711,South,Telangana,Small Business,Electronics,Headphones,Online,Credit Card,3,312.3,0.2,936.9,187.38,749.52,591.08,158.44,0.2114,248.82,10,3.6
ORD04729,2025-01-20,CUST0228,West,Gujarat,Small Business,Clothing,Backpack,Online,Cash,2,146.65,0.2,293.3,58.66,234.64,172.13,62.51,0.2664,76.7,8,2.9
ORD04730,2025-07-12,CUST0302,West,Gujarat,Small Business,Clothing,Shoes,Online,Cash,9,477.19,0.1,4294.71,429.47,3865.24,2659.75,1205.49,0.3119,30.7,2,4.6
ORD04731,2024-06-13,CUST0082,West,Goa,Corporate,Clothing,Jeans,Store,Credit Card,4,1170.9,0.05,4683.6,234.18,4449.42,3566.58,882.84,0.1984,37.64,1,4.3
ORD04732,2022-08-08,CUST0144,South,Telangana,Consumer,Electronics,Headphones,Store,UPI,3,397.13,0.05,1191.39,59.57,1131.82,756.88,374.94,0.3313,146.95,1,4.3
ORD04733,2024-07-13,CUST0570,South,Telangana,Corporate,Clothing,Backpack,Partner,UPI,10,209.18,0.2,2091.8,418.36,1673.44,1146.56,526.88,0.3148,137.11,10,3.7
ORD04734,2023-02-05,CUST0142,Central,Madhya Pradesh,Small Business,Furniture,Sofa,Store,Debit Card,6,340.25,0.05,2041.5,102.08,1939.42,1155.46,783.96,0.4042,71.04,5,3.6
ORD04735,2025-11-24,CUST0341,North,Haryana,Consumer,Electronics,Headphones,Store,UPI,8,1023.27,0.1,8186.16,818.62,7367.54,5937.27,1430.28,0.1941,274.53,9,4.1
ORD04736,2023-12-28,CUST0427,North,Punjab,Consumer,Electronics,Monitor,Store,Cash,8,926.71,0.15,7413.68,1112.05,6301.63,3842.0,2459.62,0.3903,174.67,4,4.2
ORD04737,2024-09-17,CUST0475,North,Haryana,Consumer,Electronics,Monitor,Partner,Credit Card,10,1037.15,0.05,10371.5,518.58,9852.92,5954.93,3897.99,0.3956,246.05,7,5.0
ORD04738,2024-06-17,CUST0537,South,Andhra Pradesh,Corporate,Home Appliances,Coffee Maker,Online,Credit Card,6,493.11,0.05,2958.66,147.93,2810.73,1622.7,1188.03,0.4227,49.04,2,4.5
ORD04739,2024-05-07,CUST0614,South,Andhra Pradesh,Consumer,Office Supplies,Printer Paper,Online,Credit Card,5,1352.77,0.05,6763.85,338.19,6425.66,4320.66,2105.0,0.3276,292.57,3,4.2
ORD04740,2024-03-14,CUST0143,East,Odisha,Consumer,Home Appliances,Microwave,Store,Debit Card,7,685.88,0.15,4801.16,720.17,4080.99,2546.03,1534.96,0.3761,246.73,10,2.3
ORD04741,2023-05-05,CUST0586,East,Odisha,Small Business,Home Appliances,Microwave,Online,Debit Card,3,777.86,0.15,2333.58,350.04,1983.54,1487.68,495.86,0.25,100.59,9,4.2
ORD04742,2024-07-26,CUST0414,Central,Chhattisgarh,Corporate,Home Appliances,Coffee Maker,Partner,Debit Card,10,1423.98,0.1,14239.8,1423.98,12815.82,8112.81,4703.01,0.367,25.82,5,4.1
ORD04743,2024-04-23,CUST0044,North,Punjab,Consumer,Office Supplies,Printer Paper,Online,UPI,2,1469.23,0.0,2938.46,0.0,2938.46,2188.0,750.46,0.2554,66.06,6,3.3
ORD04744,2025-07-16,CUST0905,South,Karnataka,Consumer,Home Appliances,Blender,Online,Net Banking,8,997.39,0.1,7979.12,797.91,7181.21,4329.62,2851.59,0.3971,137.18,3,4.4
ORD04745,2022-09-24,CUST0860,East,West Bengal,Consumer,Clothing,Jeans,Store,Debit Card,9,1418.05,0.0,12762.45,0.0,12762.45,7811.78,4950.67,0.3879,20.84,6,4.8
ORD04746,2022-02-23,CUST0241,West,Gujarat,Consumer,Electronics,Monitor,Online,Debit Card,6,819.14,0.0,4914.84,0.0,4914.84,3772.96,1141.88,0.2323,31.44,10,5.0
ORD04747,2023-06-12,CUST0082,East,Bihar,Consumer,Electronics,Tablet,Partner,Net Banking,4,471.32,0.1,1885.28,188.53,1696.75,1103.22,593.53,0.3498,47.62,8,4.1
ORD04748,2023-09-08,CUST0395,West,Goa,Consumer,Furniture,Office Chair,Partner,Net Banking,6,482.91,0.25,2897.46,724.36,2173.1,1260.78,912.31,0.4198,246.72,10,3.7
ORD04749,2024-12-18,CUST0870,North,Haryana,Corporate,Clothing,Jeans,Store,Credit Card,7,845.03,0.15,5915.21,887.28,5027.93,4070.51,957.42,0.1904,173.12,1,4.7
ORD04750,2024-11-29,CUST0499,West,Goa,Corporate,Office Supplies,File Folder,Online,Debit Card,8,913.48,0.15,7307.84,1096.18,6211.66,3713.93,2497.74,0.4021,73.47,10,3.5
ORD04751,2025-06-14,CUST0066,East,Bihar,Consumer,Electronics,Laptop,Online,Net Banking,3,667.83,0.15,2003.49,300.52,1702.97,1005.69,697.27,0.4094,94.05,8,4.1
ORD04752,2024-08-12,CUST0278,North,Punjab,Consumer,Home Appliances,Vacuum Cleaner,Online,Credit Card,6,1327.4,0.2,7964.4,1592.88,6371.52,4120.86,2250.66,0.3532,199.81,8,3.3
ORD04753,2023-01-21,CUST0599,Central,Madhya Pradesh,Small Business,Furniture,Sofa,Partner,Debit Card,10,648.64,0.15,6486.4,972.96,5513.44,3174.76,2338.68,0.4242,109.21,7,4.7
ORD04754,2024-01-04,CUST0916,West,Gujarat,Consumer,Furniture,Office Chair,Online,Debit Card,6,421.03,0.1,2526.18,252.62,2273.56,1345.99,927.58,0.408,211.0,4,3.6
ORD04755,2023-12-17,CUST0877,North,Punjab,Consumer,Electronics,Laptop,Online,Credit Card,10,26.85,0.05,268.5,13.42,255.08,198.59,56.49,0.2215,237.9,1,4.5
ORD04756,2023-10-12,CUST0925,North,Delhi,Corporate,Clothing,T-Shirt,Online,Credit Card,7,1456.3,0.0,10194.1,0.0,10194.1,6078.81,4115.29,0.4037,105.85,10,
ORD04757,2022-10-27,CUST0858,North,Uttar Pradesh,Corporate,Furniture,Sofa,Online,Debit Card,4,1239.11,0.1,4956.44,495.64,4460.8,2587.64,1873.15,0.4199,122.62,2,4.3
ORD04758,2023-01-30,CUST0959,West,Gujarat,Consumer,Electronics,Smartphone,Partner,,6,929.11,0.2,5574.66,1114.93,4459.73,3512.43,947.3,0.2124,34.02,10,3.8
ORD04759,2025-05-15,CUST0553,North,Delhi,Corporate,Clothing,Shoes,Online,Net Banking,2,1248.36,0.1,2496.72,249.67,2247.05,1505.13,741.92,0.3302,249.54,3,4.2
ORD04760,2025-09-21,CUST0891,South,Andhra Pradesh,Corporate,Electronics,Laptop,Online,Cash,8,1218.28,0.0,9746.24,0.0,9746.24,5774.0,3972.24,0.4076,189.7,5,4.6
ORD04761,2023-08-16,CUST0716,North,Delhi,Small Business,Electronics,Monitor,Store,Credit Card,3,1398.8,0.1,4196.4,419.64,3776.76,2670.21,1106.55,0.293,268.72,3,3.7
ORD04762,2023-05-29,CUST0880,West,Rajasthan,Consumer,Clothing,T-Shirt,Store,,9,588.31,0.1,5294.79,529.48,4765.31,2674.32,2090.99,0.4388,72.9,8,4.2
ORD04763,2025-04-16,CUST0349,West,Goa,Corporate,Clothing,Jacket,Store,Net Banking,8,838.96,0.2,6711.68,1342.34,5369.34,3572.73,1796.62,0.3346,288.97,6,4.8
ORD04764,2023-01-31,CUST0851,West,Maharashtra,Consumer,Clothing,Backpack,Store,UPI,6,161.46,0.0,968.76,0.0,968.76,687.22,281.54,0.2906,217.89,3,3.5
ORD04765,2023-01-06,CUST0738,North,Punjab,Corporate,Electronics,Monitor,Online,Debit Card,10,1448.49,0.15,14484.9,2172.73,12312.16,9953.43,2358.73,0.1916,75.05,2,3.6
ORD04766,2024-05-07,CUST0048,Central,Chhattisgarh,Corporate,Furniture,Office Chair,Online,Credit Card,2,1477.91,0.15,2955.82,443.37,2512.45,1603.31,909.14,0.3619,149.63,3,3.6
ORD04767,2024-03-01,CUST0283,West,Rajasthan,Consumer,Office Supplies,Stapler,Partner,Debit Card,8,1186.79,0.25,9494.32,2373.58,7120.74,5387.29,1733.45,0.2434,215.71,2,3.9
ORD04768,2023-10-20,CUST0350,Central,Chhattisgarh,Small Business,Office Supplies,Notebook,Partner,Debit Card,6,689.37,0.1,4136.22,413.62,3722.6,2180.81,1541.79,0.4142,24.75,3,3.1
ORD04769,2025-09-03,CUST0741,South,Telangana,Consumer,Electronics,Laptop,Store,Credit Card,1,752.4,0.2,752.4,150.48,601.92,401.52,200.4,0.3329,238.48,9,4.1
ORD04770,2024-01-06,CUST0927,South,Karnataka,Consumer,Electronics,Tablet,Store,Cash,6,661.52,0.0,3969.12,0.0,3969.12,2422.14,1546.98,0.3898,285.35,1,5.0
ORD04771,2025-10-24,CUST0860,West,Gujarat,Consumer,Furniture,Desk,Partner,Credit Card,5,450.57,0.0,2252.85,0.0,2252.85,1538.62,714.23,0.317,42.82,3,4.1
ORD04772,2023-01-19,CUST0409,North,Haryana,Corporate,Clothing,T-Shirt,Online,Cash,6,798.77,0.05,4792.62,239.63,4552.99,3017.05,1535.94,0.3373,271.47,7,5.0
ORD04773,2022-03-03,CUST0945,East,Jharkhand,Consumer,Electronics,Tablet,Online,Net Banking,1,94.37,0.1,94.37,9.44,84.93,69.18,15.75,0.1855,150.04,2,3.1
ORD04774,2023-05-20,CUST0710,West,Rajasthan,Small Business,Home Appliances,Air Cooler,Store,Debit Card,4,1487.95,0.1,5951.8,595.18,5356.62,4273.11,1083.51,0.2023,164.37,3,3.3
ORD04775,2022-08-27,CUST0704,West,Maharashtra,Small Business,Clothing,Backpack,Partner,UPI,7,644.71,0.05,4512.97,225.65,4287.32,3031.97,1255.35,0.2928,255.23,6,3.0
ORD04776,2022-07-14,CUST0312,Central,Chhattisgarh,Small Business,Electronics,Tablet,Store,UPI,5,1392.14,0.1,6960.7,696.07,6264.63,3744.1,2520.53,0.4023,185.1,2,2.4
ORD04777,2023-11-09,CUST0391,West,Maharashtra,Consumer,Home Appliances,Vacuum Cleaner,Store,Credit Card,6,1090.54,0.1,6543.24,654.32,5888.92,4124.47,1764.45,0.2996,118.4,1,4.1
ORD04778,2025-05-30,CUST0582,South,Telangana,Corporate,Furniture,Desk,Online,Debit Card,2,445.57,0.1,891.14,89.11,802.03,612.64,189.39,0.2361,225.13,10,3.3
ORD04779,2022-03-02,CUST0931,North,Haryana,Consumer,Home Appliances,Blender,Online,UPI,8,344.75,0.0,2758.0,0.0,2758.0,1545.22,1212.78,0.4397,58.73,2,2.7
ORD04780,2025-02-26,CUST0985,East,Bihar,Small Business,Electronics,Headphones,Online,UPI,10,1493.58,0.2,14935.8,2987.16,11948.64,7971.99,3976.65,0.3328,206.56,4,3.8
ORD04781,2024-09-16,CUST0533,East,West Bengal,Corporate,Office Supplies,File Folder,Partner,UPI,4,1161.61,0.1,4646.44,464.64,4181.8,2348.14,1833.66,0.4385,236.89,5,4.0
ORD04782,2023-11-16,CUST0559,South,Telangana,Consumer,Electronics,Headphones,Online,UPI,6,385.75,0.05,2314.5,115.72,2198.78,1354.16,844.62,0.3841,113.74,1,4.2
ORD04783,2022-06-05,CUST0828,North,Delhi,Corporate,Office Supplies,Stapler,Online,Debit Card,3,115.16,0.15,345.48,51.82,293.66,168.82,124.84,0.4251,291.67,4,3.9
ORD04784,2025-11-02,CUST0880,East,Jharkhand,Consumer,Furniture,Desk,Partner,UPI,9,1049.92,0.05,9449.28,472.46,8976.82,7265.44,1711.37,0.1906,199.37,5,4.3
ORD04785,2024-07-11,CUST0913,West,Goa,Consumer,Furniture,Desk,Online,Debit Card,8,464.98,0.1,3719.84,371.98,3347.86,1993.93,1353.93,0.4044,46.79,4,3.4
ORD04786,2024-05-17,CUST0233,Central,Chhattisgarh,Consumer,Clothing,Jeans,Store,UPI,6,343.68,0.05,2062.08,103.1,1958.98,1156.83,802.15,0.4095,290.56,2,3.4
ORD04787,2024-06-21,CUST0090,West,Goa,Small Business,Clothing,T-Shirt,Online,Net Banking,9,1106.38,0.2,9957.42,1991.48,7965.94,6471.96,1493.97,0.1875,228.32,1,4.8
ORD04788,2024-09-25,CUST0745,West,Rajasthan,Small Business,Office Supplies,File Folder,Online,UPI,10,1023.7,0.25,10237.0,2559.25,7677.75,5292.36,2385.39,0.3107,214.78,4,5.0
ORD04789,2025-12-31,CUST0785,West,Goa,Corporate,Office Supplies,Stapler,Store,UPI,9,729.9,0.0,6569.1,0.0,6569.1,4957.41,1611.69,0.2453,90.91,2,3.2
ORD04790,2024-09-01,CUST0765,Central,Madhya Pradesh,Small Business,Furniture,Cabinet,Partner,UPI,2,1414.84,0.0,2829.68,0.0,2829.68,1806.4,1023.28,0.3616,152.48,10,4.1
ORD04791,2025-05-15,CUST0711,West,Goa,Consumer,Home Appliances,Air Cooler,Online,UPI,9,1024.26,0.05,9218.34,460.92,8757.42,6076.53,2680.89,0.3061,272.29,9,3.5
ORD04792,2023-01-23,CUST0665,Central,Chhattisgarh,Small Business,Office Supplies,Stapler,Store,UPI,8,1341.73,0.1,10733.84,1073.38,9660.46,5331.13,4329.33,0.4481,106.28,4,3.4
ORD04793,2024-06-05,CUST0674,Central,Chhattisgarh,Consumer,Office Supplies,Stapler,Online,Credit Card,2,297.97,0.0,595.94,0.0,595.94,393.55,202.39,0.3396,138.53,3,4.1
ORD04794,2024-04-17,CUST0794,Central,Madhya Pradesh,Corporate,Home Appliances,Air Cooler,Online,Cash,9,455.52,0.15,4099.68,614.95,3484.73,2438.87,1045.86,0.3001,91.89,7,4.2
ORD04795,2025-09-25,CUST0006,South,Tamil Nadu,Corporate,Clothing,Jacket,Online,Credit Card,5,170.21,0.1,851.05,85.11,765.94,527.65,238.29,0.3111,80.45,3,
ORD04796,2022-12-06,CUST0010,North,Haryana,Consumer,Clothing,Jacket,Partner,Debit Card,9,467.3,0.1,4205.7,420.57,3785.13,2496.56,1288.57,0.3404,32.24,10,3.8
ORD04797,2022-07-23,CUST0337,North,Uttar Pradesh,Consumer,Office Supplies,Notebook,Online,Credit Card,3,1458.09,0.1,4374.27,437.43,3936.84,3002.77,934.07,0.2373,226.33,8,3.3
ORD04798,2022-06-10,CUST0974,North,Punjab,Consumer,Clothing,Jeans,Online,Credit Card,4,1444.84,0.2,5779.36,1155.87,4623.49,3169.14,1454.35,0.3146,45.41,5,4.7
ORD04799,2023-01-27,CUST0643,North,Haryana,Small Business,Clothing,Shoes,Store,Net Banking,1,1144.17,0.0,1144.17,0.0,1144.17,825.81,318.36,0.2782,168.77,4,4.0
ORD04800,2024-02-08,CUST0315,North,Delhi,Consumer,Clothing,Backpack,Online,Debit Card,5,788.76,0.15,3943.8,591.57,3352.23,2010.83,1341.4,0.4002,33.94,1,3.4
ORD04801,2023-07-29,CUST0112,South,Tamil Nadu,Consumer,Furniture,Bookshelf,Online,Net Banking,7,1174.46,0.15,8221.22,1233.18,6988.04,5468.87,1519.16,0.2174,295.49,5,4.0
ORD04802,2023-06-18,CUST0080,East,Jharkhand,Corporate,Electronics,Smartphone,Online,Debit Card,7,836.93,0.1,5858.51,585.85,5272.66,3416.5,1856.16,0.352,218.64,9,3.8
ORD04803,2024-12-29,CUST0453,West,Gujarat,Consumer,Office Supplies,Notebook,Store,Debit Card,6,20.21,0.1,121.26,12.13,109.13,74.23,34.9,0.3198,196.51,8,3.5
ORD04804,2024-06-11,CUST0048,South,Telangana,Consumer,Office Supplies,Printer Paper,Online,Debit Card,6,759.8,0.0,4558.8,0.0,4558.8,2940.85,1617.95,0.3549,72.19,4,3.5
ORD04805,2023-02-09,CUST0663,West,Gujarat,Corporate,Furniture,Sofa,Partner,UPI,8,904.4,0.15,7235.2,1085.28,6149.92,4863.45,1286.47,0.2092,167.86,9,3.4
ORD04806,2023-08-31,CUST0091,West,Goa,Consumer,Electronics,Smartphone,Online,Net Banking,10,409.64,0.15,4096.4,614.46,3481.94,2761.87,720.07,0.2068,161.0,7,3.3
ORD04807,2024-04-07,CUST0645,East,Odisha,Corporate,Electronics,Headphones,Online,UPI,9,316.89,0.0,2852.01,0.0,2852.01,1741.31,1110.7,0.3894,120.42,2,4.0
ORD04808,2025-02-17,CUST0696,Central,Chhattisgarh,Consumer,Furniture,Bookshelf,Store,Debit Card,4,421.61,0.1,1686.44,168.64,1517.8,1143.25,374.54,0.2468,63.71,7,3.8
ORD04809,2023-11-21,CUST0741,North,Haryana,Consumer,Home Appliances,Vacuum Cleaner,Online,Cash,4,941.09,0.0,3764.36,0.0,3764.36,2174.97,1589.39,0.4222,122.8,4,5.0
ORD04810,2024-06-20,CUST0934,North,Haryana,Corporate,Home Appliances,Air Cooler,Partner,Credit Card,8,231.91,0.1,1855.28,185.53,1669.75,931.82,737.93,0.4419,190.55,5,4.4
ORD04811,2025-05-25,CUST0978,South,Telangana,Consumer,Electronics,Tablet,Online,UPI,5,1084.69,0.15,5423.45,813.52,4609.93,3576.74,1033.19,0.2241,156.46,1,4.2
ORD04812,2022-02-25,CUST0076,North,Uttar Pradesh,Small Business,Home Appliances,Vacuum Cleaner,Online,Debit Card,10,642.67,0.15,6426.7,964.0,5462.7,3197.96,2264.73,0.4146,179.61,4,3.8
ORD04813,2023-01-01,CUST0085,East,Odisha,Small Business,Home Appliances,Coffee Maker,Online,Credit Card,9,539.72,0.05,4857.48,242.87,4614.61,2730.88,1883.72,0.4082,180.17,2,3.8
ORD04814,2023-03-31,CUST0263,South,Andhra Pradesh,Consumer,Home Appliances,Air Cooler,Online,Debit Card,6,1213.74,0.0,7282.44,0.0,7282.44,5198.05,2084.39,0.2862,88.51,9,3.1
ORD04815,2022-04-14,CUST0401,South,Karnataka,Consumer,Electronics,Headphones,Online,Credit Card,9,766.5,0.15,6898.5,1034.77,5863.72,4518.16,1345.56,0.2295,51.07,8,3.3
ORD04816,2022-03-18,CUST0234,North,Delhi,Consumer,Home Appliances,Vacuum Cleaner,Online,Net Banking,4,576.92,0.05,2307.68,115.38,2192.3,1317.99,874.3,0.3988,166.09,3,3.3
ORD04817,2022-08-18,CUST0777,South,Telangana,Consumer,Office Supplies,File Folder,Online,UPI,1,1319.06,0.0,1319.06,0.0,1319.06,766.15,552.91,0.4192,269.86,7,3.0
ORD04818,2025-07-05,CUST0216,West,Rajasthan,Consumer,Electronics,Headphones,Online,Net Banking,4,561.85,0.1,2247.4,224.74,2022.66,1154.69,867.97,0.4291,298.7,7,3.9
ORD04819,2025-07-11,CUST0971,East,Jharkhand,Small Business,Furniture,Bookshelf,Online,UPI,9,1290.62,0.05,11615.58,580.78,11034.8,6143.17,4891.63,0.4433,240.05,6,3.0
ORD04820,2022-11-27,CUST0345,North,Uttar Pradesh,Consumer,Home Appliances,Air Cooler,Online,UPI,7,763.74,0.15,5346.18,801.93,4544.25,2642.25,1902.0,0.4186,81.91,3,4.2
ORD04821,2025-04-20,CUST0174,North,Haryana,Consumer,Clothing,Jeans,Online,UPI,6,323.89,0.0,1943.34,0.0,1943.34,1563.47,379.87,0.1955,196.49,9,3.9
ORD04822,2024-06-11,CUST0037,North,Uttar Pradesh,Consumer,Electronics,Smartphone,Online,Cash,2,925.04,0.1,1850.08,185.01,1665.07,958.63,706.45,0.4243,86.88,9,4.9
ORD04823,2023-11-19,CUST0903,North,Delhi,Consumer,Furniture,Bookshelf,Store,Credit Card,4,438.71,0.05,1754.84,87.74,1667.1,1185.88,481.22,0.2887,181.41,6,4.2
ORD04824,2022-01-27,CUST0529,Central,Chhattisgarh,Corporate,Office Supplies,Stapler,Store,Debit Card,1,233.53,0.15,233.53,35.03,198.5,158.53,39.97,0.2013,154.59,3,3.3
ORD04825,2025-07-23,CUST0887,North,Delhi,Consumer,Furniture,Bookshelf,Store,UPI,3,143.5,0.1,430.5,43.05,387.45,278.77,108.68,0.2805,126.84,4,3.2
ORD04826,2022-10-26,CUST0809,West,Rajasthan,Consumer,Home Appliances,Microwave,Online,Cash,2,373.92,0.15,747.84,112.18,635.66,355.24,280.43,0.4412,199.66,5,4.9
ORD04827,2024-08-14,CUST0320,Central,Chhattisgarh,Consumer,Clothing,Jacket,Online,Cash,4,1108.78,0.1,4435.12,443.51,3991.61,2838.16,1153.45,0.289,260.16,9,3.5
ORD04828,2024-03-09,CUST0851,North,Haryana,Small Business,Home Appliances,Vacuum Cleaner,Online,UPI,4,1259.43,0.0,5037.72,0.0,5037.72,3999.08,1038.64,0.2062,114.49,3,3.6
ORD04829,2025-01-19,CUST0313,South,Telangana,Consumer,Furniture,Desk,Partner,Credit Card,9,1294.66,0.05,11651.94,582.6,11069.34,7052.18,4017.16,0.3629,156.15,9,3.8
ORD04830,2023-04-25,CUST0469,Central,Madhya Pradesh,Small Business,Electronics,Smartphone,Online,Credit Card,7,416.17,0.25,2913.19,728.3,2184.89,1386.71,798.19,0.3653,147.63,5,4.0
ORD04831,2023-07-27,CUST0045,West,Maharashtra,Consumer,Clothing,Shoes,Online,Cash,3,996.54,0.1,2989.62,298.96,2690.66,1660.66,1030.0,0.3828,89.78,6,4.9
ORD04832,2023-04-03,CUST0073,East,Jharkhand,Small Business,Clothing,Jacket,Online,Debit Card,7,357.08,0.1,2499.56,249.96,2249.6,1544.35,705.26,0.3135,137.91,2,4.1
ORD04833,2022-12-31,CUST0365,West,Goa,Corporate,Furniture,Bookshelf,Partner,Credit Card,8,939.8,0.2,7518.4,1503.68,6014.72,3694.51,2320.21,0.3858,26.04,2,4.0
ORD04834,2024-05-08,CUST0878,West,Rajasthan,Consumer,Home Appliances,Air Cooler,Store,Cash,7,1332.51,0.0,9327.57,0.0,9327.57,6952.98,2374.59,0.2546,164.88,2,3.9
ORD04835,2022-12-17,CUST0904,South,Tamil Nadu,Small Business,Furniture,Cabinet,Online,Credit Card,8,75.73,0.15,605.84,90.88,514.96,372.89,142.07,0.2759,221.82,7,4.0
ORD04836,2025-11-24,CUST0878,Central,Chhattisgarh,Corporate,Clothing,Shoes,Online,UPI,9,1478.06,0.05,13302.54,665.13,12637.41,8318.06,4319.36,0.3418,122.93,6,4.5
ORD04837,2022-09-10,CUST0109,East,West Bengal,Consumer,Furniture,Desk,Partner,UPI,1,1243.23,0.05,1243.23,62.16,1181.07,880.0,301.07,0.2549,229.04,7,3.7
ORD04838,2024-02-20,CUST0347,East,West Bengal,Consumer,Clothing,Jeans,Online,Credit Card,10,1146.07,0.05,11460.7,573.04,10887.66,6277.76,4609.9,0.4234,230.18,3,3.7
ORD04839,2024-03-13,CUST0855,Central,Madhya Pradesh,Corporate,Home Appliances,Vacuum Cleaner,Online,Debit Card,6,1041.67,0.15,6250.02,937.5,5312.52,3996.99,1315.52,0.2476,295.55,4,4.6
ORD04840,2024-10-08,CUST0138,West,Maharashtra,Corporate,Electronics,Smartphone,Store,Credit Card,4,1158.86,0.05,4635.44,231.77,4403.67,3138.87,1264.8,0.2872,172.86,6,3.7
ORD04841,2023-04-04,CUST0182,South,Telangana,Corporate,Electronics,Headphones,Online,UPI,1,1491.97,0.0,1491.97,0.0,1491.97,1074.4,417.57,0.2799,133.14,3,3.6
ORD04842,2024-07-05,CUST0962,North,Haryana,Corporate,Furniture,Bookshelf,Online,UPI,2,1158.73,0.0,2317.46,0.0,2317.46,1315.06,1002.4,0.4325,199.07,1,4.7
ORD04843,2023-05-14,CUST0812,West,Maharashtra,Corporate,Clothing,Shoes,Online,Credit Card,10,537.13,0.0,5371.3,0.0,5371.3,3850.67,1520.63,0.2831,195.44,6,3.8
ORD04844,2024-08-07,CUST0304,West,Goa,Corporate,Electronics,Headphones,Partner,Cash,4,926.67,0.2,3706.68,741.34,2965.34,2026.55,938.79,0.3166,296.46,10,3.9
ORD04845,2023-05-23,CUST0327,West,Gujarat,Corporate,Clothing,Jacket,Online,Debit Card,1,515.33,0.1,515.33,51.53,463.8,315.93,147.87,0.3188,218.15,10,3.8
ORD04846,2025-08-20,CUST0514,Central,Chhattisgarh,Consumer,Home Appliances,Coffee Maker,Store,Debit Card,6,1455.55,0.2,8733.3,1746.66,6986.64,4449.79,2536.85,0.3631,105.84,2,3.7
ORD04847,2023-05-16,CUST0080,Central,Madhya Pradesh,Small Business,Furniture,Desk,Store,Credit Card,1,1351.71,0.15,1351.71,202.76,1148.95,634.29,514.67,0.4479,72.5,7,3.8
ORD04848,2024-03-13,CUST0118,South,Andhra Pradesh,Consumer,Clothing,T-Shirt,Partner,Credit Card,9,857.92,0.15,7721.28,1158.19,6563.09,4358.63,2204.46,0.3359,241.96,5,3.8
ORD04849,2023-08-21,CUST0262,North,Haryana,Consumer,Furniture,Office Chair,Partner,Cash,10,1175.19,0.05,11751.9,587.6,11164.31,7348.87,3815.43,0.3418,70.33,1,4.5
ORD04850,2022-06-15,CUST0080,East,West Bengal,Corporate,Clothing,T-Shirt,Online,Debit Card,3,1365.89,0.05,4097.67,204.88,3892.79,2585.42,1307.36,0.3358,195.68,9,3.5
ORD04851,2025-12-09,CUST0601,West,Goa,Consumer,Clothing,Jeans,Online,Debit Card,1,376.75,0.1,376.75,37.68,339.08,242.52,96.56,0.2848,57.05,2,5.0
ORD04852,2023-04-07,CUST0557,West,Gujarat,Consumer,Home Appliances,Coffee Maker,Store,Net Banking,6,875.53,0.1,5253.18,525.32,4727.86,2983.16,1744.7,0.369,221.24,2,3.6
ORD04853,2024-07-08,CUST0266,East,Bihar,Consumer,Furniture,Sofa,Store,UPI,6,730.35,0.1,4382.1,438.21,3943.89,2455.99,1487.9,0.3773,239.21,10,4.5
ORD04854,2022-04-24,CUST0756,East,Odisha,Corporate,Office Supplies,Pens,Online,Debit Card,7,1160.81,0.0,8125.67,0.0,8125.67,5561.22,2564.45,0.3156,297.35,10,3.1
ORD04855,2025-12-27,CUST0393,South,Tamil Nadu,Small Business,Clothing,Backpack,Store,Net Banking,7,577.94,0.25,4045.58,1011.4,3034.19,2154.05,880.14,0.2901,287.18,4,3.6
ORD04856,2024-09-18,CUST0992,South,Karnataka,Corporate,Clothing,T-Shirt,Online,UPI,10,1067.83,0.0,10678.3,0.0,10678.3,7508.75,3169.55,0.2968,219.87,2,3.9
ORD04857,2025-10-11,CUST0288,East,Jharkhand,Consumer,Electronics,Smartphone,Online,Credit Card,4,613.44,0.0,2453.76,0.0,2453.76,1933.67,520.09,0.212,97.71,10,3.5
ORD04858,2022-07-26,CUST0002,North,Punjab,Consumer,Furniture,Desk,Store,UPI,5,179.95,0.15,899.75,134.96,764.79,579.46,185.33,0.2423,32.24,6,4.3
ORD04859,2025-06-12,CUST0789,South,Telangana,Consumer,Office Supplies,Pens,Online,Cash,3,174.08,0.0,522.24,0.0,522.24,294.59,227.65,0.4359,175.47,5,4.3
ORD04860,2025-10-10,CUST0496,South,Karnataka,Consumer,Home Appliances,Air Cooler,Online,UPI,6,191.8,0.0,1150.8,0.0,1150.8,808.02,342.78,0.2979,234.47,10,3.6
ORD04861,2023-05-30,CUST0899,East,West Bengal,Consumer,Office Supplies,File Folder,Partner,UPI,7,63.29,0.0,443.03,0.0,443.03,293.64,149.39,0.3372,22.97,10,2.9
ORD04862,2025-05-16,CUST0758,North,Delhi,Consumer,Home Appliances,Coffee Maker,Store,Cash,9,806.47,0.0,7258.23,0.0,7258.23,4699.59,2558.64,0.3525,166.94,3,4.4
ORD04863,2023-12-10,CUST0738,West,Maharashtra,Consumer,Office Supplies,File Folder,Partner,UPI,9,1012.78,0.05,9115.02,455.75,8659.27,7002.16,1657.11,0.1914,267.21,2,4.0
ORD04864,2025-02-22,CUST0349,East,Odisha,Consumer,Office Supplies,Stapler,Store,Credit Card,5,203.19,0.05,1015.95,50.8,965.15,649.87,315.28,0.3267,198.42,6,3.7
ORD04865,2022-05-18,CUST0746,West,Gujarat,Corporate,Furniture,Sofa,Store,Credit Card,4,923.61,0.1,3694.44,369.44,3325.0,2474.62,850.38,0.2558,211.46,2,3.7
ORD04866,2022-12-05,CUST0633,West,Rajasthan,Small Business,Electronics,Headphones,Store,UPI,7,902.64,0.1,6318.48,631.85,5686.63,4612.5,1074.13,0.1889,152.81,4,3.6
ORD04867,2023-06-21,CUST0980,South,Tamil Nadu,Small Business,Office Supplies,Pens,Online,Debit Card,3,233.43,0.1,700.29,70.03,630.26,372.34,257.92,0.4092,284.08,5,4.5
ORD04868,2022-03-09,CUST0535,East,Jharkhand,Corporate,Clothing,Jeans,Online,Cash,4,615.06,0.1,2460.24,246.02,2214.22,1250.47,963.75,0.4353,124.9,8,3.8
ORD04869,2023-01-18,CUST0421,Central,Madhya Pradesh,Consumer,Clothing,T-Shirt,Online,Debit Card,9,1136.38,0.05,10227.42,511.37,9716.05,6166.56,3549.49,0.3653,126.15,1,4.8
ORD04870,2022-01-19,CUST0712,West,Rajasthan,Corporate,Clothing,Shoes,Partner,UPI,5,39.88,0.0,199.4,0.0,199.4,112.06,87.34,0.438,164.97,7,5.0
ORD04871,2023-11-14,CUST0748,Central,Madhya Pradesh,Consumer,Electronics,Smartphone,Online,UPI,10,233.22,0.2,2332.2,466.44,1865.76,1084.99,780.77,0.4185,184.06,6,4.4
ORD04872,2022-03-15,CUST0548,West,Gujarat,Corporate,Office Supplies,Stapler,Online,UPI,7,1493.81,0.1,10456.67,1045.67,9411.0,7695.96,1715.05,0.1822,170.48,3,5.0
ORD04873,2023-07-27,CUST0526,North,Uttar Pradesh,Corporate,Home Appliances,Microwave,Store,Debit Card,2,1104.31,0.0,2208.62,0.0,2208.62,1787.32,421.3,0.1908,249.22,10,4.4
ORD04874,2024-07-27,CUST0471,North,Punjab,Corporate,Home Appliances,Air Cooler,Online,Credit Card,9,704.23,0.25,6338.07,1584.52,4753.55,3501.7,1251.85,0.2634,253.66,10,3.8
ORD04875,2025-07-23,CUST0987,East,West Bengal,Small Business,Furniture,Desk,Online,UPI,5,950.26,0.15,4751.3,712.7,4038.6,3042.31,996.3,0.2467,56.87,10,5.0
ORD04876,2024-12-07,CUST0527,South,Andhra Pradesh,Corporate,Electronics,Monitor,Online,Net Banking,5,1271.64,0.0,6358.2,0.0,6358.2,3738.19,2620.01,0.4121,186.93,1,3.9
ORD04877,2022-07-30,CUST0757,South,Karnataka,Corporate,Office Supplies,Notebook,Store,UPI,4,1265.82,0.25,5063.28,1265.82,3797.46,2698.91,1098.55,0.2893,295.49,2,5.0
ORD04878,2024-05-04,CUST0291,West,Gujarat,Consumer,Clothing,Jeans,Online,Debit Card,8,497.18,0.05,3977.44,198.87,3778.57,2235.75,1542.82,0.4083,187.9,1,3.7
ORD04879,2023-10-13,CUST0632,South,Andhra Pradesh,Small Business,Electronics,Tablet,Online,Credit Card,4,744.57,0.25,2978.28,744.57,2233.71,1456.75,776.96,0.3478,212.69,3,4.6
ORD04880,2024-09-20,CUST0534,South,Karnataka,Consumer,Electronics,Tablet,Online,Net Banking,2,962.51,0.0,1925.02,0.0,1925.02,1238.26,686.76,0.3568,261.18,1,4.0
ORD04881,2023-11-26,CUST0687,West,Goa,Small Business,Office Supplies,File Folder,Online,Cash,5,121.77,0.0,608.85,0.0,608.85,435.8,173.05,0.2842,262.65,10,3.4
ORD04882,2023-06-24,CUST0292,West,Rajasthan,Consumer,Furniture,Bookshelf,Online,Debit Card,3,1419.51,0.15,4258.53,638.78,3619.75,2068.75,1551.0,0.4285,24.81,5,3.5
ORD04883,2025-04-29,CUST0783,South,Andhra Pradesh,Consumer,Furniture,Sofa,Partner,UPI,4,657.62,0.0,2630.48,0.0,2630.48,1520.25,1110.23,0.4221,87.04,10,2.6
ORD04884,2025-08-31,CUST0633,West,Rajasthan,Small Business,Furniture,Sofa,Online,Debit Card,3,565.73,0.0,1697.19,0.0,1697.19,1212.95,484.24,0.2853,261.61,6,4.0
ORD04885,2024-06-19,CUST0096,Central,Chhattisgarh,Consumer,Clothing,Shoes,Online,UPI,7,1362.04,0.15,9534.28,1430.14,8104.14,5849.18,2254.96,0.2782,206.79,1,
ORD04886,2024-02-19,CUST0978,South,Karnataka,Small Business,Clothing,Jacket,Partner,Net Banking,6,190.66,0.0,1143.96,0.0,1143.96,734.16,409.8,0.3582,196.88,1,2.7
ORD04887,2025-02-10,CUST0698,North,Punjab,Consumer,Office Supplies,File Folder,Store,Credit Card,2,73.3,0.2,146.6,29.32,117.28,69.15,48.13,0.4103,260.78,4,2.1
ORD04888,2022-06-19,CUST0493,North,Haryana,Small Business,Furniture,Sofa,Online,UPI,8,1032.23,0.1,8257.84,825.78,7432.06,5865.69,1566.37,0.2108,245.83,4,3.5
ORD04889,2024-11-03,CUST0415,East,West Bengal,Corporate,Office Supplies,Pens,Online,Credit Card,5,586.73,0.2,2933.65,586.73,2346.92,1324.36,1022.56,0.4357,230.38,8,4.1
ORD04890,2022-10-15,CUST0681,South,Andhra Pradesh,Corporate,Furniture,Bookshelf,Partner,Debit Card,6,1150.25,0.1,6901.5,690.15,6211.35,4619.33,1592.02,0.2563,33.26,10,3.4
ORD04891,2022-07-08,CUST0868,Central,Madhya Pradesh,Consumer,Electronics,Smartphone,Online,UPI,8,116.79,0.1,934.32,93.43,840.89,494.28,346.6,0.4122,238.86,7,4.1
ORD04892,2024-07-02,CUST0857,West,Gujarat,Consumer,Home Appliances,Air Cooler,Store,Credit Card,7,584.88,0.05,4094.16,204.71,3889.45,2808.54,1080.91,0.2779,76.17,7,3.6
ORD04893,2025-03-24,CUST0749,West,Rajasthan,Small Business,Home Appliances,Coffee Maker,Online,UPI,3,364.46,0.15,1093.38,164.01,929.37,677.69,251.69,0.2708,27.28,9,3.2
ORD04894,2023-11-25,CUST0842,Central,Madhya Pradesh,Consumer,Furniture,Office Chair,Online,Debit Card,2,1113.32,0.05,2226.64,111.33,2115.31,1622.76,492.55,0.2328,157.73,8,4.4
ORD04895,2024-06-06,CUST0744,Central,Madhya Pradesh,Consumer,Office Supplies,Pens,Store,UPI,3,352.35,0.05,1057.05,52.85,1004.2,659.41,344.78,0.3433,283.86,3,4.2
ORD04896,2023-04-16,CUST0462,South,Andhra Pradesh,Corporate,Clothing,Jeans,Online,Credit Card,8,695.05,0.0,5560.4,0.0,5560.4,3090.94,2469.46,0.4441,268.21,4,3.8
ORD04897,2025-01-03,CUST0496,North,Uttar Pradesh,Consumer,Furniture,Office Chair,Online,UPI,4,1231.03,0.0,4924.12,0.0,4924.12,3786.57,1137.55,0.231,294.98,8,2.9
ORD04898,2022-10-04,CUST0026,West,Goa,Consumer,Furniture,Bookshelf,Store,UPI,8,1374.35,0.05,10994.8,549.74,10445.06,6997.13,3447.93,0.3301,89.03,5,3.7
ORD04899,2024-07-28,CUST0766,South,Karnataka,Consumer,Clothing,Jeans,Online,Cash,4,1088.07,0.15,4352.28,652.84,3699.44,2880.81,818.63,0.2213,214.71,5,3.5
ORD04900,2025-09-28,CUST0979,East,West Bengal,Consumer,Furniture,Sofa,Online,Cash,7,652.4,0.05,4566.8,228.34,4338.46,3295.13,1043.33,0.2405,35.64,8,3.7
ORD04901,2025-12-19,CUST0030,West,Rajasthan,Small Business,Electronics,Smartphone,Store,Debit Card,6,864.4,0.05,5186.4,259.32,4927.08,3372.8,1554.28,0.3155,244.97,8,3.5
ORD04902,2023-07-25,CUST0378,Central,Chhattisgarh,Consumer,Clothing,Jacket,Store,Credit Card,10,1039.19,0.2,10391.9,2078.38,8313.52,6815.74,1497.78,0.1802,166.65,6,3.8
ORD04903,2024-05-06,CUST0359,South,Telangana,Small Business,Electronics,Headphones,Online,UPI,1,1314.27,0.1,1314.27,131.43,1182.84,798.14,384.71,0.3252,298.96,9,3.8
ORD04904,2024-09-27,CUST0396,West,Gujarat,Consumer,Home Appliances,Coffee Maker,Store,UPI,8,1334.53,0.2,10676.24,2135.25,8540.99,6303.73,2237.26,0.2619,87.2,4,4.5
ORD04905,2025-04-20,CUST0799,South,Tamil Nadu,Consumer,Clothing,Jeans,Online,Credit Card,6,1397.49,0.2,8384.94,1676.99,6707.95,4902.49,1805.47,0.2692,239.7,10,3.6
ORD04906,2023-04-03,CUST0109,West,Goa,Corporate,Clothing,T-Shirt,Store,Credit Card,2,1218.91,0.0,2437.82,0.0,2437.82,1681.8,756.02,0.3101,67.87,1,4.0
ORD04907,2024-07-06,CUST0879,North,Haryana,Consumer,Office Supplies,Stapler,Store,UPI,5,232.99,0.25,1164.95,291.24,873.71,618.63,255.09,0.292,100.41,10,3.4
ORD04908,2024-04-12,CUST0879,Central,Madhya Pradesh,Corporate,Office Supplies,Stapler,Partner,Cash,2,1125.24,0.0,2250.48,0.0,2250.48,1723.02,527.46,0.2344,102.76,2,3.6
ORD04909,2024-12-23,CUST0850,North,Punjab,Small Business,Clothing,Backpack,Store,Cash,10,1224.67,0.2,12246.7,2449.34,9797.36,6900.63,2896.73,0.2957,181.8,1,3.6
ORD04910,2024-04-18,CUST0258,West,Gujarat,Consumer,Home Appliances,Blender,Online,Credit Card,7,1318.64,0.1,9230.48,923.05,8307.43,5578.77,2728.66,0.3285,122.23,4,4.5
ORD04911,2025-07-07,CUST0334,North,Haryana,Corporate,Furniture,Office Chair,Online,Debit Card,10,1388.35,0.1,13883.5,1388.35,12495.15,9105.99,3389.16,0.2712,142.84,9,3.8
ORD04912,2022-07-12,CUST0404,South,Andhra Pradesh,Consumer,Office Supplies,File Folder,Online,Credit Card,6,771.1,0.15,4626.6,693.99,3932.61,2200.64,1731.97,0.4404,166.11,6,3.9
ORD04913,2023-09-08,CUST0442,East,Odisha,Consumer,Home Appliances,Blender,Online,UPI,7,987.81,0.2,6914.67,1382.93,5531.74,3205.54,2326.19,0.4205,35.74,6,3.7
ORD04914,2023-02-10,CUST0231,South,Karnataka,Consumer,Home Appliances,Microwave,Online,Net Banking,6,29.19,0.1,175.14,17.51,157.63,92.03,65.59,0.4161,206.3,6,3.9
ORD04915,2024-07-31,CUST0148,North,Haryana,Small Business,Office Supplies,Notebook,Partner,Net Banking,10,865.58,0.1,8655.8,865.58,7790.22,5180.16,2610.06,0.335,201.79,1,3.9
ORD04916,2023-12-22,CUST0546,South,Andhra Pradesh,Consumer,Furniture,Bookshelf,Partner,UPI,1,717.7,0.0,717.7,0.0,717.7,563.67,154.03,0.2146,290.14,1,3.7
ORD04917,2022-04-03,CUST0572,West,Gujarat,Small Business,Office Supplies,Notebook,Online,Credit Card,3,1444.02,0.15,4332.06,649.81,3682.25,2664.81,1017.44,0.2763,57.35,3,2.8
ORD04918,2023-03-06,CUST0802,West,Rajasthan,Consumer,Home Appliances,Blender,Store,Debit Card,10,1354.04,0.0,13540.4,0.0,13540.4,11003.02,2537.38,0.1874,28.67,5,3.6
ORD04919,2023-10-16,CUST0165,North,Delhi,Consumer,Electronics,Tablet,Store,Cash,2,1199.44,0.15,2398.88,359.83,2039.05,1143.47,895.58,0.4392,57.3,2,4.1
ORD04920,2025-12-28,CUST0195,West,Gujarat,Consumer,Office Supplies,File Folder,Online,Credit Card,1,99.64,0.1,99.64,9.96,89.68,66.8,22.87,0.2551,138.29,1,4.4
ORD04921,2025-11-28,CUST0483,North,Uttar Pradesh,Small Business,Home Appliances,Vacuum Cleaner,Online,Debit Card,1,612.01,0.05,612.01,30.6,581.41,369.1,212.31,0.3652,79.9,9,3.1
ORD04922,2023-03-10,CUST0127,East,Jharkhand,Corporate,Office Supplies,Printer Paper,Online,UPI,4,1048.62,0.1,4194.48,419.45,3775.03,2100.0,1675.03,0.4437,80.57,1,3.2
ORD04923,2025-02-09,CUST0225,South,Telangana,Consumer,Home Appliances,Microwave,Online,UPI,1,59.05,0.15,59.05,8.86,50.19,38.8,11.39,0.227,263.43,4,3.6
ORD04924,2023-01-10,CUST0787,East,Jharkhand,Small Business,Furniture,Bookshelf,Store,Cash,2,365.18,0.2,730.36,146.07,584.29,347.02,237.26,0.4061,110.67,9,3.7
ORD04925,2024-12-18,CUST0223,South,Tamil Nadu,Consumer,Home Appliances,Air Cooler,Partner,Debit Card,1,1332.95,0.05,1332.95,66.65,1266.3,769.66,496.64,0.3922,136.7,10,2.6
ORD04926,2024-12-02,CUST0564,Central,Chhattisgarh,Small Business,Clothing,Jeans,Online,UPI,6,207.72,0.2,1246.32,249.26,997.06,640.04,357.02,0.3581,211.56,2,4.0
ORD04927,2022-07-26,CUST0556,South,Telangana,Small Business,Electronics,Monitor,Store,UPI,4,91.29,0.25,365.16,91.29,273.87,208.92,64.95,0.2371,115.18,10,4.6
ORD04928,2024-02-19,CUST0598,South,Telangana,Corporate,Home Appliances,Coffee Maker,Online,Cash,8,877.17,0.15,7017.36,1052.6,5964.76,4286.51,1678.25,0.2814,175.22,3,3.5
ORD04929,2025-08-12,CUST0155,South,Tamil Nadu,Small Business,Office Supplies,Pens,Partner,Net Banking,5,1420.5,0.2,7102.5,1420.5,5682.0,3531.43,2150.57,0.3785,166.41,4,3.9
ORD04930,2025-02-15,CUST0038,Central,Chhattisgarh,Consumer,Office Supplies,Stapler,Partner,Net Banking,10,1254.42,0.15,12544.2,1881.63,10662.57,6349.48,4313.09,0.4045,93.23,2,4.2
ORD04931,2023-06-16,CUST0604,West,Goa,Corporate,Home Appliances,Blender,Online,Credit Card,5,1462.54,0.0,7312.7,0.0,7312.7,4238.28,3074.42,0.4204,220.79,2,3.9
ORD04932,2025-05-30,CUST0661,West,Gujarat,Corporate,Clothing,Jacket,Partner,Net Banking,8,1133.98,,9071.84,907.18,8164.66,4820.83,3343.83,0.4095,253.55,6,3.6
ORD04933,2022-06-15,CUST0980,Central,Chhattisgarh,Consumer,Home Appliances,Microwave,Online,Debit Card,10,664.49,0.15,6644.9,996.73,5648.16,4430.42,1217.75,0.2156,239.37,10,3.6
ORD04934,2023-10-05,CUST0422,Central,Madhya Pradesh,Corporate,Furniture,Desk,Online,Credit Card,6,1420.73,0.2,8524.38,1704.88,6819.5,5449.63,1369.87,0.2009,130.68,5,3.9
ORD04935,2025-03-25,CUST0013,West,Goa,Consumer,Clothing,Jacket,Store,Credit Card,6,648.55,0.1,3891.3,389.13,3502.17,2841.48,660.69,0.1887,281.23,5,4.4
ORD04936,2025-04-22,CUST0349,North,Punjab,Consumer,Home Appliances,Vacuum Cleaner,Online,UPI,3,534.89,0.15,1604.67,240.7,1363.97,1057.59,306.38,0.2246,271.71,9,4.0
ORD04937,2022-03-31,CUST0405,West,Goa,Consumer,Electronics,Smartphone,Online,Debit Card,6,680.57,0.15,4083.42,612.51,3470.91,2740.61,730.29,0.2104,94.71,7,4.5
ORD04938,2025-01-22,CUST0810,South,Tamil Nadu,Consumer,Clothing,Backpack,Store,Net Banking,10,1223.75,0.05,12237.5,611.88,11625.62,8955.78,2669.85,0.2297,54.7,9,3.9
ORD04939,2022-01-13,CUST0225,West,Goa,Consumer,Home Appliances,Microwave,Online,UPI,7,1377.77,,9644.39,0.0,9644.39,7799.18,1845.21,0.1913,270.27,1,3.9
ORD04940,2024-08-30,CUST0864,West,Goa,Small Business,Electronics,Smartphone,Online,Credit Card,2,546.16,0.15,1092.32,163.85,928.47,722.65,205.82,0.2217,228.56,2,4.7
ORD04941,2024-03-15,CUST0304,West,Rajasthan,Consumer,Home Appliances,Microwave,Online,UPI,3,701.44,0.05,2104.32,105.22,1999.1,1348.88,650.23,0.3253,107.08,5,3.4
ORD04942,2024-08-02,CUST0046,East,Bihar,Corporate,Furniture,Office Chair,Online,Credit Card,6,1349.02,0.05,8094.12,404.71,7689.41,4900.3,2789.11,0.3627,105.37,10,4.4
ORD04943,2024-01-12,CUST0220,West,Maharashtra,Consumer,Office Supplies,Printer Paper,Online,Debit Card,10,84.86,0.1,848.6,84.86,763.74,540.53,223.21,0.2923,110.21,7,4.1
ORD04944,2024-05-25,CUST0626,Central,Chhattisgarh,Consumer,Home Appliances,Vacuum Cleaner,Online,UPI,9,1179.05,0.15,10611.45,1591.72,9019.73,6441.98,2577.75,0.2858,261.17,8,3.6
ORD04945,2025-03-19,CUST0078,North,Uttar Pradesh,Consumer,Clothing,Backpack,Store,Net Banking,9,689.51,0.1,6205.59,620.56,5585.03,3938.71,1646.32,0.2948,87.26,7,3.3
ORD04946,2023-10-22,CUST0825,South,Andhra Pradesh,Consumer,Home Appliances,Microwave,Partner,UPI,8,574.13,0.2,4593.04,918.61,3674.43,2722.08,952.35,0.2592,202.3,9,4.0
ORD04947,2024-10-28,CUST0820,West,Rajasthan,Corporate,Home Appliances,Microwave,Online,Net Banking,8,678.68,0.05,5429.44,271.47,5157.97,3810.31,1347.65,0.2613,253.64,3,4.1
ORD04948,2024-11-18,CUST0278,Central,Madhya Pradesh,Corporate,Home Appliances,Vacuum Cleaner,Online,Net Banking,9,636.76,0.05,5730.84,286.54,5444.3,3122.54,2321.76,0.4265,128.46,5,4.8
ORD04949,2022-10-23,CUST0997,North,Punjab,Consumer,Home Appliances,Blender,Store,Debit Card,9,1138.58,0.1,10247.22,1024.72,9222.5,5783.35,3439.15,0.3729,37.22,6,4.1
ORD04950,2024-09-12,CUST0994,North,Uttar Pradesh,Consumer,Clothing,Backpack,Partner,UPI,10,1393.0,0.15,13930.0,2089.5,11840.5,9357.1,2483.4,0.2097,232.48,10,3.0
ORD04951,2024-07-14,CUST0529,North,Delhi,Small Business,Clothing,T-Shirt,Online,UPI,9,744.81,0.1,6703.29,670.33,6032.96,4279.24,1753.72,0.2907,25.56,7,4.1
ORD04952,2023-10-02,CUST0097,North,Uttar Pradesh,Consumer,Home Appliances,Microwave,Partner,Credit Card,5,1251.61,0.0,6258.05,0.0,6258.05,3997.03,2261.02,0.3613,252.65,7,4.7
ORD04953,2022-12-06,CUST0481,Central,Madhya Pradesh,Consumer,Office Supplies,Printer Paper,Online,Net Banking,6,1101.94,0.15,6611.64,991.75,5619.89,4381.4,1238.49,0.2204,121.04,4,4.0
ORD04954,2023-09-20,CUST0102,West,Goa,Corporate,Home Appliances,Vacuum Cleaner,Partner,Net Banking,5,506.06,0.15,2530.3,379.54,2150.76,1327.54,823.22,0.3828,244.37,1,4.2
ORD04955,2023-03-15,CUST0794,West,Goa,Consumer,Clothing,Shoes,Online,Credit Card,1,887.16,0.05,887.16,44.36,842.8,556.66,286.14,0.3395,172.7,8,2.8
ORD04956,2025-03-13,CUST0679,East,West Bengal,Small Business,Furniture,Bookshelf,Partner,Cash,4,1005.22,0.0,4020.88,0.0,4020.88,2511.4,1509.48,0.3754,120.58,10,4.6
ORD04957,2024-07-30,CUST0071,West,Gujarat,Corporate,Home Appliances,Microwave,Online,Credit Card,1,49.9,0.1,49.9,4.99,44.91,35.27,9.64,0.2147,271.81,1,3.5
ORD04958,2024-04-09,CUST0959,North,Delhi,Consumer,Home Appliances,Microwave,Partner,Cash,1,602.99,0.0,602.99,0.0,602.99,450.22,152.77,0.2534,234.77,1,3.2
ORD04959,2023-06-03,CUST0729,South,Andhra Pradesh,Consumer,Home Appliances,Coffee Maker,Online,Debit Card,3,1489.07,0.1,4467.21,446.72,4020.49,2710.86,1309.63,0.3257,42.6,9,3.6
ORD04960,2024-09-02,CUST0752,East,Jharkhand,Corporate,Home Appliances,Vacuum Cleaner,Online,Net Banking,7,961.33,0.0,6729.31,0.0,6729.31,5395.03,1334.28,0.1983,280.57,10,4.0
ORD04961,2024-12-04,CUST0691,North,Delhi,Consumer,Electronics,Headphones,Store,UPI,1,511.35,0.05,511.35,25.57,485.78,388.83,96.96,0.1996,150.76,10,3.5
ORD04962,2024-08-12,CUST0158,South,Telangana,Small Business,Home Appliances,Coffee Maker,Store,UPI,7,386.29,0.05,2704.03,135.2,2568.83,1906.36,662.47,0.2579,61.71,3,4.4
ORD04963,2025-06-16,CUST0553,South,Tamil Nadu,Corporate,Clothing,Shoes,Store,Credit Card,10,326.08,0.0,3260.8,0.0,3260.8,2578.77,682.03,0.2092,235.94,9,3.2
ORD04964,2024-08-09,CUST0929,North,Haryana,Consumer,Clothing,Backpack,Online,Debit Card,10,611.44,0.0,6114.4,0.0,6114.4,4550.56,1563.84,0.2558,164.93,10,4.0
ORD04965,2024-08-01,CUST0050,North,Haryana,Corporate,Electronics,Monitor,Store,Credit Card,1,302.0,0.15,302.0,45.3,256.7,184.73,71.97,0.2804,208.37,10,3.4
ORD04966,2022-06-04,CUST0959,West,Rajasthan,Consumer,Home Appliances,Microwave,Partner,Net Banking,9,215.75,0.0,1941.75,0.0,1941.75,1288.57,653.18,0.3364,214.33,1,3.8
ORD04967,2025-04-19,CUST0935,North,Haryana,Consumer,Office Supplies,Stapler,Online,Debit Card,5,555.63,0.15,2778.15,416.72,2361.43,1473.15,888.28,0.3762,75.21,7,4.7
ORD04968,2025-05-23,CUST0796,Central,Chhattisgarh,Corporate,Home Appliances,Vacuum Cleaner,Store,UPI,6,916.39,0.15,5498.34,824.75,4673.59,2646.51,2027.08,0.4337,291.84,5,4.1
ORD04969,2022-03-29,CUST0402,North,Delhi,Corporate,Clothing,Shoes,Partner,Net Banking,9,232.4,0.0,2091.6,0.0,2091.6,1602.66,488.94,0.2338,49.55,4,4.0
ORD04970,2025-07-03,CUST0586,West,Maharashtra,Corporate,Furniture,Bookshelf,Store,Cash,3,80.85,0.0,242.55,0.0,242.55,141.4,101.15,0.417,189.62,5,3.4
ORD04971,2025-01-01,CUST0699,Central,Chhattisgarh,Consumer,Furniture,Cabinet,Store,Credit Card,3,66.43,0.1,199.29,19.93,179.36,118.52,60.84,0.3392,60.97,1,3.8
ORD04972,2024-07-19,CUST0756,Central,Madhya Pradesh,Corporate,Office Supplies,Pens,Partner,Net Banking,5,412.07,0.05,2060.35,103.02,1957.33,1200.53,756.8,0.3866,265.64,10,3.6
ORD04973,2022-06-28,CUST0896,Central,Chhattisgarh,Consumer,Home Appliances,Coffee Maker,Store,Credit Card,7,297.35,0.1,2081.45,208.15,1873.31,1260.26,613.04,0.3273,68.51,7,2.7
ORD04974,2022-07-31,CUST0066,South,Karnataka,Corporate,Electronics,Laptop,Store,UPI,3,815.79,0.15,2447.37,367.11,2080.26,1321.06,759.2,0.365,143.49,2,4.2
ORD04975,2025-06-11,CUST0235,South,Tamil Nadu,Corporate,Home Appliances,Coffee Maker,Partner,UPI,4,691.74,0.0,2766.96,0.0,2766.96,2141.68,625.28,0.226,44.32,9,3.2
ORD04976,2023-04-10,CUST0626,South,Karnataka,Corporate,Office Supplies,Printer Paper,Partner,Credit Card,2,497.28,0.1,994.56,99.46,895.1,728.71,166.39,0.1859,145.45,5,3.8
ORD04977,2025-05-31,CUST0939,North,Uttar Pradesh,Small Business,Office Supplies,Notebook,Store,Credit Card,9,1252.81,0.2,11275.29,2255.06,9020.23,7254.25,1765.98,0.1958,21.14,5,4.1
ORD04978,2023-09-23,CUST0718,North,Uttar Pradesh,Small Business,Office Supplies,Pens,Online,UPI,10,764.85,0.0,7648.5,0.0,7648.5,5491.93,2156.57,0.282,144.17,3,3.5
ORD04979,2024-04-04,CUST0269,Central,Madhya Pradesh,Small Business,Furniture,Bookshelf,Online,Debit Card,9,150.92,0.0,1358.28,0.0,1358.28,1106.19,252.09,0.1856,212.61,10,3.3
ORD04980,2025-07-11,CUST0257,East,Odisha,Small Business,Home Appliances,Blender,Store,Cash,2,454.21,0.1,908.42,90.84,817.58,538.13,279.45,0.3418,71.19,2,4.3
ORD04981,2025-05-15,CUST0416,West,Gujarat,Corporate,Home Appliances,Vacuum Cleaner,Store,Debit Card,5,1460.41,0.25,7302.05,1825.51,5476.54,3784.68,1691.86,0.3089,174.84,8,3.0
ORD04982,2023-08-30,CUST0089,Central,Madhya Pradesh,Small Business,Electronics,Laptop,Online,Cash,1,1465.81,0.05,1465.81,73.29,1392.52,862.46,530.06,0.3807,152.83,9,3.4
ORD04983,2024-06-03,CUST0522,West,Maharashtra,Small Business,Office Supplies,Notebook,Online,UPI,8,393.19,0.05,3145.52,157.28,2988.24,2368.05,620.19,0.2075,113.79,3,4.0
ORD04984,2023-01-01,CUST0911,West,Gujarat,Corporate,Office Supplies,File Folder,Online,Cash,6,263.35,0.0,1580.1,0.0,1580.1,945.72,634.38,0.4015,207.82,8,3.9
ORD04985,2022-10-03,CUST0499,West,Gujarat,Consumer,Clothing,Shoes,Store,UPI,10,751.1,0.05,7511.0,375.55,7135.45,5100.65,2034.8,0.2852,298.64,6,3.8
ORD04986,2023-01-15,CUST0383,North,Punjab,Consumer,Clothing,Jacket,Partner,Net Banking,10,729.98,0.0,7299.8,0.0,7299.8,5590.57,1709.23,0.2341,282.58,9,4.8
ORD04987,2025-08-25,CUST0477,South,Karnataka,Small Business,Furniture,Desk,Partner,Credit Card,2,624.05,0.05,1248.1,62.4,1185.7,842.74,342.95,0.2892,291.63,10,4.3
ORD04988,2025-07-15,CUST0401,Central,Madhya Pradesh,Consumer,Home Appliances,Microwave,Online,UPI,2,801.1,0.1,1602.2,160.22,1441.98,823.76,618.22,0.4287,25.66,4,4.4
ORD04989,2024-08-02,CUST0703,Central,Chhattisgarh,Small Business,Electronics,Laptop,Online,Credit Card,10,359.81,0.25,3598.1,899.52,2698.58,1929.73,768.85,0.2849,91.79,3,3.5
ORD04990,2024-12-23,CUST0234,Central,Madhya Pradesh,Consumer,Electronics,Laptop,Online,Debit Card,5,185.67,0.15,928.35,139.25,789.1,597.43,191.66,0.2429,278.37,7,4.9
ORD04991,2024-03-20,CUST0566,East,Odisha,Consumer,Office Supplies,Stapler,Online,UPI,7,862.14,0.15,6034.98,905.25,5129.73,3081.5,2048.23,0.3993,33.52,1,3.6
ORD04992,2025-10-05,CUST1000,Central,Madhya Pradesh,Corporate,Electronics,Headphones,Store,UPI,9,1399.91,0.05,12599.19,629.96,11969.23,8964.68,3004.55,0.251,122.15,3,4.1
ORD04993,2024-07-13,CUST0663,North,Delhi,Small Business,Office Supplies,Pens,Online,Credit Card,9,219.56,0.0,1976.04,0.0,1976.04,1555.57,420.47,0.2128,202.62,7,4.1
ORD04994,2023-05-09,CUST0839,North,Punjab,Consumer,Home Appliances,Blender,Online,UPI,6,1061.65,0.1,6369.9,636.99,5732.91,4680.03,1052.88,0.1837,295.24,7,3.6
ORD04995,2025-01-26,CUST0306,South,Karnataka,Small Business,Electronics,Headphones,Online,UPI,2,665.28,0.1,1330.56,133.06,1197.5,791.21,406.29,0.3393,97.22,9,3.2
ORD04996,2024-12-30,CUST0059,East,Bihar,Corporate,Office Supplies,File Folder,Online,Credit Card,6,451.56,0.1,2709.36,270.94,2438.42,1357.7,1080.72,0.4432,233.97,10,3.8
ORD04997,2022-12-30,CUST0932,South,Karnataka,Consumer,Home Appliances,Air Cooler,Online,UPI,1,1281.87,0.0,1281.87,0.0,1281.87,850.07,431.8,0.3368,204.9,9,3.6
ORD04998,2023-07-24,CUST0262,South,Andhra Pradesh,Consumer,Home Appliances,Microwave,Online,UPI,2,692.89,0.1,1385.78,138.58,1247.2,908.29,338.91,0.2717,191.77,7,3.2
ORD04999,2024-02-02,CUST0450,North,Haryana,Consumer,Office Supplies,Printer Paper,Online,Credit Card,3,881.22,0.0,2643.66,0.0,2643.66,2090.26,553.4,0.2093,228.02,3,3.5
ORD05000,2022-10-03,CUST0877,East,Jharkhand,Consumer,Office Supplies,Pens,Online,Net Banking,5,672.94,0.1,3364.7,336.47,3028.23,2432.54,595.69,0.1967,91.1,3,4.4
